paikka_id;Tunnus;Nimi;Suurekoodi;Suure;Vesistonumero;Tila;EnsimmainenHavainto;ViimeisinHavainto;Maakunta;N2000;N60;NN;N43;LN
1993;1404400;Lievestuoreenjärvi;W;Vedenkorkeus;14.391;Jatkuva;6.5.1999;19.01.2026;Keski-Suomi;8367.0;8339.0;;;
1996;1404510;Leppävesi, Leppälahti;W;Vedenkorkeus;14.311;Jatkuva;1.1.1919;18.01.2026;Keski-Suomi;8029.0;7999.0;7975.0;;
1997;1404520;Leppävesi, Kaunisharju;W;Vedenkorkeus;14.311;Jatkuva;1.1.1946;17.01.2026;Keski-Suomi;7959.0;7929.0;7905.0;;
1998;1404610;Päijänne, pohj.;W;Vedenkorkeus;14.231;Jatkuva;1.1.1910;18.01.2026;Keski-Suomi;7677.0;7646.0;7622.0;;
2000;1404720;Palokkajärvi;W;Vedenkorkeus;14.291;Jatkuva;1.1.1970;18.01.2026;Keski-Suomi;0.0;-29.0;-54.0;;
2001;1404800;Muuratjärvi;W;Vedenkorkeus;14.281;Jatkuva;1.1.1910;18.01.2026;Keski-Suomi;8963.0;8934.0;8910.0;;
2002;1404810;Saarijärvi;W;Vedenkorkeus;14.272;Jatkuva;1.7.1983;19.01.2026;Keski-Suomi;11718.0;11688.0;;;
2003;1404900;Ala-Kintaus;W;Vedenkorkeus;14.552;Jatkuva;1.1.1910;18.01.2026;Keski-Suomi;15369.0;15338.0;15313.0;;
2004;1405000;Petäjävesi;W;Vedenkorkeus;14.531;Jatkuva;1.1.1910;19.01.2026;Keski-Suomi;11054.0;11023.0;10999.0;;
2007;1405210;Jämsänkoski, ylä;W;Vedenkorkeus;14.512;Jatkuva;1.1.1923;11.01.2026;Keski-Suomi;52.0;23.0;0.0;;
2009;1405240;Patalankoski, ylä;W;Vedenkorkeus;14.512;Jatkuva;1.1.1971;28.12.2025;Keski-Suomi;52.0;;0.0;;
2010;1405250;Patalankoski, ala;W;Vedenkorkeus;14.511;Jatkuva;1.1.1971;21.12.2025;Keski-Suomi;52.0;;0.0;;
2011;1405300;Isojärvi;W;Vedenkorkeus;14.263;Jatkuva;25.9.1909;18.01.2026;Pirkanmaa;11829.0;11801.0;11781.0;;
2012;1405310;Pälämä;W;Vedenkorkeus;14.264;Jatkuva;2.6.1983;19.01.2026;Keski-Suomi;8864.0;8836.0;;;
2014;1405430;Alajärvi;W;Vedenkorkeus;14.251;Jatkuva;1.1.1984;13.01.2026;Päijät-Häme;37.0;10.0;;0.0;
2015;1405440;Miestämä;W;Vedenkorkeus;14.252;Jatkuva;20.1.1946;13.01.2026;Päijät-Häme;37.0;10.0;;0.0;
2016;1405510;Suontee, Viherinkoski;W;Vedenkorkeus;14.841;Jatkuva;1.1.1910;18.01.2026;Keski-Suomi;9332.0;9305.0;9287.0;;
2018;1405700;Jääsjärvi, etelä;W;Vedenkorkeus;14.821;Jatkuva;1.1.1910;04.01.2026;Päijät-Häme;9140.0;9113.0;9096.0;;
2024;1406100;Vesijärvi;W;Vedenkorkeus;14.241;Jatkuva;1.1.1909;19.01.2026;Päijät-Häme;39.0;14.0;0.0;6.0;
2030;1406510;Päijänne, Kalkkinen;W;Vedenkorkeus;14.211;Jatkuva;1.1.1941;18.01.2026;Päijät-Häme;42.0;16.0;0.0;;
2031;1406520;Kalkkistenkoski;W;Vedenkorkeus;14.141;Jatkuva;14.8.1940;18.01.2026;Päijät-Häme;42.0;16.0;0.0;;
2033;1406610;Kalkkinen, ala;W;Vedenkorkeus;14.141;Jatkuva;12.7.1940;18.01.2026;Päijät-Häme;42.0;16.0;0.0;;
2034;1406710;Ruotsalainen, Heinola;W;Vedenkorkeus;14.141;Jatkuva;27.8.1900;18.01.2026;Päijät-Häme;7528.0;7503.0;7488.0;;
2035;1406800;Ala-Rieveli;W;Vedenkorkeus;14.171;Jatkuva;1.1.1910;18.01.2026;Päijät-Häme;7694.0;7669.0;7654.0;;
2036;1406900;Konnivesi;W;Vedenkorkeus;14.131;Jatkuva;26.8.1908;17.01.2026;Päijät-Häme;38.0;14.0;0.0;;
2037;1406910;Kettujärvi;W;Vedenkorkeus;14.122;Jatkuva;1.3.1987;17.01.2026;Päijät-Häme;37.0;;0.0;;
2039;1406930;Konnivesi, Vuolenkoski, ylä;W;Vedenkorkeus;14.131;Jatkuva;1.1.1971;17.01.2026;Päijät-Häme;37.0;;0.0;;
2040;1406940;Vuolenkoski, ala;W;Vedenkorkeus;14.131;Jatkuva;1.1.1971;17.01.2026;Päijät-Häme;37.0;;0.0;;
2041;1407000;Mankala;W;Vedenkorkeus;14.122;Jatkuva;1.1.1901;17.01.2026;Päijät-Häme;37.0;13.0;0.0;;
2044;1407130;Mankalan voimalaitos, ylä;W;Vedenkorkeus;14.122;Jatkuva;1.1.1950;17.01.2026;Päijät-Häme;35.0;13.0;0.0;;
2045;1407140;Mankalan voimalaitos, ala;W;Vedenkorkeus;14.121;Jatkuva;1.1.1950;17.01.2026;Päijät-Häme;35.0;13.0;0.0;;
2048;1407310;Pyhäjärvi, Jaala;W;Vedenkorkeus;14.121;Jatkuva;15.9.1957;17.01.2026;Kymenlaakso;35.0;13.0;0.0;;
2049;1407400;Kyyvesi, Haukivuori;W;Vedenkorkeus;14.932;Jatkuva;4.6.1909;18.01.2026;Etelä-Savo;10000.0;9973.0;9957.0;;
2050;1407410;Iso-Naakkima;W;Vedenkorkeus;14.937;Jatkuva;5.9.1986;18.01.2026;Etelä-Savo;11062.0;11034.0;;;
2053;1407700;Synsiä;W;Vedenkorkeus;14.926;Jatkuva;1.1.1910;19.01.2026;Etelä-Savo;10974.0;10946.0;;;
2055;1407810;Puulavesi, Liekune;W;Vedenkorkeus;14.922;Jatkuva;1.1.1964;18.01.2026;Etelä-Savo;41.0;15.0;0.0;;
2057;1407830;Vahvajärvi;W;Vedenkorkeus;14.921;Jatkuva;27.9.1938;18.01.2026;Etelä-Savo;8775.0;8749.0;8733.0;;
2059;1408000;Lahnavesi, Tuustaipale, ala;W;Vedenkorkeus;14.913;Jatkuva;1.1.1910;18.01.2026;Etelä-Savo;7919.0;7894.0;7879.0;;
2061;1408100;Pyhävesi, Mäntyharju;W;Vedenkorkeus;14.972;Jatkuva;1.1.1910;19.01.2026;Etelä-Savo;8074.0;8049.0;8035.0;;
2062;1408200;Juolasvesi, Voikoski;W;Vedenkorkeus;14.913;Jatkuva;26.5.1909;19.01.2026;Kymenlaakso;7808.0;7785.0;7771.0;;
2064;1408320;Vuohijärvi, etelä;W;Vedenkorkeus;14.912;Jatkuva;1.1.1971;17.01.2026;Kymenlaakso;34.0;12.0;0.0;;
2065;1408330;Siikakoski, ala;W;Vedenkorkeus;14.911;Jatkuva;1.1.1990;17.01.2026;Kymenlaakso;35.0;;0.0;;
2066;1408340;Verla, ylä;W;Vedenkorkeus;14.911;Jatkuva;1.1.1990;17.01.2026;Kymenlaakso;35.0;;0.0;;
2067;1408400;Kamponen, Puolakka;W;Vedenkorkeus;14.911;Jatkuva;3.8.1909;17.01.2026;Kymenlaakso;35.0;12.0;0.0;;
2068;1408410;Suolajärvi;W;Vedenkorkeus;14.911;Jatkuva;23.4.1941;17.01.2026;Kymenlaakso;35.0;;0.0;;
2069;1408420;Sonnanjärvi;W;Vedenkorkeus;14.911;Jatkuva;23.4.1941;17.01.2026;Kymenlaakso;35.0;12.0;0.0;;
2072;1408610;Voikkaa, ylä;W;Vedenkorkeus;14.121;Jatkuva;23.9.1957;17.01.2026;Kymenlaakso;33.0;11.0;0.0;;
2074;1408800;Ylä-Kivijärvi;W;Vedenkorkeus;14.192;Jatkuva;18.8.1909;19.01.2026;Etelä-Karjala;7443.0;7422.0;7416.0;;
2075;1408900;Ala-Kivijärvi;W;Vedenkorkeus;14.191;Jatkuva;18.8.1909;18.01.2026;Etelä-Karjala;7374.0;7353.0;7346.0;;
2079;1409110;Haukkajärvi;W;Vedenkorkeus;14.182;Jatkuva;1.1.1961;18.01.2026;Kymenlaakso;6131.0;6110.0;6101.0;;
2080;1409120;Jyräänkoski;W;Vedenkorkeus;14.181;Jatkuva;1.2.1963;17.01.2026;Kymenlaakso;22.0;0.0;;;
2083;1409220;Lappakoski, ylä;W;Vedenkorkeus;14.115;Jatkuva;1.1.1918;17.01.2026;Kymenlaakso;33.0;11.0;0.0;;
2084;1409300;Kuusankoski, ylä;W;Vedenkorkeus;14.115;Jatkuva;1.1.1955;17.01.2026;Kymenlaakso;32.0;;0.0;;
2085;1409310;Kuusankoski, ylä;W;Vedenkorkeus;14.115;Jatkuva;1.1.1902;17.01.2026;Kymenlaakso;32.0;11.0;0.0;;
2087;1409410;Kuusankoski, ala;W;Vedenkorkeus;14.114;Jatkuva;1.1.1926;17.01.2026;Kymenlaakso;33.0;;0.0;;
2090;1409520;Keltti, ylä;W;Vedenkorkeus;14.113;Jatkuva;1.1.1958;17.01.2026;Kymenlaakso;32.0;10.0;0.0;;
2091;1409610;Keltti, ala;W;Vedenkorkeus;14.113;Jatkuva;1.1.1970;17.01.2026;Kymenlaakso;32.0;;0.0;;
2092;1409700;Myllykoski, ylä;W;Vedenkorkeus;14.113;Jatkuva;21.7.1900;17.01.2026;Kymenlaakso;30.0;;0.0;;
2093;1409800;Myllykoski, ala;W;Vedenkorkeus;14.112;Jatkuva;1.9.1909;17.01.2026;Kymenlaakso;30.0;;0.0;;
2094;1409900;Anjala, ylä;W;Vedenkorkeus;14.112;Jatkuva;1.1.1910;30.4.2025;Kymenlaakso;29.0;8.0;0.0;;
2095;1409910;Anjala, ylä;W;Vedenkorkeus;14.111;Jatkuva;25.11.1939;30.4.2025;Kymenlaakso;29.0;8.0;0.0;;
2096;1410000;Anjala, ala;W;Vedenkorkeus;14.111;Jatkuva;14.7.1900;30.4.2025;Kymenlaakso;29.0;8.0;0.0;;
2099;1410200;Ahvio, ylä;W;Vedenkorkeus;14.111;Jatkuva;1.1.1901;19.01.2026;Kymenlaakso;1857.0;1835.0;1828.0;;
2102;1410400;Pernoo, ylä;W;Vedenkorkeus;14.111;Jatkuva;15.7.1900;19.01.2026;Kymenlaakso;1706.0;1685.0;1678.0;;
2105;1410600;Parikka;W;Vedenkorkeus;14.111;Jatkuva;21.7.1900;17.01.2026;Kymenlaakso;27.0;6.0;0.0;;
2110;1410840;Hirvikoski;W;Vedenkorkeus;14.111;Jatkuva;12.5.1933;19.01.2026;Kymenlaakso;1540.0;1518.0;1511.0;;
2111;1410900;Tammijärvi;W;Vedenkorkeus;14.111;Jatkuva;1.1.1905;17.01.2026;Kymenlaakso;22.0;0.0;-6.0;;
2115;1411110;Klåsarö, ala;W;Vedenkorkeus;14.111;Jatkuva;1.1.1920;17.01.2026;Kymenlaakso;22.0;0.0;-6.0;;
2117;1411220;Kuuskoski;W;Vedenkorkeus;14.111;Jatkuva;1.1.1920;17.01.2026;Uusimaa;28.0;5.0;0.0;;
2118;1600110;Pyhäjärvi;W;Vedenkorkeus;16.003;Jatkuva;8.10.1953;18.01.2026;Uusimaa;3937.0;3914.0;3905.0;;
2122;1800500;Vakkola;W;Vedenkorkeus;18.021;Jatkuva;25.1.1963;18.01.2026;Uusimaa;1492.0;1469.0;;1464.0;
2123;1900100;Vekkoski;W;Vedenkorkeus;19.001;Jatkuva;1.1.1964;19.01.2026;Uusimaa;952.0;927.0;922.0;;
2125;1900400;Hirvihaaranjoki;W;Vedenkorkeus;19.004;Jatkuva;18.9.1986;18.01.2026;Uusimaa;7189.0;7165.0;;;
2126;2100110;Hirvijärvi;W;Vedenkorkeus;21.033;Jatkuva;15.11.1958;19.01.2026;Kanta-Häme;39.0;14.0;0.0;;
2127;2100120;Ylä-Suolijärvi;W;Vedenkorkeus;21.033;Jatkuva;1.1.1961;19.01.2026;Uusimaa;40.0;;0.0;;
2129;2100130;Kytäjärvi;W;Vedenkorkeus;21.032;Jatkuva;1.1.1960;19.01.2026;Uusimaa;39.0;;0.0;;
2132;2101220;Myllymäki;W;Vedenkorkeus;21.012;Jatkuva;1.1.1959;19.01.2026;Uusimaa;33.0;7.0;0.0;;
2133;2101310;Tuusulanjärvi;W;Vedenkorkeus;21.082;Jatkuva;1.1.1959;18.01.2026;Uusimaa;34.0;8.0;0.0;;
2135;2101520;Hanala;W;Vedenkorkeus;21.092;Jatkuva;1.1.1966;19.01.2026;Uusimaa;33.0;6.0;;0.0;
2138;2200310;Palojärvenkoski;W;Vedenkorkeus;22.004;Jatkuva;1.1.1964;19.01.2026;Uusimaa;4659.0;4634.0;;;
2140;2200620;Siuntionjoki;W;Vedenkorkeus;22.002;Jatkuva;15.8.1975;19.01.2026;Uusimaa;308.0;282.0;273.0;;
2141;2300100;Vanjoki;W;Vedenkorkeus;23.042;Jatkuva;22.8.1912;19.01.2026;Uusimaa;3195.0;3170.0;;3161.0;
2143;2300150;Punelia;W;Vedenkorkeus;23.053;Jatkuva;1.1.1971;18.01.2026;Kanta-Häme;36.0;10.0;;0.0;
2146;2300500;Hiidenvesi;W;Vedenkorkeus;23.031;Jatkuva;7.10.1910;19.01.2026;Uusimaa;38.0;13.0;0.0;;
2149;2300900;Lohjanjärvi, Lohja;W;Vedenkorkeus;23.021;Jatkuva;13.4.1900;18.01.2026;Uusimaa;36.0;11.0;0.0;;
2154;2500400;Kaukolankoski;W;Vedenkorkeus;25.002;Jatkuva;1.3.1970;19.01.2026;Varsinais-Suomi;1619.0;1591.0;;;
2156;2700110;Painionjärvi;W;Vedenkorkeus;27.042;Jatkuva;1.1.1965;18.01.2026;Varsinais-Suomi;12.0;-15.0;;-26.0;
2322;4700300;Lappajärvi, Niska;W;Vedenkorkeus;47.023;Jatkuva;22.4.1905;19.01.2026;Etelä-Pohjanmaa;6729.0;6689.0;;;
2324;4700320;Lappajärvi, Halkosaari;W;Vedenkorkeus;47.031;Jatkuva;1.1.1963;19.01.2026;Etelä-Pohjanmaa;53.0;14.0;;0.0;
2326;4700420;Evijärvi, Joensuu;W;Vedenkorkeus;47.021;Jatkuva;1.1.1969;19.01.2026;Etelä-Pohjanmaa;41.0;0.0;;-14.0;
2327;4700430;Evijärvi, Kaarenhaara, Alavesi;W;Vedenkorkeus;47.015;Jatkuva;1.1.1964;19.01.2026;Etelä-Pohjanmaa;6017.0;5976.0;;;
2328;4800100;Kruunupyy;W;Vedenkorkeus;48.001;Jatkuva;1.1.1990;19.01.2026;Pohjanmaa;45.0;2.0;;;
2330;4900300;Tunkkari;W;Vedenkorkeus;49.024;Jatkuva;1.8.1978;18.01.2026;Keski-Pohjanmaa;6141.0;6101.0;;;
2332;4900410;Lahnakoski;W;Vedenkorkeus;49.021;Jatkuva;1.10.1985;18.01.2026;Keski-Pohjanmaa;43.0;15.0;;0.0;
2334;5000300;Hyyppä;W;Vedenkorkeus;50.002;Jatkuva;1.3.1966;18.01.2026;Keski-Pohjanmaa;684.0;642.0;;;
2336;5100200;Lestijärvi;W;Vedenkorkeus;51.032;Jatkuva;14.2.1919;18.01.2026;Keski-Pohjanmaa;14080.0;14041.0;;14028.0;
2338;5100500;Saarenpää;W;Vedenkorkeus;51.012;Jatkuva;1.8.1978;19.01.2026;Keski-Pohjanmaa;2460.0;2419.0;;;
2340;5300200;Haapajärvi;W;Vedenkorkeus;53.043;Jatkuva;1.1.1913;18.01.2026;Pohjois-Pohjanmaa;48.0;13.0;;0.0;
2342;5300220;Hautaperä;W;Vedenkorkeus;53.081;Jatkuva;1.1.1976;18.01.2026;Pohjois-Pohjanmaa;48.0;13.0;;0.0;
2343;5300400;Malisjoki;W;Vedenkorkeus;53.061;Jatkuva;1.9.1985;18.01.2026;Pohjois-Pohjanmaa;7613.0;7575.0;;;
2349;5300740;Niskakoski;W;Vedenkorkeus;53.021;Jatkuva;11.11.1970;19.01.2026;Pohjois-Pohjanmaa;2868.0;2826.0;;;
2352;5400100;Pyhäjärvi, Pyhäsalmi;W;Vedenkorkeus;54.051;Jatkuva;17.2.1919;18.01.2026;Pohjois-Pohjanmaa;13838.0;13805.0;13774.0;13793.0;
2355;5400200;Haapajärvi;W;Vedenkorkeus;54.031;Jatkuva;1.9.1931;18.01.2026;Pohjois-Pohjanmaa;40.0;0.0;;;
2360;5400410;Tolpankoski;W;Vedenkorkeus;54.011;Jatkuva;16.5.1983;18.01.2026;Pohjois-Pohjanmaa;42.0;0.0;;;
2361;5700130;Lamujoki;W;Vedenkorkeus;57.061;Jatkuva;28.10.1975;18.01.2026;Pohjois-Pohjanmaa;6529.0;6490.0;;6477.0;
2363;5700250;Uljua;W;Vedenkorkeus;57.023;Jatkuva;1.5.1970;18.01.2026;Pohjois-Pohjanmaa;52.0;;;0.0;
2365;5700410;Harjunniva;W;Vedenkorkeus;57.013;Jatkuva;1.5.1958;18.01.2026;Pohjois-Pohjanmaa;4469.0;4429.0;4394.0;;
2366;5700700;Länkelä;W;Vedenkorkeus;57.011;Jatkuva;23.10.1935;18.01.2026;Pohjois-Pohjanmaa;1705.0;1663.0;1626.0;;
2367;5900110;Hossanjärvi;W;Vedenkorkeus;59.522;Jatkuva;11.9.1962;19.01.2026;Kainuu;21362.0;21332.0;;;
2368;5900160;Piispajärvi-Vellijärvi;W;Vedenkorkeus;59.572;Jatkuva;6.2.1975;19.01.2026;Kainuu;24727.0;24697.0;;;
2369;5900180;Pesiöjärvi;W;Vedenkorkeus;59.541;Jatkuva;13.6.1979;19.01.2026;Kainuu;21293.0;21263.0;;;
2372;5900220;Kiantajärvi, Ämmänsaari;W;Vedenkorkeus;59.511;Jatkuva;1.1.1961;18.01.2026;Kainuu;62.0;32.0;0.0;;
2374;5900360;Palojärvi;W;Vedenkorkeus;59.632;Jatkuva;19.10.1976;19.01.2026;Kainuu;20428.0;20400.0;;;
2375;5900400;Vuokkijärvi, Sanki;W;Vedenkorkeus;59.621;Jatkuva;22.11.1938;18.01.2026;Kainuu;61.0;32.0;0.0;;
2377;5900510;Niemelänjärvi;W;Vedenkorkeus;59.721;Jatkuva;1.1.1976;18.01.2026;Kainuu;16223.0;16195.0;;;
2378;5900610;Hyrynjärvi;W;Vedenkorkeus;59.431;Jatkuva;1.1.1950;18.01.2026;Kainuu;42.0;13.0;;0.0;
2379;5900700;Iso-Pyhäntä;W;Vedenkorkeus;59.482;Jatkuva;1.1.1961;18.01.2026;Kainuu;64.0;34.0;0.0;;
2380;5900900;Ristijärvi;W;Vedenkorkeus;59.412;Jatkuva;1.4.1938;18.01.2026;Kainuu;43.0;13.0;;0.0;
2381;5900940;Uva;W;Vedenkorkeus;59.442;Jatkuva;1.1.1976;19.01.2026;Kainuu;15282.0;15253.0;;;
2383;5901110;Kivesjärvi;W;Vedenkorkeus;59.351;Jatkuva;1.2.1974;18.01.2026;Kainuu;13488.0;13457.0;;;
2384;5901320;Änättijärvi;W;Vedenkorkeus;59.931;Jatkuva;14.8.1911;19.01.2026;Kainuu;18198.0;18170.0;18140.0;;
2385;5901600;Kalliojärvi;W;Vedenkorkeus;59.952;Jatkuva;22.3.1974;18.01.2026;Kainuu;17582.0;17554.0;;;
2386;5901710;Lentua;W;Vedenkorkeus;59.921;Jatkuva;1.1.1911;18.01.2026;Kainuu;16762.0;16734.0;16704.0;;
2387;5901820;Saunajärvi;W;Vedenkorkeus;59.977;Jatkuva;1.4.1986;18.01.2026;Kainuu;19466.0;19440.0;;;
2389;5901900;Lammasjärvi;W;Vedenkorkeus;59.912;Jatkuva;1.1.1937;17.01.2026;Kainuu;53.0;26.0;0.0;;
2391;5902100;Kellojärvi;W;Vedenkorkeus;59.942;Jatkuva;14.6.1912;18.01.2026;Kainuu;16053.0;16026.0;;;
2394;5902210;Ontojärvi, Paloniemi;W;Vedenkorkeus;59.911;Jatkuva;1.1.1957;17.01.2026;Kainuu;58.0;30.0;0.0;;
2397;5902400;Kaitainsalmi;W;Vedenkorkeus;59.822;Jatkuva;1.1.1962;18.01.2026;Kainuu;59.0;30.0;0.0;;
2399;5902530;Jormasjärvi;W;Vedenkorkeus;59.882;Jatkuva;17.11.1976;19.01.2026;Kainuu;14416.0;14386.0;;;
2400;5902610;Nuasjärvi, Rehjanselkä;W;Vedenkorkeus;59.811;Jatkuva;25.11.1956;18.01.2026;Kainuu;63.0;33.0;0.0;;
2405;5903210;Oulujärvi, Melalahti;W;Vedenkorkeus;59.331;Jatkuva;1.1.1957;18.01.2026;Kainuu;65.0;34.0;0.0;;
2408;5903330;Oulujärvi, Vuottolahti;W;Vedenkorkeus;59.321;Jatkuva;1.1.1977;18.01.2026;Kainuu;65.0;33.0;0.0;;
2409;5903410;Oulujärvi, Vaala;W;Vedenkorkeus;59.311;Jatkuva;1.1.1950;18.01.2026;Pohjois-Pohjanmaa;72.0;38.0;0.0;;
2410;5903470;Otermajärvi;W;Vedenkorkeus;59.262;Jatkuva;18.3.1974;18.01.2026;Pohjois-Pohjanmaa;14046.0;14012.0;;;
2415;6000100;Porkkalan silta;W;Vedenkorkeus;60.022;Jatkuva;1.12.1961;18.01.2026;Pohjois-Pohjanmaa;7451.0;7414.0;;7401.0;
2416;6000110;Iso Puutiojärvi;W;Vedenkorkeus;60.052;Jatkuva;27.2.1974;18.01.2026;Kainuu;14936.0;14902.0;;;
2418;6000200;Nuorittajoki;W;Vedenkorkeus;60.061;Jatkuva;1.1.1963;18.01.2026;Pohjois-Pohjanmaa;8567.0;8530.0;;8517.0;
2420;6000410;Haukipudas;W;Vedenkorkeus;60.011;Jatkuva;1.1.1976;18.01.2026;Pohjois-Pohjanmaa;967.0;927.0;890.0;;
2423;6100200;Irnijärvi;W;Vedenkorkeus;61.321;Jatkuva;1.1.1967;17.01.2026;Pohjois-Pohjanmaa;43.0;13.0;;0.0;
2425;6100220;Tyräjärvi;W;Vedenkorkeus;61.381;Jatkuva;1.1.1961;18.01.2026;Pohjois-Pohjanmaa;22325.0;22294.0;;;
2426;6100230;Jokijärvi;W;Vedenkorkeus;61.312;Jatkuva;19.2.1960;17.01.2026;Pohjois-Pohjanmaa;44.0;13.0;;0.0;
2428;6100300;Kostonjärvi;W;Vedenkorkeus;61.622;Jatkuva;1.1.1965;17.01.2026;Pohjois-Pohjanmaa;65.0;33.0;0.0;;
2431;6100340;Kynsijärvi;W;Vedenkorkeus;61.631;Jatkuva;21.1.1965;17.01.2026;Lappi;;;0.0;;
2433;6100500;Väätäjänsuvanto;W;Vedenkorkeus;61.231;Jatkuva;28.9.1955;19.01.2026;Pohjois-Pohjanmaa;16157.0;16124.0;;16111.0;
2436;6100620;Suolijärvi;W;Vedenkorkeus;61.722;Jatkuva;1.1.1961;19.01.2026;Kainuu;14931.0;14898.0;;;
2438;6100640;Jaurakkajärvi;W;Vedenkorkeus;61.712;Jatkuva;1.3.1960;18.01.2026;Pohjois-Pohjanmaa;12386.0;12352.0;;;
2439;6100700;Jongunjärvi;W;Vedenkorkeus;61.214;Jatkuva;6.4.1984;19.01.2026;Pohjois-Pohjanmaa;35.0;0.0;;;
2442;6101100;Livojärvi;W;Vedenkorkeus;61.533;Jatkuva;1.1.1960;19.01.2026;Lappi;32.0;0.0;;;
2444;6101210;Livojoki, Hanhikoski;W;Vedenkorkeus;61.512;Jatkuva;27.9.1972;19.01.2026;Pohjois-Pohjanmaa;11581.0;11545.0;;;
2446;6101600;Siuruanjoki, Leuvankoski;W;Vedenkorkeus;61.412;Jatkuva;9.9.1959;18.01.2026;Pohjois-Pohjanmaa;4582.0;4544.0;;;
2450;6300100;Oijärvi;W;Vedenkorkeus;63.021;Jatkuva;1.1.1954;19.01.2026;Pohjois-Pohjanmaa;8981.0;8940.0;;;
2452;6300210;Ravaska;W;Vedenkorkeus;63.012;Jatkuva;1.1.1965;18.01.2026;Pohjois-Pohjanmaa;2654.0;2613.0;;;
2453;6400100;Simojärvi;W;Vedenkorkeus;64.051;Jatkuva;1.1.1962;18.01.2026;Lappi;17565.0;17530.0;;;
2455;6400310;Hosionkoski;W;Vedenkorkeus;64.022;Jatkuva;17.1.1962;19.01.2026;Lappi;10910.0;10872.0;;;
2457;6400410;Simo;W;Vedenkorkeus;64.012;Jatkuva;1.1.1965;18.01.2026;Lappi;1079.0;1039.0;;;
2458;6500210;Porttipahta, ylä;W;Vedenkorkeus;65.822;Jatkuva;1.1.1971;18.01.2026;Lappi;38.0;;;0.0;
2460;6500380;Sattasjoki;W;Vedenkorkeus;65.861;Jatkuva;11.10.1976;18.01.2026;Lappi;29.0;;;0.0;
2461;6500410;Kitinen, Kurittukoski, ylä;W;Vedenkorkeus;65.822;Jatkuva;1.10.1987;18.01.2026;Lappi;27.0;;;0.0;
2462;6500420;Kitinen, Vajukoski, ylä;W;Vedenkorkeus;65.822;Jatkuva;1.10.1984;18.01.2026;Lappi;28.0;;;0.0;
2463;6500480;Kitinen, Kurkiaska, ylä;W;Vedenkorkeus;65.814;Jatkuva;1.1.1993;18.01.2026;Lappi;31.0;;;0.0;
2466;6500520;Kitinen, Kokkosniva, ylä;W;Vedenkorkeus;65.813;Jatkuva;8.10.1990;18.01.2026;Lappi;32.0;14.0;;0.0;
2467;6500600;Vuotso;W;Vedenkorkeus;65.931;Jatkuva;1.10.1971;17.01.2026;Lappi;26.0;;;0.0;
2468;6500610;Lokka, ylä;W;Vedenkorkeus;65.931;Jatkuva;1.1.1968;18.01.2026;Lappi;42.0;;;0.0;
2469;6501400;Isojärvi;W;Vedenkorkeus;65.394;Jatkuva;16.3.1951;17.01.2026;Lappi;;;0.0;;
2471;6501530;Luksuan pato;W;Vedenkorkeus;65.393;Jatkuva;29.8.1973;17.01.2026;Lappi;67.0;;0.0;;
2473;6501620;Räpsyn kanava;W;Vedenkorkeus;65.392;Jatkuva;12.2.1972;17.01.2026;Lappi;68.0;;0.0;;
2474;6501700;Kemihaara;W;Vedenkorkeus;65.411;Jatkuva;24.8.1921;18.01.2026;Lappi;15418.0;15387.0;;15374.0;15387.0
2475;6502000;Kemijärvi, Kemijärvi;W;Vedenkorkeus;65.311;Jatkuva;26.8.1918;18.01.2026;Lappi;45.0;13.0;;0.0;
2476;6502010;Kemijärvi, Kulmunki;W;Vedenkorkeus;65.311;Jatkuva;1.1.1965;18.01.2026;Lappi;47.0;14.0;;0.0;
2478;6502033;Seitakorva, ylä;W;Vedenkorkeus;65.311;Jatkuva;1.1.1971;18.01.2026;Lappi;45.0;;;0.0;
2480;6502110;Iso-Kaihua;W;Vedenkorkeus;65.241;Jatkuva;1.1.1960;18.01.2026;Lappi;47.0;14.0;;0.0;
2481;6502113;Saukkojärvi;W;Vedenkorkeus;65.243;Jatkuva;1.1.1971;18.01.2026;Lappi;47.0;;;0.0;
2482;6502114;Pikku-Kaarni;W;Vedenkorkeus;65.242;Jatkuva;1.1.1971;18.01.2026;Lappi;47.0;;;0.0;
2483;6502116;Iso-Kaarni;W;Vedenkorkeus;65.242;Jatkuva;1.1.1971;18.01.2026;Lappi;47.0;;;0.0;
2484;6502117;Vanttausjärvi;W;Vedenkorkeus;65.244;Jatkuva;1.11.1972;18.01.2026;Lappi;48.0;;;0.0;
2485;6502118;Alalampi;W;Vedenkorkeus;65.22;Jatkuva;1.11.1972;18.01.2026;Lappi;48.0;;;0.0;
2486;6502120;Pirttikoski, ylä;W;Vedenkorkeus;65.231;Jatkuva;1.1.1960;18.01.2026;Lappi;46.0;;;0.0;
3779;4400450;Kangas–Annala-tien silta;W;Vedenkorkeus;44.022;Jatkuva;27.6.2019;18.01.2026;Etelä-Pohjanmaa;56.0;;;0.0;
3782;6503225;Loukinen Tuohiranta;W;Vedenkorkeus;65.691;Jatkuva;8.8.2019;18.01.2026;Lappi;0.0;;;;
3783;3509108;Halinanlammi;W;Vedenkorkeus;35.964;Jatkuva;24.1.2018;4.1.2021;Kanta-Häme;0.0;;;;
3785;8401000;Pattijoki, Koskenkorvanperä;W;Vedenkorkeus;84.09;Jatkuva;30.8.2019;18.01.2026;Pohjois-Pohjanmaa;0.0;;;;
3787;0605800;Hounijoki,Myllymäenkoski;W;Vedenkorkeus;06.011;Jatkuva;10.10.2019;19.01.2026;Etelä-Karjala;3641.0;3621.0;;;
3795;8310200;Hinjärv, Kamb;W;Vedenkorkeus;83.102;Jatkuva;2.9.2020;18.01.2026;Pohjanmaa;78.0;;0.0;;
3836;1409150;Karhulanjärvi;W;Vedenkorkeus;14.182;Jatkuva;29.11.2016;19.01.2026;Kymenlaakso;6163.0;6141.0;;;
3844;6701200;Muonionjoki, Kolari;W;Vedenkorkeus;67.321;Jatkuva;5.5.2020;19.01.2026;Lappi;0.0;-34.0;;;
3848;3400160;Kauttua, ala;W;Vedenkorkeus;34.022;Jatkuva;24.9.2020;18.01.2026;Satakunta;44.0;11.0;-15.0;0.0;
3849;3900501;Lintuluoma, Jurva;W;Vedenkorkeus;39.003;Jatkuva;5.8.1991;15.01.2026;Etelä-Pohjanmaa;44.0;11.0;-15.0;0.0;
3852;4700375;Välijoki, Lassilansilta, Evijärvi;W;Vedenkorkeus;47.022;Jatkuva;14.10.2020;18.01.2026;Etelä-Pohjanmaa;41.0;0.0;;;
3853;1404170;Niemisjärvi;W;Vedenkorkeus;14.382;Jatkuva;17.9.2020;18.01.2026;Keski-Suomi;9896.0;9868.0;;;
3854;4700350;Hattar, Ylävesi;W;Vedenkorkeus;47.013;Jatkuva;21.10.2020;18.01.2026;Pohjanmaa;42.0;0.0;;-14.0;
3857;9651001;Västerfjärden ala, merenpinta;W;Vedenkorkeus;96.51;Jatkuva;1.2.2021;17.01.2026;Pohjanmaa;42.0;0.0;;;
3865;0406460;Viannakoski pato, ylävesi;W;Vedenkorkeus;04.511;Jatkuva;14.1.2021;19.01.2026;Pohjois-Savo;42.0;0.0;;;
3871;1406924;Iso-Kukkanen;W;Vedenkorkeus;14.163;Jatkuva;8.12.2020;18.01.2026;Päijät-Häme;9035.0;9011.0;8997.0;9003.0;
3876;3600850;Karvianjoki, Vatajankoski, ala;W;Vedenkorkeus;36.022;Jatkuva;4.1.2021;18.01.2026;Satakunta;0.0;-37.0;;;
3877;5904450;Merikoski, ylävesi;W;Vedenkorkeus;59.111;Jatkuva;15.12.2020;17.01.2026;Pohjois-Pohjanmaa;0.0;-37.0;;;
3880;0411745;Vuoksi, Saunaranta;W;Vedenkorkeus;04.191;Jatkuva;15.12.2020;17.01.2026;Etelä-Karjala;23.0;4.0;0.0;;
3920;6501900;Naruskajoki, Naruska;W;Vedenkorkeus;65.472;Jatkuva;27.1.2022;18.01.2026;Lappi;0.0;-29.0;;;
3906;2900200;Hirvijoki, Nousiainen;W;Vedenkorkeus;29.002;Jatkuva;8.9.2014;18.01.2026;Varsinais-Suomi;163.0;;;;
3914;0300460;Hiitolanjoki, Kangaskoski, ylä;W;Vedenkorkeus;03.011;Jatkuva;12.5.2021;18.01.2026;Etelä-Karjala;4580.0;;;;
3917;4900175;Veteli Haapajärvi, ylä;W;Vedenkorkeus;49.081;Jatkuva;2.6.2021;18.01.2026;Keski-Pohjanmaa;39.0;0.0;;;
3918;4900185;Veteli Haapajärvi, ala;W;Vedenkorkeus;49.081;Jatkuva;2.6.2021;20.12.2025;Keski-Pohjanmaa;39.0;0.0;;;
3921;5904053;Montta, ylä;W;Vedenkorkeus;59.121;Jatkuva;31.5.2022;17.01.2026;Pohjois-Pohjanmaa;39.0;0.0;;;
3923;3901300;Närpes å, Skrivarsbäcken;W;Vedenkorkeus;39.001;Jatkuva;24.3.2022;18.01.2026;Pohjanmaa;42.0;0.0;;;
3924;4900353;Sääkskoski;W;Vedenkorkeus;49.022;Jatkuva;7.4.2022;18.01.2026;Pohjanmaa;;;;0.0;
3927;3702500;Kangasjärvi;W;Vedenkorkeus;37.051;Jatkuva;25.5.2022;18.01.2026;Etelä-Pohjanmaa;0.0;;;;
3931;4400150;Lentilä;W;Vedenkorkeus;44.042;Jatkuva;23.6.2022;19.01.2026;Etelä-Pohjanmaa;0.0;;;;
3937;G617301;Eteläinen Julmalampi EJulmaAM;W;Vedenkorkeus;61.736;Jatkuva;5.9.2020;18.01.2026;Kainuu;0.0;-32.0;;;
3940;1401580;Hankajärvi;W;Vedenkorkeus;14.674;Jatkuva;;;Etelä-Pohjanmaa;0.0;;;;
3943;3510900;Varvoorinjuopa;W;Vedenkorkeus;35.111;Jatkuva;20.11.2022;1.7.2025;Satakunta;0.0;;;;
3959;3706400;Haapajärvi;W;Vedenkorkeus;37.065;Jatkuva;13.6.2016;26.9.2024;Etelä-Pohjanmaa;0.0;;;;
3961;0410404;Jukajärvi;W;Vedenkorkeus;04.176;Jatkuva;17.4.2019;28.10.2025;Etelä-Savo;9925.0;9900.0;9887.0;;
3964;6502020;Kemijärvi, Lehtosalmi;W;Vedenkorkeus;65.311;Jatkuva;27.6.2023;18.01.2026;Lappi;45.0;13.0;;0.0;
3965;3502525;Lehijärvi;W;Vedenkorkeus;35.25;Jatkuva;27.7.2023;04.01.2026;Kanta-Häme;8097.0;8070.0;;;
3966;4300500;Röukasträsket;W;Vedenkorkeus;43.003;Jatkuva;9.8.2024;18.01.2026;Pohjanmaa;8097.0;8070.0;;;
3970;3900660;Tupenluoma, Teuvantien silta;W;Vedenkorkeus;39.007;Jatkuva;26.9.2023;18.01.2026;Etelä-Pohjanmaa;54.0;12.0;;0.0;
3971;3900650;Tupenluoman alaosa;W;Vedenkorkeus;39.003;Jatkuva;20.12.2023;18.01.2026;Etelä-Pohjanmaa;54.0;12.0;;0.0;
3972;3511101;Leineperin patosilta;W;Vedenkorkeus;35.142;Jatkuva;21.10.2020;18.01.2026;Satakunta;;2411.0;;2400.0;
3979;1424600;Rutajärvi;W;Vedenkorkeus;14.236;Jatkuva;2.4.2024;18.01.2026;Keski-Suomi;12299.0;;;;
3980;3509250;Loimijoki Hirvikoski;W;Vedenkorkeus;35.92;Jatkuva;11.6.2024;24.9.2025;Varsinais-Suomi;0.0;;;;
3982;1400750;Kannonjärvi;W;Vedenkorkeus;14.461;Jatkuva;18.10.1973;18.01.2026;Keski-Suomi;14032.0;13999.0;;;
3983;4200409;Kyrkösjärvi, Sevo;W;Vedenkorkeus;42.071;Jatkuva;17.6.2024;18.01.2026;Etelä-Pohjanmaa;53.0;;;0.0;
3984;0300420;Hiitolanjoki, Ritakoski, ylä;W;Vedenkorkeus;03.011;Jatkuva;1.1.2024;18.01.2026;Etelä-Karjala;5825.0;5806.0;;;
3985;3400510;Eurajoki, Eurajoen vanha jvp;W;Vedenkorkeus;34.01;Jatkuva;18.9.2024;18.01.2026;Satakunta;0.0;;;;
3986;7101500;Inari, Partakko;W;Vedenkorkeus;71.111;Jatkuva;;;Lappi;17.0;0.0;;;
3993;6502131;Näskäjärvi uusi;W;Vedenkorkeus;65.275;Jatkuva;13.4.2018;18.01.2026;Lappi;48.0;13.0;;0.0;
3994;1100700;Kantturakoski, patoallas;W;Vedenkorkeus;11.001;Jatkuva;30.4.2025;18.12.2025;Kymenlaakso;;0.0;;;
3996;3519000;Järvioja;W;Vedenkorkeus;35.111;Jatkuva;16.5.2025;18.01.2026;Satakunta;;0.0;;;
3999;3003000;Mynäjoki, Mietoinen Sillanpää;W;Vedenkorkeus;30.001;Jatkuva;21.8.2025;18.01.2026;Varsinais-Suomi;213.0;;;;
4007;0412500;Vuoksi, rajavyöhyke;W;Vedenkorkeus;04.191;Jatkuva;19.6.2025;18.01.2026;Etelä-Karjala;4221.0;4202.0;;;
4008;0411920;Vuoksi, Kyyrönkoski;W;Vedenkorkeus;04.191;Jatkuva;10.9.2025;18.01.2026;Etelä-Karjala;4242.0;;;;
4009;2603000;Halikonjoki, Sorensilta;W;Vedenkorkeus;26.001;Jatkuva;3.9.2025;18.01.2026;Varsinais-Suomi;0.0;;;;
4010;3505300;Keurusselkä, Keuruu;W;Vedenkorkeus;35.621;Jatkuva;15.9.2025;18.01.2026;Keski-Suomi;10489.0;10456.0;;10445.0;
4011;1801500;Hahmajärvi;W;Vedenkorkeus;18.056;Jatkuva;1.10.2025;12.01.2026;Päijät-Häme;9044.0;;;;
3859;4200460;Kuljunkoski, Peräseinäjoki;W;Vedenkorkeus;42.073;Jatkuva;8.4.2021;6.2.2025;Etelä-Pohjanmaa;51.0;;;0.0;
3866;0406560;Viannankosken pato, alavesi;W;Vedenkorkeus;04.282;Jatkuva;14.1.2021;19.01.2026;Pohjois-Savo;51.0;;;0.0;
3889;4700455;Kattilakoski, Alavesi;W;Vedenkorkeus;47.014;Jatkuva;3.3.2021;18.01.2026;Etelä-Pohjanmaa;56.0;;;0.0;
3890;4700450;Kattilakoski, Ylävesi;W;Vedenkorkeus;47.015;Jatkuva;3.3.2021;18.01.2026;Etelä-Pohjanmaa;56.0;;;0.0;
3863;0408090;Naapuskoski, ylävesi;W;Vedenkorkeus;04.272;Jatkuva;14.1.2021;19.01.2026;Pohjois-Savo;56.0;;;0.0;
3936;G595301;Hossan pohjavesilampi 1212lampiAM;W;Vedenkorkeus;59.531;Jatkuva;4.7.2022;18.01.2026;Kainuu;0.0;-29.0;;;
3837;1408460;Iso-Kortejärvi;W;Vedenkorkeus;14.944;Jatkuva;6.10.2016;7.5.2025;Kymenlaakso;7770.0;7747.0;;;
3856;3508900;Kokemäenjoki, Huittinen;W;Vedenkorkeus;35.122;Jatkuva;18.11.2020;18.01.2026;Satakunta;0.0;-32.0;-57.0;;
3887;4700335;Ähtävänjoki, Hanhikoski, AlaW;W;Vedenkorkeus;47.022;Jatkuva;3.3.2021;18.01.2026;Etelä-Pohjanmaa;-9871.0;-9911.0;;-9925.0;
3891;4700560;Björkfors, Ylävesi;W;Vedenkorkeus;47.014;Jatkuva;3.3.2021;18.01.2026;Pohjanmaa;-9893.0;-9935.0;;-9949.0;
3901;4700800;Värnum, Ylävesi;W;Vedenkorkeus;47.013;Jatkuva;4.3.2021;18.01.2026;Pohjanmaa;57.0;14.0;;0.0;
3903;4700805;Värnum, Alavesi;W;Vedenkorkeus;47.012;Jatkuva;4.3.2021;18.01.2026;Pohjanmaa;57.0;14.0;;0.0;
3951;4207200;Kyrkösjärven täyttökanava, Renko ala;W;Vedenkorkeus;42.071;Jatkuva;31.10.2022;18.01.2026;Etelä-Pohjanmaa;53.0;;;0.0;
3833;4700605;Långfors, alavesi;W;Vedenkorkeus;47.012;Jatkuva;21.2.2020;18.01.2026;Pohjanmaa;43.0;0.0;;-15.0;
3874;4207102;Kiikun pato;W;Vedenkorkeus;42.071;Jatkuva;20.7.2006;18.01.2026;Etelä-Pohjanmaa;55.0;;;0.0;
3867;0406360;Nerohvirta, ala W;W;Vedenkorkeus;04.511;Jatkuva;14.1.2021;18.01.2026;Pohjois-Savo;55.0;;;0.0;
3946;1900500;Tjusterbynkosken voimala, ylävesi;W;Vedenkorkeus;19.001;Jatkuva;21.11.2022;31.12.2024;Uusimaa;30.0;5.0;;0.0;
2487;6502130;Näskänjärvi;W;Vedenkorkeus;65.275;Jatkuva;1.1.1970;30.12.2025;Lappi;19293.0;;;19245.0;
2488;6502140;Paattinkijärvi;W;Vedenkorkeus;65.275;Jatkuva;1.1.1970;18.01.2026;Lappi;49.0;;;0.0;
2491;6502210;Vanttauskoski, ylä;W;Vedenkorkeus;65.212;Jatkuva;3.10.1971;18.01.2026;Lappi;48.0;;;0.0;
2492;6502400;Vikajärvi;W;Vedenkorkeus;65.721;Jatkuva;25.5.1956;18.01.2026;Lappi;11507.0;11472.0;;;
2494;6502510;Olkkajärvi, etelä;W;Vedenkorkeus;65.712;Jatkuva;1.1.1962;18.01.2026;Lappi;49.0;14.0;;0.0;
2495;6502520;Permantokoski, ylä;W;Vedenkorkeus;65.712;Jatkuva;1.1.1971;18.01.2026;Lappi;49.0;;;0.0;
2496;6502540;Jyrhämäjärvi;W;Vedenkorkeus;65.711;Jatkuva;1.1.1971;18.01.2026;Lappi;49.0;;;0.0;
2497;6503000;Ounasjärvi;W;Vedenkorkeus;65.632;Jatkuva;1.1.1950;19.01.2026;Lappi;28622.0;28595.0;;;28595.0
2498;6503200;Ounasjoki, Köngäs;W;Vedenkorkeus;65.612;Jatkuva;1.1.1941;18.01.2026;Lappi;18473.0;18443.0;;;
2499;6503300;Ounasjoki, Kaukonen;W;Vedenkorkeus;65.533;Jatkuva;11.4.1954;18.01.2026;Lappi;16537.0;16505.0;;;
2501;6503510;Unari;W;Vedenkorkeus;65.592;Jatkuva;25.10.1956;18.01.2026;Lappi;17909.0;17877.0;;;
2502;6503600;Ounasjoki, Marraskoski;W;Vedenkorkeus;65.521;Jatkuva;1.1.1969;18.01.2026;Lappi;49.0;;;0.0;
2504;6503720;Sinettäjärvi;W;Vedenkorkeus;65.514;Jatkuva;1.1.1965;18.01.2026;Lappi;9490.0;9454.0;;;
2506;6503910;Kirkonjyrhämä;W;Vedenkorkeus;65.132;Jatkuva;1.1.1971;18.01.2026;Lappi;50.0;;;0.0;
2507;6504022;Valajaskoski, ylä;W;Vedenkorkeus;65.132;Jatkuva;1.1.1971;18.01.2026;Lappi;37.0;;;0.0;
2509;6504033;Valajaskoski, ala;W;Vedenkorkeus;65.132;Jatkuva;1.1.1971;18.01.2026;Lappi;37.0;;;0.0;
2510;6504066;Petäjäskoski, ylä;W;Vedenkorkeus;65.121;Jatkuva;1.1.1971;18.01.2026;Lappi;51.0;;;0.0;
2513;6504211;Ossauskoski, ylä;W;Vedenkorkeus;65.121;Jatkuva;1.1.1970;18.01.2026;Lappi;52.0;;;0.0;
2515;6504233;Tervola, Kirkkosuvanto;W;Vedenkorkeus;65.112;Jatkuva;1.1.1982;18.01.2026;Lappi;53.0;;;0.0;
2518;6504255;Taivalkoski, ylä;W;Vedenkorkeus;65.112;Jatkuva;1.1.1981;18.01.2026;Lappi;54.0;;;0.0;
2519;6504410;Isohaara, ylä;W;Vedenkorkeus;65.111;Jatkuva;1.1.1951;17.01.2026;Lappi;78.0;;0.0;;
2521;6700100;Kilpisjärvi;W;Vedenkorkeus;67.64;Jatkuva;6.9.1952;19.01.2026;Lappi;47233.0;47217.0;;47203.0;47217.0
2522;6700200;Peerajärvi;W;Vedenkorkeus;67.65;Jatkuva;15.4.1959;18.01.2026;Lappi;45851.0;45832.0;;45817.0;45831.0
2528;6700510;Muonionjoki, Kaaresuvanto;W;Vedenkorkeus;67.511;Jatkuva;1.1.1966;18.01.2026;Lappi;32008.0;31984.0;;;31984.0
2532;6700800;Muonionjoki, Muonio;W;Vedenkorkeus;67.422;Jatkuva;1.1.1938;19.01.2026;Lappi;23035.0;23005.0;;22983.0;22997.0
2535;6701300;Naamijoki;W;Vedenkorkeus;67.821;Jatkuva;1.1.1959;19.01.2026;Lappi;14344.0;14310.0;;14296.0;14310.0
2536;6701500;Pello;W;Vedenkorkeus;67.251;Jatkuva;9.9.1937;19.01.2026;Lappi;7615.0;7579.0;;7566.0;7580.0
2538;6701700;Raanujärvi;W;Vedenkorkeus;67.962;Jatkuva;1.1.1957;17.01.2026;Lappi;82.0;46.0;;;
2539;6701800;Vietonen;W;Vedenkorkeus;67.961;Jatkuva;1.1.1957;17.01.2026;Lappi;74.0;37.0;;;
2540;6701840;Konttajärvi;W;Vedenkorkeus;67.951;Jatkuva;10.10.1984;19.01.2026;Lappi;11963.0;11928.0;;;
2541;6701910;Miekojärvi;W;Vedenkorkeus;67.931;Jatkuva;1.1.1957;17.01.2026;Lappi;69.0;32.0;;;
2544;6702011;Portimojärvi;W;Vedenkorkeus;67.912;Jatkuva;1.1.1988;17.01.2026;Lappi;39.0;0.0;;;
2547;6702110;Matkakoski;W;Vedenkorkeus;67.12;Jatkuva;13.3.1961;18.01.2026;Lappi;2646.0;2606.0;;;
2548;6702200;Kukkolankoski;W;Vedenkorkeus;67.111;Jatkuva;8.9.1911;18.01.2026;Lappi;2032.0;1991.0;1954.0;;
2551;6800510;Inarijoki, Karigasniemi;W;Vedenkorkeus;68.031;Jatkuva;6.2.1975;18.01.2026;Lappi;12387.0;12370.0;;12358.0;12372.0
2552;6801000;Onnelansuvanto;W;Vedenkorkeus;68.021;Jatkuva;20.9.1958;18.01.2026;Lappi;6283.0;6271.0;;6259.0;6273.0
2553;6801100;Utsjoki, Kevoniemi;W;Vedenkorkeus;68.072;Jatkuva;8.6.1962;19.01.2026;Lappi;7400.0;7387.0;;;7389.0
2554;6900100;Iijärvi;W;Vedenkorkeus;69.041;Jatkuva;1.1.1949;19.01.2026;Lappi;19142.0;19124.0;;;19130.0
2555;7100700;Mutusjärvi;W;Vedenkorkeus;71.241;Jatkuva;21.10.1946;18.01.2026;Lappi;14595.0;14575.0;;;14574.0
2556;7100800;Solojärvi;W;Vedenkorkeus;71.212;Jatkuva;1.8.1921;19.01.2026;Lappi;14360.0;14339.0;;;14360.0
2557;7100900;Rahajärvi;W;Vedenkorkeus;71.61;Jatkuva;23.7.1951;17.01.2026;Lappi;21.0;;;0.0;
2559;7101100;Repojoki;W;Vedenkorkeus;71.562;Jatkuva;7.8.1957;19.01.2026;Lappi;24501.0;24477.0;;;
2561;7101320;Ivalojoki, Pajakoski;W;Vedenkorkeus;71.413;Jatkuva;10.5.1960;19.01.2026;Lappi;12442.0;12419.0;;;
2562;7101400;Inari, Inari;W;Vedenkorkeus;71.111;Jatkuva;10.9.1947;19.01.2026;Lappi;11719.0;11698.0;11670.0;;
2564;7101610;Inari, Nellim;W;Vedenkorkeus;71.111;Jatkuva;1.1.1938;18.01.2026;Lappi;11048.0;11027.0;;;
2565;7101800;Nellimjoki;W;Vedenkorkeus;71.121;Jatkuva;1.2.1971;18.01.2026;Lappi;12028.0;12007.0;;;12007.0
2568;7200500;Lutto;W;Vedenkorkeus;72.011;Jatkuva;1.8.1992;18.01.2026;Lappi;11233.0;11210.0;;;11214.0
2569;7300100;Oulankajoki;W;Vedenkorkeus;73.011;Jatkuva;1.1.1966;18.01.2026;Pohjois-Pohjanmaa;15801.0;15768.0;;;
2570;7300210;Ala-Kitka;W;Vedenkorkeus;73.024;Jatkuva;20.9.1928;18.01.2026;Pohjois-Pohjanmaa;23947.0;23918.0;;23904.0;
2571;7300220;Kitkajoki, Käylä;W;Vedenkorkeus;73.023;Jatkuva;1.1.1971;18.01.2026;Pohjois-Pohjanmaa;23813.0;23783.0;;;
2575;7301200;Ala-Vuotunki;W;Vedenkorkeus;73.042;Jatkuva;1.1.1963;30.4.2025;Pohjois-Pohjanmaa;;;0.0;;
2578;7401000;Muojärvi;W;Vedenkorkeus;74.021;Jatkuva;1.7.1971;19.01.2026;Pohjois-Pohjanmaa;25205.0;25176.0;;;
2654;8300100;Otajärvi;W;Vedenkorkeus;83.002;Jatkuva;30.4.1980;02.01.2026;Varsinais-Suomi;1189.0;1156.0;;;
2660;3509842;Kullaanjoki, Jokihaaran silta;W;Vedenkorkeus;35.142;Jatkuva;1.2.1967;31.1.2016;Satakunta;2801.0;2765.0;;;
2661;3600510;Karhijärvenpato,ala;W;Vedenkorkeus;36.092;Jatkuva;1.1.1972;19.01.2026;Satakunta;4976.0;4940.0;;;
2662;3600500;Karhijärvenpato,ylä;W;Vedenkorkeus;36.092;Jatkuva;1.1.1966;19.01.2026;Satakunta;5076.0;5040.0;;;
2664;3601500;Harjakoski;W;Vedenkorkeus;36.021;Jatkuva;1.1.1969;19.01.2026;Satakunta;5284.0;5248.0;;;
2667;3600910;Siikaisjärvi, Ahtola;W;Vedenkorkeus;36.065;Jatkuva;1.1.1992;18.01.2026;Satakunta;4228.0;4190.0;;;
2669;3600100;Karvianjärvi, luusua;W;Vedenkorkeus;36.042;Jatkuva;1.1.1968;27.12.2025;Satakunta;13514.0;13477.0;;;
2670;3600540;Maajärvi;W;Vedenkorkeus;36.017;Jatkuva;1.1.1979;18.01.2026;Satakunta;37.0;0.0;;;
2671;3509810;Kiikoisjärvi;W;Vedenkorkeus;35.153;Jatkuva;1.1.1970;18.01.2026;Pirkanmaa;45.0;11.0;;0.0;
2672;3509720;Vuolle;W;Vedenkorkeus;35.914;Jatkuva;1.1.2000;18.01.2026;Varsinais-Suomi;30.0;0.0;;;
2674;3600710;Valkjärvi isoselkä;W;Vedenkorkeus;36.019;Jatkuva;17.7.1996;31.10.2017;Satakunta;5101.0;5064.0;;;
2677;3504010;Killinkoski;W;Vedenkorkeus;35.422;Jatkuva;1.5.1992;18.01.2026;Pirkanmaa;35.0;0.0;;-13.0;
2679;3503910;Inhanjoki;W;Vedenkorkeus;35.432;Jatkuva;1.1.1984;18.01.2026;Etelä-Pohjanmaa;64.0;30.0;0.0;;
2680;3900100;Kivi- ja Levalammen tekojärvi;W;Vedenkorkeus;39.004;Jatkuva;4.10.1970;19.01.2026;Etelä-Pohjanmaa;54.0;;;0.0;
2683;4200240;Pitkämön tekojärvi;W;Vedenkorkeus;42.041;Jatkuva;16.11.1970;18.01.2026;Etelä-Pohjanmaa;51.0;;;0.0;
2684;4200270;Kauhajoen säänn.pato;W;Vedenkorkeus;42.091;Jatkuva;1.1.1972;18.01.2026;Etelä-Pohjanmaa;51.0;;;0.0;
2686;4200280;Jalasjoen säänn.pato;W;Vedenkorkeus;42.042;Jatkuva;1.2.1972;18.01.2026;Etelä-Pohjanmaa;51.0;;;0.0;
2688;4200431;Liikapuron tekojärvi;W;Vedenkorkeus;42.078;Jatkuva;30.12.1970;18.01.2026;Etelä-Pohjanmaa;50.0;;;0.0;
2690;4200411;Kalajärven tekojärvi;W;Vedenkorkeus;42.073;Jatkuva;1.5.1957;18.01.2026;Etelä-Pohjanmaa;51.0;;;0.0;
2691;4200410;Kyrkösjärven tekojärvi;W;Vedenkorkeus;42.071;Jatkuva;24.11.1980;18.01.2026;Etelä-Pohjanmaa;53.0;;;0.0;
2693;4400400;Lapuanjoki, Liinamaa;W;Vedenkorkeus;44.022;Jatkuva;20.4.1955;19.01.2026;Etelä-Pohjanmaa;2040.0;;;2000.0;
2696;4400140;Kätkänjärvi;W;Vedenkorkeus;44.073;Jatkuva;11.4.1958;19.01.2026;Etelä-Pohjanmaa;51.0;;;0.0;
2699;4400112;Jääskänjärvi;W;Vedenkorkeus;44.097;Jatkuva;1.1.1965;18.01.2026;Etelä-Pohjanmaa;51.0;;;0.0;
2701;4400113;Kuotesjärvi;W;Vedenkorkeus;44.095;Jatkuva;1.1.1966;18.01.2026;Etelä-Pohjanmaa;51.0;;;0.0;
2703;4400114;Vähä-Allasjärvi;W;Vedenkorkeus;44.096;Jatkuva;1.1.1965;18.01.2026;Etelä-Pohjanmaa;51.0;;;0.0;
2704;4400115;Iso-Allasjärvi;W;Vedenkorkeus;44.096;Jatkuva;1.1.1965;18.01.2026;Etelä-Pohjanmaa;51.0;;;0.0;
2705;4400116;Kuorasjärvi;W;Vedenkorkeus;44.095;Jatkuva;1.1.1965;18.01.2026;Etelä-Pohjanmaa;52.0;;;0.0;
2707;4400220;Varpulan tekojärvi;W;Vedenkorkeus;44.092;Jatkuva;13.1.1967;18.01.2026;Etelä-Pohjanmaa;54.0;;;0.0;
2709;4400117;Saarijärvi;W;Vedenkorkeus;44.098;Jatkuva;11.4.1960;18.01.2026;Etelä-Pohjanmaa;51.0;;;0.0;
2710;4400118;Saukkojärvi;W;Vedenkorkeus;44.095;Jatkuva;1.1.1965;18.01.2026;Etelä-Pohjanmaa;52.0;;;0.0;
2711;3900200;Jurva;W;Vedenkorkeus;39.004;Jatkuva;7.9.2009;19.01.2026;Etelä-Pohjanmaa;54.0;;;0.0;
2712;4200300;Ilmajoki, Nikkola;W;Vedenkorkeus;42.032;Jatkuva;20.3.1989;19.01.2026;Etelä-Pohjanmaa;53.0;12.0;;0.0;
2713;4900370;Ullavanjärvi;W;Vedenkorkeus;49.054;Jatkuva;1.1.1960;8.12.2013;Keski-Pohjanmaa;54.0;;;0.0;
2715;4900320;Vissavesi;W;Vedenkorkeus;49.067;Jatkuva;1.1.1976;19.01.2026;Keski-Pohjanmaa;54.0;;;0.0;
2718;4900200;Venetjärvi;W;Vedenkorkeus;49.072;Jatkuva;1.1.1976;19.01.2026;Keski-Pohjanmaa;187.0;;;135.0;
2720;4900100;Patanan tekoallas;W;Vedenkorkeus;49.092;Jatkuva;1.1.1976;18.01.2026;Keski-Pohjanmaa;51.0;;;0.0;
2722;4900120;Yrttikosken säänn. Pato;W;Vedenkorkeus;49.082;Jatkuva;1.1.1990;19.01.2026;Keski-Pohjanmaa;50.0;;;0.0;
2724;4900330;Emmesin järvi;W;Vedenkorkeus;49.051;Jatkuva;30.12.1996;17.01.2026;Pohjanmaa;56.0;;;0.0;
2727;4900340;Isojärvi;W;Vedenkorkeus;49.022;Jatkuva;1.1.1987;18.01.2026;Pohjanmaa;56.0;14.0;;0.0;
2728;4100800;Laihianjoki, Laihia, kk;W;Vedenkorkeus;41.003;Jatkuva;4.5.2012;18.01.2026;Pohjanmaa;43.0;0.0;;;
2729;4400120;Karan silta;W;Vedenkorkeus;44.02;Jatkuva;5.9.2002;18.01.2026;Etelä-Pohjanmaa;55.0;;;0.0;
2730;6500440;Kelukoski;W;Vedenkorkeus;65.821;Jatkuva;1.5.2002;18.01.2026;Lappi;30.0;;;0.0;
2731;6500460;Lammasoja;W;Vedenkorkeus;65.821;Jatkuva;28.9.2001;17.01.2026;Lappi;29.0;;;0.0;
2732;6500430;Matarakoski;W;Vedenkorkeus;65.821;Jatkuva;1.3.2000;18.01.2026;Lappi;29.0;;;0.0;
2733;6500470;Kurkiaska, pato;W;Vedenkorkeus;65.814;Jatkuva;1.3.2000;18.01.2026;Lappi;31.0;;;0.0;
2735;4400420;Lapuanjoki, Pouttu;W;Vedenkorkeus;44.023;Jatkuva;5.9.2002;18.01.2026;Etelä-Pohjanmaa;55.0;14.0;;0.0;
2736;4900110;Patanan alakanava;W;Vedenkorkeus;49.092;Jatkuva;1.11.1978;18.01.2026;Keski-Pohjanmaa;51.0;;;0.0;
2737;4200430;Seinäjoki, Jouttikoski;W;Vedenkorkeus;42.072;Jatkuva;5.9.2002;19.01.2026;Etelä-Pohjanmaa;53.0;13.0;;0.0;
2742;6504333;Taivalkoski,ala;W;Vedenkorkeus;65.111;Jatkuva;1.3.2000;18.01.2026;Lappi;53.0;13.0;;0.0;
2780;0100800;Eimisjärvi;W;Vedenkorkeus;01.072;Jatkuva;1.1.1975;17.01.2026;Pohjois-Karjala;21.0;0.0;;;
2784;0200300;Tohmajärvi;W;Vedenkorkeus;02.012;Jatkuva;9.4.1937;18.01.2026;Pohjois-Karjala;19.0;0.0;;;
2813;0401310;Kuokkastenkoski y;W;Vedenkorkeus;04.411;Jatkuva;20.9.1971;16.01.2026;Pohjois-Karjala;27.0;0.0;;;
2814;0401311;Haapajärvi Valtimo;W;Vedenkorkeus;04.462;Jatkuva;28.1.1989;17.01.2026;Pohjois-Karjala;27.0;0.0;;;
1721;0101200;Melajärvi;W;Vedenkorkeus;01.021;Jatkuva;1.1.1959;17.01.2026;Pohjois-Karjala;20.0;0.0;;;
1722;0101250;Vääräkoski, ylä;W;Vedenkorkeus;01.011;Jatkuva;1.1.1965;17.01.2026;Pohjois-Karjala;19.0;0.0;;;
1724;0201000;Kontturi;W;Vedenkorkeus;02.021;Jatkuva;1.1.1976;19.01.2026;Pohjois-Karjala;7313.0;7294.0;;;
1725;0300100;Simpelejärvi;W;Vedenkorkeus;03.031;Jatkuva;1.1.1913;19.01.2026;Etelä-Karjala;24.0;5.0;0.0;;
1732;0400520;Jongunjoki, Viitakoski;W;Vedenkorkeus;04.432;Jatkuva;18.4.1973;18.01.2026;Pohjois-Karjala;11658.0;11632.0;;;
1733;0400600;Lieksanjoki, Ruunaa;W;Vedenkorkeus;04.492;Jatkuva;1.1.1931;18.01.2026;Pohjois-Karjala;43.0;18.0;0.0;;
1735;0400630;Pankajärvi, Kiviniemi;W;Vedenkorkeus;04.423;Jatkuva;1.1.1965;18.01.2026;Pohjois-Karjala;43.0;18.0;0.0;;
1739;0400740;Lieksankosken Pato,Y;W;Vedenkorkeus;04.422;Jatkuva;1.1.1971;30.11.2025;Pohjois-Karjala;10383.0;10358.0;10340.0;;
1742;0400810;Lieksanjoki, Lieksankoski, ala;W;Vedenkorkeus;04.421;Jatkuva;1.1.1964;30.11.2025;Pohjois-Karjala;9325.0;9300.0;9282.0;;
1745;0401110;Saramojoki, Roukkajankoski;W;Vedenkorkeus;04.472;Jatkuva;1.10.1973;18.01.2026;Pohjois-Karjala;9580.0;9553.0;;;
1748;0401320;Valtimonjoki, Nuolikoski;W;Vedenkorkeus;04.463;Jatkuva;7.4.1975;18.01.2026;Pohjois-Karjala;10511.0;10484.0;;;
1749;0401410;Pielinen, Nurmes;W;Vedenkorkeus;04.411;Jatkuva;26.9.1911;18.01.2026;Pohjois-Karjala;50.0;24.0;0.0;;
1753;0401710;Pielinen, Ahveninen;W;Vedenkorkeus;04.411;Jatkuva;14.2.1974;18.01.2026;Pohjois-Karjala;40.0;16.0;0.0;;
1755;0401920;Haapajoki, Hiisjärvi;W;Vedenkorkeus;04.953;Jatkuva;15.3.1975;18.01.2026;Pohjois-Karjala;15154.0;15132.0;;;
1757;0402120;Koitajoki, Möhkönkoski;W;Vedenkorkeus;04.931;Jatkuva;2.9.1965;18.01.2026;Pohjois-Karjala;14674.0;14655.0;;;
1758;0402200;Viiksinselkä, Mutalahti;W;Vedenkorkeus;04.991;Jatkuva;1.1.1950;18.01.2026;Pohjois-Karjala;14455.0;14434.0;14427.0;;
1764;0402420;Koitajoki, Lylykoski;W;Vedenkorkeus;04.921;Jatkuva;1.5.1977;18.01.2026;Pohjois-Karjala;37.0;14.0;0.0;;
1766;0402600;Palojärvi, Pamilo, ylä;W;Vedenkorkeus;04.912;Jatkuva;1.1.1956;18.01.2026;Pohjois-Karjala;38.0;15.0;0.0;;
1767;0402610;Pamilon voimalaitos, ala;W;Vedenkorkeus;04.911;Jatkuva;1.1.1971;18.01.2026;Pohjois-Karjala;36.0;;0.0;;
1770;0402711;Koitere, Surinkivi;W;Vedenkorkeus;04.941;Jatkuva;1.1.1956;18.01.2026;Pohjois-Karjala;38.0;15.0;0.0;;
1771;0402720;Koitajoki, Hiiskosken silta;W;Vedenkorkeus;04.941;Jatkuva;1.1.1956;18.01.2026;Pohjois-Karjala;38.0;15.0;0.0;;
1775;0402910;Pielisjoki, Hiirenvesi;W;Vedenkorkeus;04.342;Jatkuva;1.1.1959;17.01.2026;Pohjois-Karjala;38.0;15.0;0.0;;
1778;0403110;Pielisjoki, Kaltimo, ylä;W;Vedenkorkeus;04.342;Jatkuva;1.7.1959;17.01.2026;Pohjois-Karjala;9150.0;9127.0;9112.0;;
1780;0403210;Pielisjoki, Kaltimo, ala;W;Vedenkorkeus;04.341;Jatkuva;1.1.1960;17.01.2026;Pohjois-Karjala;8244.0;8221.0;8206.0;;
1786;0403710;Pielisjoki, Jakokoski, ylä;W;Vedenkorkeus;04.341;Jatkuva;1.1.1972;17.01.2026;Pohjois-Karjala;38.0;;0.0;;
1793;0404310;Pielisjoki, Kuurna, ylä;W;Vedenkorkeus;04.332;Jatkuva;1.1.1972;17.01.2026;Pohjois-Karjala;38.0;;0.0;;
1795;0404410;Pielisjoki, Kuurna, ala;W;Vedenkorkeus;04.331;Jatkuva;1.1.1972;17.01.2026;Pohjois-Karjala;38.0;;0.0;;
1799;0404700;Pielisjoki, Joensuu, ylä;W;Vedenkorkeus;04.331;Jatkuva;01.01.1877;18.01.2026;Pohjois-Karjala;22.0;0.0;-14.0;;
1802;0404813;Rauanjoki;W;Vedenkorkeus;04.831;Jatkuva;1.1.1977;18.01.2026;Pohjois-Karjala;9402.0;9378.0;;;
1806;0404910;Viinijärvi, Vaivio;W;Vedenkorkeus;04.352;Jatkuva;16.2.1974;18.01.2026;Pohjois-Karjala;7824.0;7801.0;;;
1808;0405000;Pyhäjärvi, Syrjäsalmi;W;Vedenkorkeus;04.391;Jatkuva;1.1.1913;17.01.2026;Pohjois-Karjala;26.0;7.0;0.0;;
1809;0405100;Pyhäselkä, Joensuu, ala;W;Vedenkorkeus;04.331;Jatkuva;01.01.1877;18.01.2026;Pohjois-Karjala;7401.0;7378.0;7364.0;;
1812;0405140;Orivesi-Pyhäselkä, Arvinsalmi;W;Vedenkorkeus;04.321;Jatkuva;21.8.1976;18.01.2026;Pohjois-Karjala;7401.0;7380.0;7369.0;;
1816;0405400;Kiuruvesi;W;Vedenkorkeus;04.523;Jatkuva;1.1.1986;18.01.2026;Pohjois-Savo;42.0;11.0;-18.0;0.0;
1820;0405700;Salahminjärvi;W;Vedenkorkeus;04.541;Jatkuva;1.1.1967;12.01.2026;Pohjois-Savo;10282.0;10250.0;10219.0;;
1822;0406010;Sonkajärvi;W;Vedenkorkeus;04.583;Jatkuva;15.3.1972;18.01.2026;Pohjois-Savo;9544.0;9515.0;;;
1824;0406200;Porovesi, Nerkoo, ylä;W;Vedenkorkeus;04.512;Jatkuva;01.03.1868;18.01.2026;Pohjois-Savo;54.0;24.0;0.0;;
1826;0406400;Onkivesi, Ahkionlahti, ylä;W;Vedenkorkeus;04.511;Jatkuva;01.01.1874;19.01.2026;Pohjois-Savo;54.0;24.0;0.0;;
2157;2700120;Someronjärvi;W;Vedenkorkeus;27.032;Jatkuva;1.1.1971;30.6.2025;Varsinais-Suomi;10.0;-17.0;;;
2158;2700160;Hovirinnankoski, ala;W;Vedenkorkeus;27.032;Jatkuva;1.1.1971;30.6.2025;Varsinais-Suomi;12.0;-16.0;;-26.0;
2159;2700170;Hovirinnankoski, ylä;W;Vedenkorkeus;27.032;Jatkuva;1.1.1970;30.6.2025;Varsinais-Suomi;12.0;-16.0;;-26.0;
2161;2800300;Hypöistenkoski, Aura;W;Vedenkorkeus;28.002;Jatkuva;1.7.1943;18.01.2026;Varsinais-Suomi;3736.0;3707.0;3687.0;;
2162;2800700;Halinen;W;Vedenkorkeus;28.001;Jatkuva;1.1.1961;15.01.2026;Varsinais-Suomi;46.0;17.0;0.0;;
2164;3100200;Laajoki;W;Vedenkorkeus;31.002;Jatkuva;1.9.1986;18.01.2026;Varsinais-Suomi;612.0;583.0;;;
2165;3200400;Puttakoski;W;Vedenkorkeus;32.002;Jatkuva;1.1.1970;18.01.2026;Varsinais-Suomi;425.0;392.0;;;
2166;3300100;Koskeljärvi;W;Vedenkorkeus;33.005;Jatkuva;1.1.1976;19.01.2026;Satakunta;4098.0;4066.0;;;
2167;3300400;Lapinjoki, Ylinenkoski;W;Vedenkorkeus;33.001;Jatkuva;1.1.1969;18.01.2026;Satakunta;1129.0;1095.0;;;
2168;3400100;Pyhäjärvi;W;Vedenkorkeus;34.031;Jatkuva;1.1.1914;19.01.2026;Satakunta;4441.0;4408.0;;4397.0;
2169;3400130;Yläneenjoki;W;Vedenkorkeus;34.042;Jatkuva;1.1.1971;19.01.2026;Varsinais-Suomi;4732.0;4702.0;;;
2170;3400140;Pyhäjoki;W;Vedenkorkeus;34.061;Jatkuva;1.1.1973;19.01.2026;Satakunta;5481.0;5450.0;;;
2173;3400210;Köyliönjärvi;W;Vedenkorkeus;34.054;Jatkuva;1.1.1970;19.01.2026;Satakunta;3989.0;3957.0;;;
2175;3400310;Panelia, ylä;W;Vedenkorkeus;34.021;Jatkuva;1.1.1970;19.7.2023;Satakunta;61.0;;0.0;17.0;
2176;3400430;Pappilankoski, ylä;W;Vedenkorkeus;34.012;Jatkuva;1.1.1971;19.7.2023;Satakunta;62.0;;0.0;;
2179;3500110;Äväntäjärvi;W;Vedenkorkeus;35.724;Jatkuva;1.6.1983;18.01.2026;Pirkanmaa;9654.0;9624.0;;;
2180;3500300;Vesijärvi;W;Vedenkorkeus;35.731;Jatkuva;2.11.1999;18.01.2026;Pirkanmaa;8623.0;8593.0;;;
2184;3500600;Längelmävesi, Kaivanto;W;Vedenkorkeus;35.721;Jatkuva;1.1.1911;18.01.2026;Pirkanmaa;8324.0;8294.0;8274.0;;
2185;3501000;Vesijako;W;Vedenkorkeus;35.784;Jatkuva;1.1.1911;18.01.2026;Päijät-Häme;10762.0;10735.0;10717.0;;
2187;3501200;Kukkia;W;Vedenkorkeus;35.781;Jatkuva;1.1.1911;18.01.2026;Pirkanmaa;8569.0;8541.0;8523.0;;
2188;3501300;Iso-Roine;W;Vedenkorkeus;35.773;Jatkuva;13.2.1961;18.01.2026;Kanta-Häme;8331.0;8303.0;8285.0;;
2189;3501600;Mallasvesi, Apia;W;Vedenkorkeus;35.711;Jatkuva;01.01.1896;19.01.2026;Pirkanmaa;49.0;19.0;0.0;;
2191;3501800;Pääjärvi;W;Vedenkorkeus;35.833;Jatkuva;1.1.1972;19.01.2026;Päijät-Häme;10261.0;10236.0;10220.0;;
2192;3501810;Haarajoki;W;Vedenkorkeus;35.835;Jatkuva;1.1.1972;18.01.2026;Kanta-Häme;10298.0;10272.0;;;
2193;3501820;Mustajoki;W;Vedenkorkeus;35.836;Jatkuva;1.1.1972;18.01.2026;Päijät-Häme;10843.0;10817.0;;;
2194;3501880;Teuronjoki, Jokelankoski;W;Vedenkorkeus;35.832;Jatkuva;12.1.1971;18.01.2026;Päijät-Häme;9678.0;9652.0;;;
2195;3501910;Puujoki, Varunteenkoski;W;Vedenkorkeus;35.822;Jatkuva;3.4.1978;18.01.2026;Kanta-Häme;7970.0;7943.0;7928.0;;
2196;3502300;Haapaniemenjärvi;W;Vedenkorkeus;35.882;Jatkuva;1.1.1911;18.01.2026;Kanta-Häme;8047.0;8019.0;8003.0;;
2198;3502400;Kernaalanjärvi;W;Vedenkorkeus;35.811;Jatkuva;24.9.1945;18.01.2026;Kanta-Häme;0.0;-28.0;-44.0;;
2199;3502500;Vanajavesi, Hämeenlinna;W;Vedenkorkeus;35.233;Jatkuva;01.01.1885;19.01.2026;Kanta-Häme;0.0;-28.0;-46.0;;
2200;3502800;Vanajavesi, Valkeakoski, ala;W;Vedenkorkeus;35.222;Jatkuva;01.01.1870;18.01.2026;Pirkanmaa;0.0;-30.0;-49.0;;
2202;3503010;Vanajavesi, Konhonselkä;W;Vedenkorkeus;35.222;Jatkuva;1.1.1962;19.01.2026;Pirkanmaa;0.0;-30.0;-48.0;;
2203;3503100;Jalantijärvi;W;Vedenkorkeus;35.281;Jatkuva;26.9.1910;18.01.2026;Pirkanmaa;31.0;0.0;-18.0;;
2204;3503300;Vanajavesi, Lempäälä, ylä;W;Vedenkorkeus;35.221;Jatkuva;24.02.1874;19.01.2026;Pirkanmaa;0.0;-32.0;-52.0;;
2205;3503320;Vanajavesi, Koivunokka;W;Vedenkorkeus;35.221;Jatkuva;14.5.1942;19.01.2026;Pirkanmaa;0.0;-32.0;-52.0;;
2208;3503410;Pyhäjärvi, Näppilä;W;Vedenkorkeus;35.211;Jatkuva;8.1.1962;19.01.2026;Pirkanmaa;0.0;-32.0;-52.0;;
2209;3503710;Ähtärinjärvi;W;Vedenkorkeus;35.433;Jatkuva;1.1.1911;19.01.2026;Etelä-Pohjanmaa;15349.0;15313.0;15280.0;;
2210;3503810;Hankavesi;W;Vedenkorkeus;35.432;Jatkuva;1.1.1983;18.01.2026;Etelä-Pohjanmaa;64.0;30.0;0.0;;
2214;3504400;Toisvesi;W;Vedenkorkeus;35.421;Jatkuva;1.5.1903;18.01.2026;Pirkanmaa;9578.0;9543.0;9514.0;;
2216;3504700;Pihlajavesi;W;Vedenkorkeus;35.483;Jatkuva;13.8.1910;19.01.2026;Keski-Suomi;13684.0;13649.0;13620.0;;
2217;3504800;Kitusjärvi;W;Vedenkorkeus;35.482;Jatkuva;1.1.1911;18.01.2026;Pirkanmaa;11554.0;11520.0;11491.0;;
2218;3505000;Visuvesi;W;Vedenkorkeus;35.412;Jatkuva;16.09.1864;18.01.2026;Pirkanmaa;34.0;0.0;-28.0;;
2221;3505600;Keurusselkä, Mänttä;W;Vedenkorkeus;35.621;Jatkuva;1.1.1911;18.01.2026;Pirkanmaa;10424.0;10393.0;10368.0;;
2222;3505800;Vilppulankoski, Kotaselkä;W;Vedenkorkeus;35.611;Jatkuva;1.1.1911;18.01.2026;Pirkanmaa;9796.0;9764.0;9739.0;;
2225;3506200;Palovesi, Murole, ylä;W;Vedenkorkeus;35.321;Jatkuva;01.01.1863;18.01.2026;Pirkanmaa;9349.0;9316.0;9291.0;;
2226;3506500;Näsijärvi, Murole, ala;W;Vedenkorkeus;35.312;Jatkuva;01.01.1863;18.01.2026;Pirkanmaa;9347.0;9314.0;9289.0;;
2227;3506610;Kuusjärvi;W;Vedenkorkeus;35.341;Jatkuva;1.1.1986;18.01.2026;Pirkanmaa;10678.0;10645.0;;;
2230;3506920;Näsijärvi, Tampere;W;Vedenkorkeus;35.311;Jatkuva;1.1.1971;17.01.2026;Pirkanmaa;0.0;31.0;-53.0;;
2232;3507210;Pyhäjärvi, Nokia;W;Vedenkorkeus;35.211;Jatkuva;1.1.1961;17.01.2026;Pirkanmaa;0.0;-32.0;-55.0;;
2234;3507410;Melo, ylä;W;Vedenkorkeus;35.211;Jatkuva;1.11.1993;17.01.2026;Pirkanmaa;0.0;;-55.0;;
2235;3507420;Melo, ala;W;Vedenkorkeus;35.132;Jatkuva;1.11.1993;17.01.2026;Pirkanmaa;0.0;;-55.0;;
2236;3507600;Linnanjärvi;W;Vedenkorkeus;35.533;Jatkuva;1.8.1910;18.01.2026;Pirkanmaa;64.0;31.0;0.0;;
2238;3507710;Parkanonjärvi;W;Vedenkorkeus;35.532;Jatkuva;1.1.1981;18.01.2026;Pirkanmaa;64.0;;0.0;;
2239;3507900;Leppäsjärvi;W;Vedenkorkeus;35.571;Jatkuva;1.3.1933;18.01.2026;Pirkanmaa;10007.0;9973.0;;9960.0;
2240;3508000;Jämijärvi;W;Vedenkorkeus;35.542;Jatkuva;1.1.1911;18.01.2026;Satakunta;9960.0;9925.0;9897.0;;
2242;3508210;Kyrösjärvi, etelä;W;Vedenkorkeus;35.521;Jatkuva;1.7.1925;18.01.2026;Pirkanmaa;0.0;-33.0;-59.0;;
2243;3508400;Siuro, ylä;W;Vedenkorkeus;35.511;Jatkuva;01.01.1894;13.01.2026;Pirkanmaa;55.0;;0.0;;
2246;3508610;Kulovesi;W;Vedenkorkeus;35.132;Jatkuva;1.1.1959;17.01.2026;Pirkanmaa;55.0;23.0;0.0;;
2247;3508700;Rautavesi;W;Vedenkorkeus;35.131;Jatkuva;22.6.1910;17.01.2026;Pirkanmaa;57.0;25.0;0.0;;
2248;3508720;Liekovesi;W;Vedenkorkeus;35.131;Jatkuva;1.1.1957;17.01.2026;Pirkanmaa;57.0;25.0;0.0;;
2249;3508730;Hartolankoski, ylä;W;Vedenkorkeus;35.123;Jatkuva;1.1.1956;17.01.2026;Pirkanmaa;57.0;;0.0;;
2250;3508740;Hartolankoski, ala;W;Vedenkorkeus;35.123;Jatkuva;1.1.1957;17.01.2026;Pirkanmaa;57.0;;0.0;;
2251;3508800;Kiikka;W;Vedenkorkeus;35.123;Jatkuva;1.1.1903;18.01.2026;Pirkanmaa;32.0;0.0;-25.0;;
2252;3509000;Äetsä, ylä;W;Vedenkorkeus;35.123;Jatkuva;1.1.1935;17.01.2026;Pirkanmaa;58.0;25.0;0.0;;
2253;3509010;Äetsä, ala;W;Vedenkorkeus;35.122;Jatkuva;1.1.1933;17.01.2026;Pirkanmaa;58.0;25.0;0.0;;
2254;3509110;Pyhäjärvi, Saari;W;Vedenkorkeus;35.931;Jatkuva;1.1.1926;18.01.2026;Kanta-Häme;9639.0;9612.0;9595.0;;
2256;3509140;Liesjärvi;W;Vedenkorkeus;35.982;Jatkuva;1.1.1963;18.01.2026;Kanta-Häme;10776.0;10750.0;;10740.0;
2259;3509210;Kuhalankoski, ylä;W;Vedenkorkeus;35.931;Jatkuva;22.3.1937;18.01.2026;Kanta-Häme;28.0;0.0;-17.0;;
2260;3509220;Kuhalankoski, ala;W;Vedenkorkeus;35.931;Jatkuva;14.6.1937;28.2.2015;Kanta-Häme;28.0;0.0;;;
2262;3509310;Loimijoki, Sallila, ylä;W;Vedenkorkeus;35.913;Jatkuva;15.9.1954;18.01.2026;Satakunta;31.0;0.0;;;
2263;3509320;Loimijoki, Sallila, ala;W;Vedenkorkeus;35.913;Jatkuva;1.1.1956;18.01.2026;Satakunta;31.0;0.0;;;
2265;3509410;Loimijoki, Maurialankoski;W;Vedenkorkeus;35.912;Jatkuva;1.8.1984;19.01.2026;Satakunta;5232.0;5200.0;;;
2267;3509800;Sääksjärvi;W;Vedenkorkeus;35.152;Jatkuva;15.7.1910;18.01.2026;Satakunta;4848.0;4813.0;4787.0;;
2270;3509911;Syyränsuu;W;Vedenkorkeus;35.122;Jatkuva;1.1.1970;17.01.2026;Satakunta;58.0;;0.0;;
2275;3510111;Pahakoski, 780;W;Vedenkorkeus;35.122;Jatkuva;1.1.1958;17.01.2026;Satakunta;59.0;;0.0;;
2276;3510130;Upas, 730;W;Vedenkorkeus;35.122;Jatkuva;1.1.1970;17.01.2026;Satakunta;59.0;;0.0;;
2277;3510330;Kolsi, ylä;W;Vedenkorkeus;35.122;Jatkuva;1.1.1971;17.01.2026;Satakunta;59.0;;0.0;;
2278;3510340;Kolsi, ala;W;Vedenkorkeus;35.121;Jatkuva;1.11.1993;17.01.2026;Satakunta;59.0;;0.0;;
2279;3510400;Harjavalta, ylä;W;Vedenkorkeus;35.121;Jatkuva;1.1.1981;17.01.2026;Satakunta;61.0;;0.0;;
2285;3602100;Isojärvi;W;Vedenkorkeus;36.014;Jatkuva;1.1.1960;19.01.2026;Satakunta;3436.0;3400.0;;;
2286;3602200;Eteläjoki, Paratiisikoski;W;Vedenkorkeus;36.016;Jatkuva;1.1.1970;19.01.2026;Satakunta;378.0;340.0;;;
2288;3602300;Pohjajoki;W;Vedenkorkeus;36.012;Jatkuva;1.1.1968;19.01.2026;Satakunta;2034.0;1996.0;;;
2289;3602500;Lankoski, ylä;W;Vedenkorkeus;36.011;Jatkuva;1.1.1970;19.01.2026;Satakunta;3315.0;3277.0;;;
2290;3700300;Perus;W;Vedenkorkeus;37.013;Jatkuva;1.8.1978;19.01.2026;Pohjanmaa;1068.0;1027.0;;;
2294;3800910;Puskamarkki;W;Vedenkorkeus;38.001;Jatkuva;8.8.1985;19.01.2026;Pohjanmaa;1949.0;1908.0;1876.0;1895.0;
2295;3900800;Allmänningsforsen;W;Vedenkorkeus;39.001;Jatkuva;1.2.1981;19.01.2026;Pohjanmaa;55.0;13.0;;0.0;
2298;4000910;Malax;W;Vedenkorkeus;40.002;Jatkuva;1.6.1978;19.01.2026;Pohjanmaa;628.0;585.0;;;
2299;4100900;Karkkimala;W;Vedenkorkeus;41.001;Jatkuva;1.1.1972;18.01.2026;Pohjanmaa;314.0;270.0;233.0;;
2304;4200420;Seinäjärvi;W;Vedenkorkeus;42.074;Jatkuva;1.6.1957;19.01.2026;Pirkanmaa;50.0;16.0;;0.0;
2306;4200600;Kyrönjoki, Hanhikoski;W;Vedenkorkeus;42.023;Jatkuva;1.5.1951;18.01.2026;Etelä-Pohjanmaa;3204.0;3164.0;3128.0;;
2307;4200800;Pappilankoski;W;Vedenkorkeus;42.021;Jatkuva;23.3.1912;18.01.2026;Etelä-Pohjanmaa;1726.0;1683.0;1647.0;;
2308;4201000;Skatila;W;Vedenkorkeus;42.012;Jatkuva;1.1.1911;19.01.2026;Pohjanmaa;269.0;225.0;188.0;;
2309;4400100;Kuortaneenjärvi;W;Vedenkorkeus;44.033;Jatkuva;19.11.1929;18.01.2026;Etelä-Pohjanmaa;7538.0;7500.0;;7486.0;
2310;4400110;Töysänjoki;W;Vedenkorkeus;44.081;Jatkuva;1.5.1980;19.01.2026;Etelä-Pohjanmaa;10158.0;10122.0;;;
2312;4400210;Hirvijärvi;W;Vedenkorkeus;44.092;Jatkuva;1.5.1984;18.01.2026;Etelä-Pohjanmaa;54.0;;;0.0;
2314;4400310;Tampparinkoski;W;Vedenkorkeus;44.031;Jatkuva;1.5.1980;18.01.2026;Etelä-Pohjanmaa;3316.0;3275.0;;;
2315;4400320;Kauhavanjoki;W;Vedenkorkeus;44.061;Jatkuva;21.4.1955;19.01.2026;Etelä-Pohjanmaa;56.0;13.0;;0.0;
2318;4400610;Keppo;W;Vedenkorkeus;44.011;Jatkuva;4.2.1935;18.01.2026;Pohjanmaa;1917.0;1874.0;1836.0;;
2835;0402740;Iso-Hietajärvi;W;Vedenkorkeus;04.963;Jatkuva;29.4.1988;5.3.2018;Pohjois-Karjala;16469.0;16446.0;;;
2836;0402770;Pieni-Hietajärvi;W;Vedenkorkeus;04.963;Jatkuva;5.5.1988;5.3.2018;Pohjois-Karjala;16475.0;16452.0;;;
2862;0405421;Osmanginjärvi;W;Vedenkorkeus;04.562;Jatkuva;2.1.1960;30.8.2006;Pohjois-Savo;9894.0;;;9850.0;
2866;0405412;Kilpijärvi;W;Vedenkorkeus;04.581;Jatkuva;1.4.1982;18.01.2026;Pohjois-Savo;8543.0;;;8502.0;
2885;0407927;Pöljänjärvi;W;Vedenkorkeus;04.652;Jatkuva;7.5.1975;18.01.2026;Pohjois-Savo;8966.0;8937.0;;;
2914;1403020;Ahveninen;W;Vedenkorkeus;14.722;Jatkuva;2.9.1975;31.12.2025;Pohjois-Savo;39.0;10.0;;0.0;
2951;0403031;Naarajärvi;W;Vedenkorkeus;04.284;Jatkuva;6.4.2001;30.12.2025;Pohjois-Savo;11972.0;11943.0;;;
2953;1700500;Ilolanjoki, Ilolan silta;W;Vedenkorkeus;17.001;Jatkuva;8.1.1996;18.01.2026;Uusimaa;532.0;507.0;;;
2961;8102600;Pitkäjärvi;W;Vedenkorkeus;81.055;Jatkuva;2.4.1946;3.12.2025;Uusimaa;1824.0;1800.0;;;
2966;1700600;Tiiläänjärvi;W;Vedenkorkeus;17.005;Jatkuva;27.1.1983;08.01.2026;Uusimaa;1598.0;1573.0;;;
2973;2300210;Pitkäjärvi, meijerin laituri;W;Vedenkorkeus;23.071;Jatkuva;7.1.1998;19.01.2026;Uusimaa;4093.0;4067.0;;;
2976;2300200;Pusulanjärvi eli Jäämäjärvi, luusua;W;Vedenkorkeus;23.062;Jatkuva;1.1.1977;19.01.2026;Uusimaa;3803.0;3777.0;;3768.0;
2978;1500600;Taasianjoki, Holmankoski;W;Vedenkorkeus;15.002;Jatkuva;1.1.1980;18.01.2026;Uusimaa;416.0;393.0;;389.0;
2980;1601100;Koskenkylänjoki, Niinikoski;W;Vedenkorkeus;16.001;Jatkuva;25.3.1981;18.01.2026;Uusimaa;654.0;629.0;;;
2985;8102000;Loviisanjoki, urheilukenttä;W;Vedenkorkeus;81.027;Jatkuva;2.2.1996;19.01.2026;Uusimaa;211.0;188.0;;;
2986;2200100;Enäjärvi, Hulttilanjoki;W;Vedenkorkeus;22.004;Jatkuva;1.1.1977;18.01.2026;Uusimaa;4942.0;4917.0;;;
2990;2300240;Nummenjoki, Pirkkula;W;Vedenkorkeus;23.061;Jatkuva;9.6.1981;19.01.2026;Uusimaa;3326.0;3300.0;;;
2992;2300340;Vihtijärvi, Sorvarinjoki;W;Vedenkorkeus;23.092;Jatkuva;8.1.1983;18.01.2026;Uusimaa;8646.0;8621.0;;;
3002;2000200;Sipoonjoki, Brobölen pato;W;Vedenkorkeus;20.001;Jatkuva;19.5.1981;18.01.2026;Uusimaa;431.0;;;400.0;
3005;8102800;Espoonjoki;W;Vedenkorkeus;81.055;Jatkuva;24.3.1995;19.01.2026;Uusimaa;85.0;60.0;;;
3015;2104700;Luhtajoki (Hagalund);W;Vedenkorkeus;21.051;Jatkuva;7.1.1997;19.01.2026;Uusimaa;2694.0;2669.0;;;
3017;2104900;Lepsämänjoki;W;Vedenkorkeus;21.041;Jatkuva;1.4.1996;19.01.2026;Uusimaa;2726.0;2701.0;;;
3021;0410440;Purnujärvi;W;Vedenkorkeus;04.193;Jatkuva;15.5.1977;18.01.2026;Etelä-Karjala;6786.0;6767.0;;;
3025;0900100;Urpalanjärvi;W;Vedenkorkeus;09.006;Jatkuva;1.3.1964;19.01.2026;Etelä-Karjala;6006.0;5985.0;;5980.0;
3026;0900200;Suurijärvi;W;Vedenkorkeus;09.002;Jatkuva;1.1.1965;18.01.2026;Etelä-Karjala;2631.0;2610.0;;;
3027;1300200;Enäjärvi-Sanijärvi;W;Vedenkorkeus;13.002;Jatkuva;1.10.1973;18.01.2026;Kymenlaakso;5129.0;5108.0;5100.0;;
3028;1300100;Saaramaanjärvi;W;Vedenkorkeus;13.003;Jatkuva;1.10.1973;18.01.2026;Kymenlaakso;6421.0;6400.0;6393.0;;
3031;1411210;Ahvenkoski ylä;W;Vedenkorkeus;14.111;Jatkuva;1.3.2001;17.01.2026;Kymenlaakso;28.0;;0.0;;
3032;1411240;Ahvenkoski ala;W;Vedenkorkeus;81V024;Jatkuva;1.3.2001;17.01.2026;Kymenlaakso;28.0;;0.0;;
3034;1409710;Värälä;W;Vedenkorkeus;14.113;Jatkuva;3.1.1974;17.01.2026;Kymenlaakso;31.0;;0.0;;
3035;1410910;Ediskoski ylä (stockfors);W;Vedenkorkeus;14.111;Jatkuva;1.3.1975;17.01.2026;Kymenlaakso;28.0;;0.0;;
3036;1411140;Stråka ylä;W;Vedenkorkeus;14.111;Jatkuva;1.3.1975;17.01.2026;Kymenlaakso;28.0;;0.0;;
3037;1411100;Klåsarö, ylävesi;W;Vedenkorkeus;14.111;Jatkuva;1.3.1975;17.01.2026;Kymenlaakso;28.0;;0.0;;
3040;1408910;Kannus- eli Ruokokoski, ylä;W;Vedenkorkeus;14.183;Jatkuva;1.3.1975;17.01.2026;Kymenlaakso;22.0;0.0;;;
3041;1408920;Kannus- eli  Ruokokoski, ala;W;Vedenkorkeus;14.183;Jatkuva;1.3.1975;17.01.2026;Kymenlaakso;22.0;0.0;;;
3045;2101500;Vantaa, Ylikylä;W;Vedenkorkeus;21.021;Jatkuva;19.3.2002;19.01.2026;Uusimaa;2905.0;2880.0;;;
3049;5300110;Reis-Vuohtajärvi;W;Vedenkorkeus;53.053;Jatkuva;1.1.1976;18.01.2026;Pohjois-Pohjanmaa;38.0;0.0;;;
3050;5300330;Settijärvi;W;Vedenkorkeus;53.072;Jatkuva;1.1.1976;18.01.2026;Pohjois-Pohjanmaa;38.0;0.0;;;
3051;5300230;Kuonanjärvi;W;Vedenkorkeus;53.082;Jatkuva;1.1.1976;18.01.2026;Pohjois-Pohjanmaa;38.0;0.0;;;
3052;5300120;Kiljanjärvi;W;Vedenkorkeus;53.057;Jatkuva;1.1.1976;18.01.2026;Pohjois-Pohjanmaa;38.0;0.0;;;
3053;5300410;Pidisjärvi;W;Vedenkorkeus;53.033;Jatkuva;1.1.1992;18.01.2026;Pohjois-Pohjanmaa;38.0;0.0;;;
3055;5300130;Korpinen;W;Vedenkorkeus;53.058;Jatkuva;25.1.1969;18.01.2026;Pohjois-Pohjanmaa;-96.0;-134.0;;;
3056;5300140;Iso-Juurikka;W;Vedenkorkeus;53.059;Jatkuva;9.1.1969;18.01.2026;Pohjois-Pohjanmaa;72.0;34.0;;;
3062;8103200;Ingarskilaån;W;Vedenkorkeus;81.064;Jatkuva;13.6.2001;19.01.2026;Uusimaa;122.0;97.0;;;
3068;2100210;Vantaanjoki, Paloheimo;W;Vedenkorkeus;21.023;Jatkuva;1.9.2001;18.01.2026;Kanta-Häme;26.0;0.0;;;
3072;3602110;Salmus ala;W;Vedenkorkeus;36.013;Jatkuva;8.9.1999;19.01.2026;Satakunta;3422.0;3384.0;;;
3075;1300101;Reitkalli, Puutarhak. silta;W;Vedenkorkeus;13.001;Jatkuva;2.4.2003;18.01.2026;Kymenlaakso;910.0;889.0;;884.0;
3078;6100222;Turpeisenjärvi;W;Vedenkorkeus;61.313;Jatkuva;29.6.1965;30.6.2012;Pohjois-Pohjanmaa;910.0;889.0;;884.0;
3079;6100710;Pudasjärvi, Tuulisalmi;W;Vedenkorkeus;61.133;Jatkuva;8.4.1959;18.01.2026;Pohjois-Pohjanmaa;50.0;14.0;;0.0;
3082;8102510;Nuuksion Pitkäjärvi;W;Vedenkorkeus;81.057;Jatkuva;1.1.1973;30.10.2025;Uusimaa;50.0;14.0;;0.0;
3084;2300944;Kirkkojärvi, Karjaa;W;Vedenkorkeus;23.012;Jatkuva;2.1.1975;18.01.2026;Uusimaa;50.0;14.0;;0.0;
3093;8102520;Bodom;W;Vedenkorkeus;81.055;Jatkuva;1.1.1973;18.01.2026;Uusimaa;50.0;14.0;;0.0;
3095;5902240;Katerma, ylä;W;Vedenkorkeus;59.911;Jatkuva;;;Kainuu;50.0;14.0;;0.0;
3100;3510730;Pori, Rauman silta;W;Vedenkorkeus;35.111;Jatkuva;;;Satakunta;36.0;0.0;;;
3103;3509112;Koijärvi;W;Vedenkorkeus;35.965;Jatkuva;18.1.1983;18.01.2026;Kanta-Häme;29.0;0.0;;;
3104;3509111;Pehkijärvi;W;Vedenkorkeus;35.933;Jatkuva;1.4.1971;18.01.2026;Kanta-Häme;28.0;0.0;;;
3107;3502530;Äimäjärvi;W;Vedenkorkeus;35.262;Jatkuva;24.8.1982;18.01.2026;Kanta-Häme;8136.0;8109.0;;8100.0;
3108;3509130;Kaartjärvi;W;Vedenkorkeus;35.887;Jatkuva;10.3.1938;18.01.2026;Kanta-Häme;27.0;0.0;;;
3113;3502310;Alajärvi;W;Vedenkorkeus;35.892;Jatkuva;1.1.2007;17.01.2026;Kanta-Häme;0.0;-27.0;-44.0;;
3114;3502200;Loppijärvi;W;Vedenkorkeus;35.874;Jatkuva;28.10.1943;18.01.2026;Kanta-Häme;37.0;10.0;;0.0;
3116;3502420;Ojajärvi;W;Vedenkorkeus;35.876;Jatkuva;1.1.1992;18.01.2026;Kanta-Häme;37.0;10.0;;0.0;
3117;3502540;Katumajärvi, uimarannan laituri;W;Vedenkorkeus;35.236;Jatkuva;30.11.1953;18.01.2026;Kanta-Häme;28.0;0.0;;;
3118;3502410;Alasjärvi;W;Vedenkorkeus;35.872;Jatkuva;1.12.1995;18.01.2026;Kanta-Häme;36.0;8.0;;0.0;
3119;3501320;Eteläistenjärvi;W;Vedenkorkeus;35.775;Jatkuva;1.3.1948;18.01.2026;Kanta-Häme;0.0;-27.0;;;
3120;2100230;Arolammen silta;W;Vedenkorkeus;21.023;Jatkuva;1.11.1999;18.01.2026;Kanta-Häme;26.0;0.0;;-7.0;
3127;3501010;Vehkajärvi;W;Vedenkorkeus;35.784;Jatkuva;10.4.1947;18.01.2026;Päijät-Häme;11037.0;11009.0;;;
3131;3501940;Haminanvuolle (Teuronjoki-Puujoki);W;Vedenkorkeus;35.823;Jatkuva;22.12.1954;18.01.2026;Kanta-Häme;40.0;14.0;0.0;;
3132;3501931;Oriharonjärvi;W;Vedenkorkeus;35.834;Jatkuva;2.4.1959;18.01.2026;Päijät-Häme;40.0;14.0;0.0;;
3136;3501930;Valkjärvi;W;Vedenkorkeus;35.838;Jatkuva;11.4.1958;18.01.2026;Päijät-Häme;39.0;14.0;0.0;;
3145;3600600;Karvian Kirkkojärvi;W;Vedenkorkeus;36.042;Jatkuva;1.1.1968;19.01.2026;Satakunta;12881.0;12844.0;;;
3146;5700120;Iso-Lamujärvi;W;Vedenkorkeus;57.063;Jatkuva;1.1.1971;18.01.2026;Pohjois-Pohjanmaa;13601.0;;;13555.0;
3147;4700110;Alajärvi;W;Vedenkorkeus;47.043;Jatkuva;1.1.1982;18.01.2026;Etelä-Pohjanmaa;51.0;;;0.0;
3152;3600530;Riuttan pato, ala;W;Vedenkorkeus;36.015;Jatkuva;19.8.2003;19.01.2026;Satakunta;3936.0;3900.0;;;
3163;1402211;Keitele, Äänekoski;W;Vedenkorkeus;14.411;Jatkuva;1.7.2003;31.12.2025;Keski-Suomi;56.0;26.0;0.0;;
3164;3508520;Mouhijärvi;W;Vedenkorkeus;35.155;Jatkuva;1.1.1995;19.01.2026;Pirkanmaa;45.0;12.0;;0.0;
3176;2200200;Poikkipuoliainen;W;Vedenkorkeus;22.004;Jatkuva;1.4.1977;18.01.2026;Uusimaa;4850.0;4825.0;;;
3188;2101320;Rusutjärvi;W;Vedenkorkeus;21.083;Jatkuva;21.5.1992;17.01.2026;Uusimaa;26.0;0.0;;;
3199;2400710;Saarenjärvi, etelä;W;Vedenkorkeus;24.012;Jatkuva;6.9.1999;18.01.2026;Varsinais-Suomi;1518.0;1492.0;;;
3200;2400700;Perniönjoki, Pesän silta;W;Vedenkorkeus;24.041;Jatkuva;23.4.2015;19.01.2026;Varsinais-Suomi;27.0;0.0;;;
3201;2400200;Hirsjärvi, Kirveslahti;W;Vedenkorkeus;24.062;Jatkuva;12.4.1995;18.01.2026;Varsinais-Suomi;4823.0;4796.0;;;
3207;3600930;Niemijärvi, oik;W;Vedenkorkeus;36.061;Jatkuva;1.1.1979;18.01.2026;Satakunta;4099.0;4061.0;;;
3212;5700162;Kortteinen pato;W;Vedenkorkeus;57.062;Jatkuva;1.12.1966;18.01.2026;Pohjois-Pohjanmaa;47.0;;;0.0;
3217;5703100;Lämsänkoski;W;Vedenkorkeus;57.031;Jatkuva;1.12.1973;18.01.2026;Pohjois-Pohjanmaa;48.0;13.0;;0.0;
3219;5800100;Tyrnävänjoki, lm;W;Vedenkorkeus;58.052;Jatkuva;10.4.1989;18.01.2026;Pohjois-Pohjanmaa;38.0;0.0;;;
3222;6500720;Pyhäjoki;W;Vedenkorkeus;65.652;Jatkuva;8.9.2004;18.01.2026;Lappi;38.0;0.0;;;
3225;8400800;Haapajärven tekoallas;W;Vedenkorkeus;84.088;Jatkuva;30.10.1966;19.01.2026;Pohjois-Pohjanmaa;38.0;0.0;;;
3232;6500710;Pallasjärvi;W;Vedenkorkeus;65.652;Jatkuva;7.9.2004;18.01.2026;Lappi;26618.0;26592.0;;;
3233;5400150;Venetpalo,ylä;W;Vedenkorkeus;54.041;Jatkuva;26.9.2004;18.01.2026;Pohjois-Pohjanmaa;26618.0;26592.0;;;
3234;8400900;Pattijoki;W;Vedenkorkeus;84.09;Jatkuva;7.6.1984;19.01.2026;Pohjois-Pohjanmaa;42.0;0.0;;;
3242;5300150;Jalkakosken sp;W;Vedenkorkeus;53.043;Jatkuva;4.10.2004;18.01.2026;Pohjois-Pohjanmaa;42.0;0.0;;;
3243;5300164;Haittaperän sp;W;Vedenkorkeus;53.082;Jatkuva;4.10.2004;18.01.2026;Pohjois-Pohjanmaa;42.0;0.0;;;
3256;2100300;Ridasjärvi, Pohjapato;W;Vedenkorkeus;21.094;Jatkuva;1.1.1994;17.01.2026;Uusimaa;25.0;0.0;;;
3259;2101710;Vantaanjoki, Vanhakaupunki;W;Vedenkorkeus;21.011;Jatkuva;18.10.2004;5.8.2014;Uusimaa;25.0;0.0;;;
3275;4900344;Kaitfors, Alavesi, Kvarnholm;W;Vedenkorkeus;49.021;Jatkuva;1.1.1987;31.12.2018;Pohjanmaa;25.0;0.0;;;
3276;4900345;Kaitfors;W;Vedenkorkeus;49.021;Jatkuva;1.1.1987;18.01.2026;Pohjanmaa;57.0;;;0.0;
3278;3510771;Lukkarinsanta;W;Vedenkorkeus;35.111;Jatkuva;30.11.2004;19.01.2026;Satakunta;-13.0;-50.0;;;
3279;1800110;Mallusjärvi;W;Vedenkorkeus;18.033;Jatkuva;1.1.1977;18.01.2026;Päijät-Häme;24.0;0.0;;;
3310;8400910;Pattijoen säännöstelypato, ylävesi;W;Vedenkorkeus;84.09;Jatkuva;26.8.2008;19.01.2026;Pohjois-Pohjanmaa;24.0;0.0;;;
3311;8400920;Pattijoen säännöstelypato, alavesi;W;Vedenkorkeus;84.09;Jatkuva;26.8.2008;19.01.2026;Pohjois-Pohjanmaa;24.0;0.0;;;
3312;6300101;Kivijoki;W;Vedenkorkeus;63.031;Jatkuva;5.11.2005;18.01.2026;Pohjois-Pohjanmaa;37.0;0.0;;;
3313;4700325;Ähtävänjoki, Hanhikoski;W;Vedenkorkeus;47.023;Jatkuva;24.9.2005;18.01.2026;Etelä-Pohjanmaa;-9871.0;-9911.0;;-9925.0;
3314;6702520;Tornionjoki, Tornion kaupunki;W;Vedenkorkeus;67.111;Jatkuva;17.11.2005;18.01.2026;Lappi;41.0;0.0;;;
3315;6503220;Ounasjoki, Kittilä kirkonkylä;W;Vedenkorkeus;65.542;Jatkuva;17.11.2005;18.01.2026;Lappi;31.0;0.0;;;
3316;7101340;Ivalojoki Ivalo kirkonkylä;W;Vedenkorkeus;71.412;Jatkuva;26.10.2005;18.01.2026;Lappi;22.0;0.0;;;
3321;3510721;Porin vanha silta;W;Vedenkorkeus;35.111;Jatkuva;10.8.2005;19.01.2026;Satakunta;-63.0;-100.0;;;
3322;0410441;Kärinki;W;Vedenkorkeus;04.119;Jatkuva;9.2.2000;18.01.2026;Etelä-Karjala;8627.0;8607.0;;;
3327;3501201;Nerosjärvi;W;Vedenkorkeus;35.783;Jatkuva;6.4.1981;18.01.2026;Kanta-Häme;27.0;0.0;;;
3781;3502550;Matkolammi;W;Vedenkorkeus;35.236;Jatkuva;17.11.2020;18.01.2026;Kanta-Häme;28.0;0.0;;;
3786;5600500;Piehinkijoki;W;Vedenkorkeus;56.001;Jatkuva;5.9.2019;18.01.2026;Pohjois-Pohjanmaa;28.0;0.0;;;
3799;3510440;Harjavalta, ala;W;Vedenkorkeus;35.121;Jatkuva;12.1.2020;25.3.2020;Satakunta;28.0;0.0;;;
3838;3503420;Lempäälä, ala;W;Vedenkorkeus;35.211;Jatkuva;15.8.2007;18.01.2026;Pirkanmaa;52.0;20.0;0.0;;
3855;4700355;Hattar, Alavesi;W;Vedenkorkeus;47.013;Jatkuva;21.10.2020;18.01.2026;Pohjanmaa;42.0;0.0;;-14.0;
3864;0408190;Naapuskoski, alavesi;W;Vedenkorkeus;04.271;Jatkuva;14.1.2021;19.01.2026;Pohjois-Savo;42.0;0.0;;-14.0;
3873;4207103;Seinäjoen ohjauspato, oikaisu-uoman suuosa;W;Vedenkorkeus;42.071;Jatkuva;21.3.2016;18.01.2026;Etelä-Pohjanmaa;54.0;;;0.0;
3928;3606000;Kodesjärvi;W;Vedenkorkeus;36.034;Jatkuva;31.5.2022;18.01.2026;Etelä-Pohjanmaa;0.0;;;;
3897;4700655;Herrfors, Alavesi;W;Vedenkorkeus;47.011;Jatkuva;4.3.2021;18.01.2026;Pohjanmaa;43.0;15.0;;0.0;
3899;4700705;Finnholm, Alavesi;W;Vedenkorkeus;47.013;Jatkuva;3.3.2021;18.01.2026;Pohjanmaa;57.0;14.0;;0.0;
3916;3400000;Ahmasoja;W;Vedenkorkeus;34.024;Jatkuva;1.6.2020;18.01.2026;Satakunta;3577.0;3544.0;;;
3938;G617302;Pohjoinen Julmalampi PJulmaAM;W;Vedenkorkeus;61.737;Jatkuva;4.9.2020;18.01.2026;Kainuu;0.0;-32.0;;;
3941;4400180;Alavudenjärvi;W;Vedenkorkeus;44.051;Jatkuva;3.11.2022;18.01.2026;Etelä-Pohjanmaa;;0.0;;;
3953;4207302;Kiikun pato, alavesi;W;Vedenkorkeus;42.071;Jatkuva;31.10.2022;18.01.2026;Etelä-Pohjanmaa;55.0;;;0.0;
3958;3509870;Piilijoki;W;Vedenkorkeus;35.153;Jatkuva;4.4.2023;4.10.2023;Satakunta;34.0;0.0;;-11.0;
3962;0410427;Saarijärvi, Juva;W;Vedenkorkeus;04.163;Jatkuva;9.4.2022;21.7.2025;Etelä-Savo;;;;9400.0;
3967;4802000;Djupsjön;W;Vedenkorkeus;48.004;Jatkuva;9.8.2024;18.01.2026;Pohjanmaa;;;;9400.0;
3974;0912000;Urpalanjoki, Tohmonsilta;W;Vedenkorkeus;09.001;Jatkuva;2.9.1970;19.01.2026;Kymenlaakso;1532.0;1511.0;;1505.0;
3981;1404850;Kuusjärvi;W;Vedenkorkeus;14.281;Jatkuva;18.3.2014;17.01.2026;Keski-Suomi;9999.0;9970.0;;;
3997;2700172;Hovirinnankoski, ylä;W;Vedenkorkeus;27.032;Jatkuva;19.6.2025;18.01.2026;Varsinais-Suomi;0.0;-28.0;;-38.0;
3998;2700112;Painionkoski, Painion luusua;W;Vedenkorkeus;27.042;Jatkuva;19.6.2025;18.01.2026;Varsinais-Suomi;0.0;-27.0;;-37.0;
4012;3505620;Kuorevesi, Vuohiselkä;W;Vedenkorkeus;35.611;Jatkuva;;;Keski-Suomi;0.0;-27.0;;-37.0;
1828;0406500;Maaninkajärvi, Ahkionlahti, ala;W;Vedenkorkeus;04.282;Jatkuva;16.03.1863;18.01.2026;Pohjois-Savo;7980.0;7950.0;7926.0;;
1830;0406610;Pulkonkoski;W;Vedenkorkeus;04.287;Jatkuva;6.4.1982;18.01.2026;Pohjois-Savo;8768.0;8739.0;;;
1831;0406700;Laakajärvi;W;Vedenkorkeus;04.644;Jatkuva;1.1.1960;12.01.2026;Pohjois-Savo;58.0;29.0;0.0;;
1832;0406800;Kiltuanjärvi;W;Vedenkorkeus;04.642;Jatkuva;1.1.1960;12.01.2026;Pohjois-Savo;58.0;28.0;0.0;;
1833;0406900;Korpijärvi;W;Vedenkorkeus;04.631;Jatkuva;1.1.1917;12.01.2026;Pohjois-Savo;52.0;24.0;0.0;;
1834;0406910;Sälevä;W;Vedenkorkeus;04.642;Jatkuva;1.1.1981;12.01.2026;Pohjois-Savo;53.0;;0.0;;
1835;0407000;Atron voimalaitos, ylä;W;Vedenkorkeus;04.631;Jatkuva;1.1.1957;12.01.2026;Pohjois-Savo;52.0;24.0;0.0;;
1836;0407200;Syväri, Lastukoski, ylä;W;Vedenkorkeus;04.631;Jatkuva;23.5.1906;12.01.2026;Pohjois-Savo;9368.0;9342.0;9318.0;;
1839;0407410;Keyritty;W;Vedenkorkeus;04.673;Jatkuva;4.11.1986;19.01.2026;Pohjois-Savo;11991.0;11965.0;;;
1841;0407610;Vuotjärvi, Irvinlahti;W;Vedenkorkeus;04.621;Jatkuva;12.6.1931;12.01.2026;Pohjois-Savo;48.0;24.0;0.0;;
1845;0407640;Paasikoski,Y;W;Vedenkorkeus;04.612;Jatkuva;3.4.1930;12.01.2026;Pohjois-Savo;48.0;24.0;0.0;;
1846;0407700;Karjalankoski,Ylä,Y;W;Vedenkorkeus;04.612;Jatkuva;1.1.1962;12.01.2026;Pohjois-Savo;48.0;24.0;0.0;;
1848;0407720;Vehkalahti,Y;W;Vedenkorkeus;04.612;Jatkuva;1.1.1962;12.01.2026;Pohjois-Savo;49.0;;0.0;;
1849;0407730;Karjalankoski,Ala,Y;W;Vedenkorkeus;04.611;Jatkuva;1.1.1962;12.01.2026;Pohjois-Savo;48.0;24.0;0.0;;
1851;0407920;Kallavesi, Itkonniemi;W;Vedenkorkeus;04.272;Jatkuva;1.1.1912;18.01.2026;Pohjois-Savo;8087.0;8059.0;8037.0;;
1853;0407940;Suuri-Pieksä;W;Vedenkorkeus;04.616;Jatkuva;1.1.1982;18.01.2026;Pohjois-Savo;8499.0;8471.0;;;
1855;0408000;Kallavesi, Konnus, ylä;W;Vedenkorkeus;04.272;Jatkuva;01.01.1864;19.01.2026;Pohjois-Savo;50.0;24.0;4.0;;
1856;0408100;Konnuksen kanava, ala;W;Vedenkorkeus;04.271;Jatkuva;01.01.1864;19.01.2026;Pohjois-Savo;50.0;24.0;4.0;;
1862;0408200;Unnukka, Taipale, ylä;W;Vedenkorkeus;04.271;Jatkuva;01.04.1863;19.01.2026;Pohjois-Savo;8042.0;8017.0;8000.0;;
1863;0408300;Saarijärvi;W;Vedenkorkeus;04.741;Jatkuva;1.1.1961;19.01.2026;Pohjois-Savo;10103.0;10079.0;;;
1865;0408320;Vaikonjoki, Kajoonjärvi;W;Vedenkorkeus;04.761;Jatkuva;1.10.1974;18.01.2026;Pohjois-Karjala;16678.0;16654.0;;;
1869;0408520;Juojärvi, Juurikkasalmi;W;Vedenkorkeus;04.711;Jatkuva;1.1.1963;17.01.2026;Pohjois-Karjala;42.0;18.0;0.0;;
1873;0408700;Varisvesi, Karvio, ylä;W;Vedenkorkeus;04.273;Jatkuva;01.01.1897;18.01.2026;Pohjois-Karjala;7910.0;7886.0;7868.0;;
1875;0408900;Kermajärvi, Kerma, ylä;W;Vedenkorkeus;04.274;Jatkuva;1.1.1903;19.01.2026;Pohjois-Karjala;7783.0;7761.0;7745.0;;
1881;0409500;Sorsavesi, Sorsakoski, ylä;W;Vedenkorkeus;04.263;Jatkuva;17.6.1911;12.01.2026;Pohjois-Savo;9730.0;9704.0;9685.0;;
1884;0409800;Maavesi;W;Vedenkorkeus;04.251;Jatkuva;1.1.1960;12.01.2026;Pohjois-Savo;43.0;17.0;0.0;;
1886;0409910;Sysmäjärvi;W;Vedenkorkeus;04.251;Jatkuva;1.1.1960;12.01.2026;Pohjois-Savo;43.0;17.0;0.0;;
1889;0410200;Haukivesi, Oravi;W;Vedenkorkeus;04.211;Jatkuva;01.01.1885;19.01.2026;Etelä-Savo;7442.0;7420.0;7407.0;;
1891;0410400;Kuhakoski;W;Vedenkorkeus;04.172;Jatkuva;8.7.1916;18.01.2026;Etelä-Savo;7810.0;7787.0;;;
1892;0410410;Kuolimo;W;Vedenkorkeus;04.141;Jatkuva;16.10.1931;18.01.2026;Etelä-Karjala;7653.0;7628.0;;;
1894;0410510;Pihlajavesi, Savonlinna, ala;W;Vedenkorkeus;04.121;Jatkuva;1.1.1912;19.01.2026;Etelä-Savo;7540.0;7519.0;7510.0;;
1895;0410600;Suurijärvi;W;Vedenkorkeus;04.124;Jatkuva;8.6.1982;18.01.2026;Etelä-Savo;7909.0;7889.0;;;
1898;0411010;Saimaa, Ristiina;W;Vedenkorkeus;04.112;Jatkuva;26.5.1987;19.01.2026;Etelä-Savo;7262.0;7236.0;7223.0;;
1900;0411200;Saimaa, Lauritsala;W;Vedenkorkeus;04.112;Jatkuva;01.01.1847;18.01.2026;Etelä-Karjala;7257.0;7237.0;7231.0;7236.0;
1913;1100500;Salmen silta;W;Vedenkorkeus;11.002;Jatkuva;1.3.1966;19.01.2026;Kymenlaakso;1619.0;1598.0;;;
1914;1400100;Muurasjärvi;W;Vedenkorkeus;14.482;Jatkuva;1.1.1910;18.01.2026;Keski-Suomi;11158.0;11124.0;11093.0;;
1916;1400300;Saanijärvi;W;Vedenkorkeus;14.491;Jatkuva;26.7.1909;18.01.2026;Keski-Suomi;11360.0;11327.0;11298.0;;
1920;1400500;Kolima, etelä;W;Vedenkorkeus;14.472;Jatkuva;1.1.1910;19.01.2026;Keski-Suomi;11079.0;11047.0;11020.0;;
1921;1400520;Kärnäjärvi;W;Vedenkorkeus;14.471;Jatkuva;1.1.1940;19.01.2026;Keski-Suomi;10384.0;10352.0;10325.0;;
1926;1400840;Pudasjärvi;W;Vedenkorkeus;14.442;Jatkuva;1.3.1940;18.01.2026;Keski-Suomi;44.0;12.0;-17.0;0.0;
1927;1400850;Kivijärvi, Huhmarlahti;W;Vedenkorkeus;14.443;Jatkuva;1.1.1958;18.01.2026;Keski-Suomi;62.0;29.0;0.0;;
1928;1400900;Vuosjärvi;W;Vedenkorkeus;14.441;Jatkuva;1.1.1910;18.01.2026;Keski-Suomi;10675.0;10643.0;10616.0;;
1930;1401000;Muuruejärvi;W;Vedenkorkeus;14.432;Jatkuva;1.1.1910;18.01.2026;Keski-Suomi;10032.0;10000.0;9972.0;;
1931;1401100;Keitele, Viitasaari;W;Vedenkorkeus;14.421;Jatkuva;01.01.1886;18.01.2026;Keski-Suomi;9857.0;9826.0;9799.0;;
1936;1401410;Kyyjärvi;W;Vedenkorkeus;14.643;Jatkuva;1.1.1999;18.01.2026;Keski-Suomi;35.0;0.0;-32.0;;
1938;1401500;Pääjärvi;W;Vedenkorkeus;14.631;Jatkuva;1.1.1910;18.01.2026;Keski-Suomi;14382.0;14349.0;14319.0;;
1939;1401600;Karankajärvi;W;Vedenkorkeus;14.661;Jatkuva;1.1.1910;18.01.2026;Keski-Suomi;14808.0;14776.0;14746.0;;
1940;1401700;Kalmarinjärvi;W;Vedenkorkeus;14.623;Jatkuva;1.1.1910;18.01.2026;Keski-Suomi;12919.0;12887.0;12858.0;;
1941;1401800;Saarijärvi;W;Vedenkorkeus;14.614;Jatkuva;28.8.1909;18.01.2026;Keski-Suomi;58.0;27.0;0.0;;
1943;1401900;Summasjärvi;W;Vedenkorkeus;14.613;Jatkuva;1.1.1910;18.01.2026;Keski-Suomi;10780.0;10749.0;10722.0;;
1944;1401912;Lannevesi;W;Vedenkorkeus;14.651;Jatkuva;30.3.1962;18.01.2026;Keski-Suomi;11101.0;11071.0;;11059.0;
1945;1402000;Pyhäjärvi, Parantala;W;Vedenkorkeus;14.681;Jatkuva;1.1.1910;18.01.2026;Keski-Suomi;57.0;26.0;0.0;;
1949;1402130;Kiimasjärvi;W;Vedenkorkeus;14.612;Jatkuva;1.1.1967;18.01.2026;Keski-Suomi;57.0;26.0;0.0;;
1951;1402210;Äänekoski, ala;W;Vedenkorkeus;14.332;Jatkuva;1.1.1900;31.12.2025;Keski-Suomi;56.0;26.0;0.0;;
1952;1402300;Vatianjärvi;W;Vedenkorkeus;14.331;Jatkuva;23.7.1908;18.01.2026;Keski-Suomi;8833.0;8803.0;8778.0;;
1955;1402400;Saraavesi, Kuusaa;W;Vedenkorkeus;14.321;Jatkuva;1.1.1909;18.01.2026;Keski-Suomi;55.0;25.0;0.0;;
1956;1402500;Koivujärvi;W;Vedenkorkeus;14.753;Jatkuva;1.1.1910;18.01.2026;Pohjois-Savo;13029.0;12997.0;12968.0;;
1961;1402710;Pielavesi, Säviä;W;Vedenkorkeus;14.741;Jatkuva;1.1.1934;18.01.2026;Pohjois-Savo;10008.0;9977.0;;;
1966;1403300;Iisvesi;W;Vedenkorkeus;14.722;Jatkuva;7.7.1909;19.01.2026;Pohjois-Savo;9740.0;9710.0;9688.0;;
1967;1403310;Niinivesi, Kerkonkoski, ala;W;Vedenkorkeus;14.721;Jatkuva;1.1.1928;30.12.2020;Pohjois-Savo;9501.0;9470.0;9446.0;;
1968;1403400;Suonenjoki;W;Vedenkorkeus;14.782;Jatkuva;5.7.1909;18.01.2026;Pohjois-Savo;9900.0;9870.0;9848.0;;
1971;1403430;Kiesimä, Kerkonkoski, ylä;W;Vedenkorkeus;14.761;Jatkuva;1.6.1927;31.12.2022;Pohjois-Savo;9826.0;9795.0;9771.0;;
1974;1403600;Hankavesi;W;Vedenkorkeus;14.712;Jatkuva;3.7.1909;18.01.2026;Pohjois-Savo;9557.0;9527.0;9504.0;;
1979;1403900;Konnevesi, etelä;W;Vedenkorkeus;14.711;Jatkuva;1.1.1910;19.01.2026;Keski-Suomi;9497.0;9466.0;9441.0;;
1982;1404100;Kynsivesi;W;Vedenkorkeus;14.352;Jatkuva;19.6.1909;18.01.2026;Keski-Suomi;8751.0;8720.0;8695.0;;
1984;1404120;Leivonvesi, Simuna;W;Vedenkorkeus;14.352;Jatkuva;1.3.1974;18.01.2026;Keski-Suomi;8678.0;8649.0;;;
1985;1404210;Kuuhankavesi, Hankasalmi;W;Vedenkorkeus;14.371;Jatkuva;1.1.1910;19.01.2026;Keski-Suomi;9842.0;9814.0;9792.0;;
1987;1404230;Armisvesi;W;Vedenkorkeus;14.373;Jatkuva;4.1.1974;19.01.2026;Keski-Suomi;10542.0;10512.0;;;
1991;1404310;Kuusvesi, Simuna;W;Vedenkorkeus;14.351;Jatkuva;1.1.1951;18.01.2026;Keski-Suomi;8348.0;8319.0;;;
3893;4700565;Björkfors, Alavesi;W;Vedenkorkeus;47.013;Jatkuva;3.3.2021;18.01.2026;Pohjanmaa;-9893.0;-9935.0;;-9949.0;
3894;4700600;Långfors, Ylävesi;W;Vedenkorkeus;47.012;Jatkuva;4.3.2021;18.01.2026;Pohjanmaa;43.0;0.0;;-15.0;
3949;1405370;Arvajankosken ylävesi, Lehmijärvi;W;Vedenkorkeus;14.261;Jatkuva;24.10.2022;11.01.2026;Keski-Suomi;43.0;0.0;;-15.0;
3341;8400200;Vörå å;W;Vedenkorkeus;84.009;Jatkuva;12.11.2005;18.01.2026;Pohjanmaa;43.0;0.0;;;
3348;0100331;Ylinen;W;Vedenkorkeus;01.034;Jatkuva;1.1.1986;3.11.2025;Pohjois-Karjala;22.0;0.0;;;
3358;2300402;Olkkalanjoki;W;Vedenkorkeus;23.091;Jatkuva;24.3.2006;18.01.2026;Uusimaa;3277.0;3252.0;;;
3359;0404801;Pitkälampi;W;Vedenkorkeus;04.333;Jatkuva;1.1.1986;14.10.2025;Pohjois-Karjala;23.0;0.0;;;
3360;0404811;Höytiäinen, Sorpanniemi;W;Vedenkorkeus;04.821;Jatkuva;1.1.1992;17.01.2026;Pohjois-Karjala;42.0;18.0;0.0;;
3361;6503810;Ounaskoski ylä;W;Vedenkorkeus;65.211;Jatkuva;17.4.2001;18.01.2026;Lappi;50.0;;;0.0;
3362;6503110;Ounasjoki, Ketomella;W;Vedenkorkeus;65.623;Jatkuva;17.10.2006;19.01.2026;Lappi;26105.0;26076.0;;;
3365;0406810;Haapajärvi;W;Vedenkorkeus;04.642;Jatkuva;8.1.2008;12.01.2026;Pohjois-Savo;26105.0;26076.0;;;
3366;5904400;Sanginjoki;W;Vedenkorkeus;59.141;Jatkuva;2.6.2008;18.01.2026;Pohjois-Pohjanmaa;26105.0;26076.0;;;
3367;3507800;Aurejärvi;W;Vedenkorkeus;35.573;Jatkuva;1.7.1995;18.01.2026;Pirkanmaa;35.0;0.0;-29.0;;
3383;4900220;Halsuanjärvi;W;Vedenkorkeus;49.032;Jatkuva;14.10.2004;18.01.2026;Keski-Pohjanmaa;52.0;;;0.0;
3384;3505400;Pohjoisjärvi;W;Vedenkorkeus;35.681;Jatkuva;25.9.2013;18.01.2026;Keski-Suomi;10936.0;10904.0;;;
3385;5300201;Jämsänkosken ylävesi;W;Vedenkorkeus;53.081;Jatkuva;13.8.2007;18.01.2026;Pohjois-Pohjanmaa;10936.0;10904.0;;;
3386;5300221;Hinkuan alavesi;W;Vedenkorkeus;53.081;Jatkuva;13.8.2007;18.01.2026;Pohjois-Pohjanmaa;10936.0;10904.0;;;
3387;2400302;Kiskon Kirkkojärvi;W;Vedenkorkeus;24.021;Jatkuva;22.11.2005;18.01.2026;Varsinais-Suomi;26.0;0.0;;;
3389;6503212;Ounasjoki Hossa;W;Vedenkorkeus;65.611;Jatkuva;12.9.2007;18.01.2026;Lappi;18181.0;18151.0;;;
3391;6503230;Ounasjoki Särestö ylä;W;Vedenkorkeus;65.541;Jatkuva;13.9.2007;18.01.2026;Lappi;17005.0;16973.0;;;
3392;6503221;Seurujoki talvitienmukka;W;Vedenkorkeus;65.697;Jatkuva;9.9.2007;18.01.2026;Lappi;20805.0;20776.0;;;
3393;6503211;Ounasjoki Taalo;W;Vedenkorkeus;65.543;Jatkuva;11.9.2007;10.12.2024;Lappi;18154.0;18122.0;;;
3407;3501112;Kuohijärvi C;W;Vedenkorkeus;35.782;Jatkuva;15.9.1910;18.01.2026;Kanta-Häme;27.0;0.0;;;
3424;3507702;Käenkoski, ylä;W;Vedenkorkeus;35.533;Jatkuva;4.9.2008;18.01.2026;Pirkanmaa;27.0;0.0;;;
3425;3507701;Käenkoski,ala;W;Vedenkorkeus;35.533;Jatkuva;4.9.2008;18.01.2026;Pirkanmaa;27.0;0.0;;;
3426;3504001;Metterinjärvi;W;Vedenkorkeus;35.422;Jatkuva;4.9.2008;18.01.2026;Pirkanmaa;35.0;;;-13.0;
3427;3504101;Soininkoski, ylä;W;Vedenkorkeus;35.421;Jatkuva;4.9.2008;18.01.2026;Pirkanmaa;35.0;;;-13.0;
3435;3509115;Heinijärvi;W;Vedenkorkeus;35.973;Jatkuva;11.3.2009;18.01.2026;Kanta-Häme;28.0;0.0;;;
3439;0404520;Pielisjoki, Jynkän vedenottamo;W;Vedenkorkeus;04.331;Jatkuva;5.12.2009;18.01.2026;Pohjois-Karjala;23.0;0.0;-14.0;;
3465;0403032;Ruhtoma;W;Vedenkorkeus;04.284;Jatkuva;14.11.2009;13.7.2025;Pohjois-Savo;11962.0;11933.0;;;
3468;2406000;Mellerinkoski;W;Vedenkorkeus;24.062;Jatkuva;25.8.2009;19.01.2026;Varsinais-Suomi;3357.0;3330.0;;;
3469;0406260;Nerohvirta ylä W;W;Vedenkorkeus;huhti.52;Jatkuva;15.1.2021;18.01.2026;Pohjois-Savo;3357.0;3330.0;;;
3486;3909900;Västerfjärden;W;Vedenkorkeus;39.001;Jatkuva;9.9.2010;18.01.2026;Pohjanmaa;43.0;0.0;;;
3490;4400119;Ponnenjärvi;W;Vedenkorkeus;44.08;Jatkuva;1.1.2000;17.01.2026;Etelä-Pohjanmaa;36.0;0.0;;;
3492;3501925;Vuolteenkoski, Ylä;W;Vedenkorkeus;35.822;Jatkuva;12.1.1938;18.01.2026;Kanta-Häme;40.0;14.0;0.0;;
3500;2100215;Vantaanjoki, Peltosaari;W;Vedenkorkeus;21.023;Jatkuva;8.11.2011;18.01.2026;Kanta-Häme;26.0;0.0;;;
3502;0101300;Loitimo, Oskolankoski;W;Vedenkorkeus;01.021;Jatkuva;2.12.2011;7.6.2021;Pohjois-Karjala;21.0;0.0;;;
3503;4600110;Purmojärvi;W;Vedenkorkeus;46.041;Jatkuva;22.11.2011;18.01.2026;Etelä-Pohjanmaa;41.0;0.0;;;
3505;3504965;Kortessalmi;W;Vedenkorkeus;35.481;Jatkuva;11.6.2010;11.10.2017;Pirkanmaa;34.0;0.0;;;
3506;3504975;Naurissalmi;W;Vedenkorkeus;35.411;Jatkuva;11.6.2010;23.7.2018;Pirkanmaa;34.0;0.0;;;
3509;1405910;Nuoramoisjärvi;W;Vedenkorkeus;14.811;Jatkuva;1.1.1910;18.01.2026;Päijät-Häme;26.0;0.0;;;
3510;3509230;Ypäjä, Loimijoki;W;Vedenkorkeus;35.92;Jatkuva;28.8.2012;18.01.2026;Kanta-Häme;27.0;0.0;;;
3519;3509600;Punkalaitumenjoki;W;Vedenkorkeus;35.941;Jatkuva;10.10.2012;15.01.2026;Pirkanmaa;31.0;0.0;;;
3522;1406923;Salajärvi;W;Vedenkorkeus;14.162;Jatkuva;14.4.2013;18.01.2026;Päijät-Häme;8604.0;8580.0;8566.0;8572.0;
3528;8102850;Espoonjoki, moottoritien silta;W;Vedenkorkeus;81.055;Jatkuva;6.2.2013;18.01.2026;Uusimaa;320.0;295.0;;;
3529;1403215;Keihäsjärvi, alaosa;W;Vedenkorkeus;14.725;Jatkuva;1.2.1992;24.11.1995;Pohjois-Savo;10554.0;10524.0;;10510.0;
3530;1403216;Keihäsjärvi, yläosa;W;Vedenkorkeus;14.725;Jatkuva;2.2.1992;28.6.2022;Pohjois-Savo;10502.0;10473.0;;10516.0;
3531;4200900;Hiirikoski;W;Vedenkorkeus;42.016;Jatkuva;1.1.2015;31.10.2022;Pohjanmaa;10502.0;10473.0;;10516.0;
3534;4400121;Rantatöysänjärvi;W;Vedenkorkeus;44.071;Jatkuva;15.8.2012;19.01.2026;Etelä-Pohjanmaa;50.0;14.0;;0.0;
3535;4409110;Hourunkoski;W;Vedenkorkeus;44.031;Jatkuva;1.8.1999;18.01.2026;Etelä-Pohjanmaa;55.0;;;0.0;
3537;4403200;Mäkelänkoski;W;Vedenkorkeus;44.033;Jatkuva;24.3.2013;18.01.2026;Etelä-Pohjanmaa;53.0;;;0.0;
3539;3543100;Ryötönkoski;W;Vedenkorkeus;35.431;Jatkuva;24.3.2013;18.01.2026;Etelä-Pohjanmaa;34.0;0.0;;;
3541;3542400;Vääräkoski;W;Vedenkorkeus;35.424;Jatkuva;24.3.2013;18.01.2026;Etelä-Pohjanmaa;35.0;0.0;;;
3546;0606150;Telkjärvi;W;Vedenkorkeus;06.011;Jatkuva;12.11.2013;18.01.2026;Etelä-Karjala;3321.0;3300.0;;;
3548;3503200;Kortejärvi;W;Vedenkorkeus;35.286;Jatkuva;10.1.2014;18.01.2026;Pirkanmaa;31.0;0.0;;;
3550;4200432;Liikapuron tekojärvi pato;W;Vedenkorkeus;42.078;Jatkuva;17.4.2013;18.01.2026;Etelä-Pohjanmaa;31.0;0.0;;;
3552;4200290;Jalasjoki, Jalasjärvi;W;Vedenkorkeus;42.043;Jatkuva;12.2.2014;19.01.2026;Etelä-Pohjanmaa;38.0;0.0;;-11.0;
3556;3700600;Lapväärtinjoki Vt8;W;Vedenkorkeus;37.01;Jatkuva;27.5.2014;19.01.2026;Pohjanmaa;41.0;0.0;;;
3557;8103700;Åminneforsin voimalaitoksen pato;W;Vedenkorkeus;81V078;Jatkuva;31.5.2014;18.01.2026;Uusimaa;41.0;0.0;;;
3561;3509161;Kuivajärvi;W;Vedenkorkeus;35.973;Jatkuva;25.9.2014;14.11.2025;Kanta-Häme;28.0;0.0;;;
3562;3509162;Kyynäräjärvi;W;Vedenkorkeus;35.973;Jatkuva;24.9.2014;22.11.2025;Kanta-Häme;28.0;0.0;;;
3563;3509163;Saloistenjärvi;W;Vedenkorkeus;35.973;Jatkuva;25.9.2014;18.01.2026;Kanta-Häme;28.0;0.0;;;
3569;3700200;Isojoki, Dagsmark;W;Vedenkorkeus;37.03;Jatkuva;27.9.2014;19.01.2026;Pohjanmaa;40.0;0.0;;;
3570;4400230;Hipin allas, Kirkkosilta;W;Vedenkorkeus;44.091;Jatkuva;1.1.2013;18.01.2026;Etelä-Pohjanmaa;54.0;;;0.0;
3573;4701100;Kuninkaanjoki;W;Vedenkorkeus;47.052;Jatkuva;11.12.2014;19.01.2026;Etelä-Pohjanmaa;37.0;0.0;;;
3577;5300650;Hamari;W;Vedenkorkeus;53.031;Jatkuva;3.3.2015;18.01.2026;Pohjois-Pohjanmaa;37.0;0.0;;;
3579;3900150;Jurva, Tainuskylä;W;Vedenkorkeus;39.005;Jatkuva;25.3.2015;19.01.2026;Etelä-Pohjanmaa;8360.0;8319.0;;8307.0;
3591;3510800;Forssa, Loimijoki W;W;Vedenkorkeus;35.923;Jatkuva;19.8.2015;18.01.2026;Kanta-Häme;28.0;0.0;;;
3594;0407991;Vaahtovankoski;W;Vedenkorkeus;04.273;Jatkuva;5.4.2015;26.12.2015;Pohjois-Savo;8393.0;8369.0;;;
3596;3900910;Finby;W;Vedenkorkeus;39.001;Jatkuva;20.10.2015;18.01.2026;Pohjanmaa;42.0;0.0;;;
3598;0601000;Rakkolanjoki, Vormuinmäki;W;Vedenkorkeus;06.021;Jatkuva;10.11.2015;18.01.2026;Etelä-Karjala;3849.0;3828.0;;;
3599;5400160;Pyhäjärvi - luusua;W;Vedenkorkeus;54.051;Jatkuva;7.12.2015;18.01.2026;Pohjois-Pohjanmaa;46.0;12.0;;0.0;
3600;0409760;Liuna, ylävesi;W;Vedenkorkeus;04.251;Jatkuva;26.1.2016;12.01.2026;Pohjois-Savo;34.0;;;0.0;
3601;0409770;Liuna, alavesi;W;Vedenkorkeus;04.251;Jatkuva;26.1.2016;12.01.2026;Pohjois-Savo;34.0;;;0.0;
3603;0409750;Jokijärvi, Joroinen;W;Vedenkorkeus;04.251;Jatkuva;26.1.2016;12.01.2026;Pohjois-Savo;35.0;;;0.0;
3606;4200451;Kärjenkosken pato;W;Vedenkorkeus;42.073;Jatkuva;24.3.2016;18.01.2026;Etelä-Pohjanmaa;51.0;;;0.0;
3615;0411440;Vuoksi, Tainionkoski, ylävesi;W;Vedenkorkeus;04.111;Jatkuva;14.6.2016;17.01.2026;Etelä-Karjala;24.0;5.0;0.0;;
3616;0411530;Vuoksi, Tainionkoski, alavesi;W;Vedenkorkeus;04.111;Jatkuva;14.6.2016;17.01.2026;Etelä-Karjala;24.0;5.0;0.0;;
3617;0411600;Vuoksi, Imatran vl. ylävesi;W;Vedenkorkeus;04.111;Jatkuva;14.6.2016;17.01.2026;Etelä-Karjala;23.0;4.0;0.0;;
3618;0411730;Vuoksi, Imatran vl. alavesi;W;Vedenkorkeus;04.191;Jatkuva;14.6.2016;17.01.2026;Etelä-Karjala;23.0;4.0;0.0;;
3668;4209030;Kauhajoki, Lellava;W;Vedenkorkeus;42.096;Jatkuva;17.4.1984;18.01.2026;Etelä-Pohjanmaa;40.0;0.0;;;
3669;4203300;Kurikka kk;W;Vedenkorkeus;42.033;Jatkuva;2.1.2017;19.01.2026;Etelä-Pohjanmaa;40.0;0.0;;-13.0;
3672;7100600;Juutuajoki Inari kvl yläp;W;Vedenkorkeus;71.211;Jatkuva;20.1.2017;18.01.2026;Lappi;12531.0;12510.0;;;
3675;2801200;Savojärvi;W;Vedenkorkeus;28.005;Jatkuva;11.3.2017;18.01.2026;Varsinais-Suomi;6779.0;;;;
3676;2700355;Paimionjoki, Juntolan yläpuoli;W;Vedenkorkeus;27.02;Jatkuva;9.3.2017;18.01.2026;Varsinais-Suomi;13.0;-16.0;;-26.0;
3677;2801000;Paattistenjoki mittapato;W;Vedenkorkeus;28.004;Jatkuva;11.3.2017;18.01.2026;Varsinais-Suomi;1936.0;1906.0;;1896.0;
3679;0600200;Kalliokoskenoja;W;Vedenkorkeus;06.022;Jatkuva;24.2.2017;18.01.2026;Etelä-Karjala;0.0;-20.0;;;
3680;0600800;Haapajärvi;W;Vedenkorkeus;06.022;Jatkuva;24.2.2017;19.01.2026;Etelä-Karjala;0.0;-20.0;;;
3684;3502314;Katiskoski;W;Vedenkorkeus;35.892;Jatkuva;31.5.2017;17.01.2026;Kanta-Häme;0.0;-28.0;-46.0;;
3685;3502316;Suojärvi;W;Vedenkorkeus;35.891;Jatkuva;31.5.2017;17.01.2026;Kanta-Häme;0.0;-28.0;-45.0;;
3687;3509850;Kauvatsanjoki, Ahvenuksen silta;W;Vedenkorkeus;35.15;Jatkuva;2.8.1997;18.01.2026;Satakunta;44.0;;;0.0;
3688;3594000;Punkalaitumenjoki Huittinen;W;Vedenkorkeus;35.941;Jatkuva;3.4.2015;19.01.2026;Satakunta;32.0;0.0;;;
3689;2400000;Perniönjoki Pohjankoski;W;Vedenkorkeus;24.042;Jatkuva;23.4.2015;18.01.2026;Varsinais-Suomi;28.0;0.0;;;
3691;3402200;Euran keskusta;W;Vedenkorkeus;34.022;Jatkuva;10.2.2009;19.01.2026;Satakunta;;3200.0;;;
3692;3500003;Luotsinmäki;W;Vedenkorkeus;35.11;Jatkuva;9.4.2015;19.01.2026;Satakunta;37.0;0.0;;;
3693;3511100;Launainen;W;Vedenkorkeus;35.11;Jatkuva;1.6.2007;19.01.2026;Satakunta;37.0;0.0;;;
3694;3514200;Harjunpäänjoki, Äijän myllypato;W;Vedenkorkeus;35.143;Jatkuva;1.1.2000;26.12.2025;Satakunta;3551.0;3515.0;;;
3695;3613001;Poosjärvi;W;Vedenkorkeus;36.013;Jatkuva;1.1.1966;17.01.2026;Satakunta;37.0;0.0;;;
3696;3601100;Merikarvia_keskusta;W;Vedenkorkeus;36.011;Jatkuva;20.11.2008;18.01.2026;Satakunta;215.0;176.0;;;
3697;0411650;Vuoksi, Imatra, padon yläpuoli;W;Vedenkorkeus;04.111;Jatkuva;24.5.2017;17.01.2026;Etelä-Karjala;23.0;4.0;0.0;;
3702;3700100;Villamo;W;Vedenkorkeus;37.031;Jatkuva;8.11.2017;18.01.2026;Etelä-Pohjanmaa;39.0;0.0;;;
3720;4200570;Kyrönjoki Malkakoski;W;Vedenkorkeus;42.03;Jatkuva;29.10.2009;18.01.2026;Etelä-Pohjanmaa;56.0;;;0.0;
3724;0410700;Puruvesi, Kerimäki;W;Vedenkorkeus;04.181;Jatkuva;31.10.2017;19.01.2026;Etelä-Savo;7523.0;7503.0;;;
3729;0401313;Valtimojärvi;W;Vedenkorkeus;04.469;Jatkuva;6.7.2021;17.01.2026;Pohjois-Karjala;7523.0;7503.0;;;
3730;0407950;Ylä-Pieksä;W;Vedenkorkeus;04.617;Jatkuva;19.5.2018;18.01.2026;Pohjois-Savo;7523.0;7503.0;;;
3737;0900400;Lastenlampi;W;Vedenkorkeus;09.002;Jatkuva;17.8.2018;18.01.2026;Etelä-Karjala;3025.0;3004.0;;;
3739;2700250;Juvan voimala, ylävesi;W;Vedenkorkeus;27.021;Jatkuva;;;Varsinais-Suomi;3025.0;3004.0;;;
3740;2700350;Juntolan voimala, ylävesi;W;Vedenkorkeus;27.013;Jatkuva;;;Varsinais-Suomi;3025.0;3004.0;;;
3742;4600500;Kerttuanjärvi;W;Vedenkorkeus;46.061;Jatkuva;1.1.1985;19.01.2026;Etelä-Pohjanmaa;55.0;14.0;;0.0;
3744;3510500;Kojo_VT11;W;Vedenkorkeus;35.111;Jatkuva;7.9.2018;18.01.2026;Satakunta;7.0;-30.0;;;
3747;3542300;Vääräkoski alavesi;W;Vedenkorkeus;35.424;Jatkuva;12.9.2018;18.01.2026;Etelä-Pohjanmaa;35.0;0.0;;;
3750;3900300;Säläisjärvi;W;Vedenkorkeus;39.003;Jatkuva;19.12.2018;19.01.2026;Etelä-Pohjanmaa;54.0;;;0.0;
3773;3503335;Herralanvirran säännöstelypato;W;Vedenkorkeus;35.221;Jatkuva;;;Pirkanmaa;54.0;;;0.0;
3774;5100900;Lestijoki;W;Vedenkorkeus;51.01;Jatkuva;21.2.2019;18.01.2026;Pohjois-Pohjanmaa;42.0;0.0;;;
3777;1400870;Kivijärvi, Lokalahti;W;Vedenkorkeus;14.443;Jatkuva;17.12.2015;18.01.2026;Keski-Suomi;13004.0;12971.0;12942.0;;
3778;3509119;Vähä-Ilmetty;W;Vedenkorkeus;35.984;Jatkuva;27.8.2019;18.01.2026;Kanta-Häme;27.0;0.0;;;
3839;8312700;Långträsket, Iskmo;W;Vedenkorkeus;83V127;Jatkuva;24.3.2020;7.12.2022;Pohjanmaa;0.0;-42.0;;-56.0;
3862;0408080;Konnus, tulvakanava, ylä;W;Vedenkorkeus;04.272;Jatkuva;14.1.2021;19.01.2026;Pohjois-Savo;0.0;-42.0;;-56.0;
3929;3606100;Kodesjärvi, laskujoki;W;Vedenkorkeus;36.034;Jatkuva;31.5.2022;18.01.2026;Etelä-Pohjanmaa;0.0;;;;
3930;2406201;Kaunistonkoski y;W;Vedenkorkeus;24.062;Jatkuva;1.6.2022;18.01.2026;Varsinais-Suomi;;4691.0;;;
3896;4700650;Herrfors, Ylävesi;W;Vedenkorkeus;47.012;Jatkuva;4.3.2021;18.01.2026;Pohjanmaa;43.0;15.0;;0.0;
3898;4700700;Finnholm, Ylävesi;W;Vedenkorkeus;47.013;Jatkuva;3.3.2021;18.01.2026;Pohjanmaa;57.0;14.0;;0.0;
3950;4207100;Rengon pato, yläveden pinta;W;Vedenkorkeus;42.072;Jatkuva;20.7.2006;18.01.2026;Etelä-Pohjanmaa;;;;0.0;
4003;8204701;Raisionjoki, Huhko;W;Vedenkorkeus;82.047;Jatkuva;20.8.2025;18.01.2026;Varsinais-Suomi;0.0;;;;
1992;1404392;Lankajärvi;W;Vedenkorkeus;14.356;Lopetettu;1.1.1970;31.12.1978;Keski-Suomi;13964.0;13934.0;;;
1994;1404410;Saraavesi, Kuhankoski;W;Vedenkorkeus;14.321;Lopetettu;1.1.1910;31.12.1948;Keski-Suomi;8344.0;;8290.0;;
1995;1404500;Leppävesi, Kaunisharju;W;Vedenkorkeus;14.311;Lopetettu;1.1.1910;31.12.1920;Keski-Suomi;7962.0;;7908.0;;
1999;1404700;Jyväsjärvi;W;Vedenkorkeus;14.231;Lopetettu;1.1.1909;31.12.1956;Keski-Suomi;7691.0;;7637.0;;
2005;1405100;Salosvesi;W;Vedenkorkeus;14.523;Lopetettu;18.9.1909;31.12.1991;Keski-Suomi;10192.0;10162.0;10140.0;;
2006;1405200;Kankarisvesi;W;Vedenkorkeus;14.512;Lopetettu;1.1.1910;31.12.1965;Keski-Suomi;9664.0;9634.0;9610.0;;
2008;1405220;Jämsänkoski, ala;W;Vedenkorkeus;14.512;Lopetettu;1.1.1923;31.8.1925;Keski-Suomi;7768.0;;7716.0;;
2013;1405400;Lummene;W;Vedenkorkeus;14.254;Lopetettu;27.9.1909;31.12.1995;Pirkanmaa;11333.0;11305.0;11285.0;;
2017;1405600;Jääsjärvi, Joutsa;W;Vedenkorkeus;14.831;Lopetettu;13.10.1909;30.6.1992;Keski-Suomi;9146.0;9118.0;9095.0;;
2019;1405800;Joutsjärvi;W;Vedenkorkeus;14.812;Lopetettu;1.1.1910;31.12.1993;Päijät-Häme;8469.0;8442.0;;;
2020;1405900;Nuoramoisjärvi;W;Vedenkorkeus;14.811;Lopetettu;1.1.1910;31.12.1942;Päijät-Häme;8048.0;;8005.0;;
2021;1406000;Päijänne, Sysmä;W;Vedenkorkeus;14.221;Lopetettu;1.1.1910;31.12.1993;Päijät-Häme;7746.0;7719.0;;7710.0;
2022;1406010;Päijänne, etelä;W;Vedenkorkeus;14.221;Lopetettu;9.8.1940;31.1.1971;Päijät-Häme;7736.0;7710.0;7693.0;;
2023;1406020;Päijänne, Padasjoki;W;Vedenkorkeus;14.221;Lopetettu;21.1.1971;20.1.2024;Päijät-Häme;41.0;14.0;0.0;;
2025;1406200;Vesijärvi, Vääksy, ylä;W;Vedenkorkeus;14.241;Lopetettu;03.07.1870;31.12.1995;Päijät-Häme;7906.0;7881.0;7865.0;;
2026;1406220;Vääksynjoki;W;Vedenkorkeus;14.241;Lopetettu;1.4.1973;31.12.1982;Päijät-Häme;7948.0;7923.0;;;
2027;1406300;Päijänne, Vääksy, ala;W;Vedenkorkeus;14.241;Lopetettu;01.01.1871;31.12.1995;Päijät-Häme;7623.0;7598.0;7581.0;;
2028;1406400;Päijänne, Kopsuo;W;Vedenkorkeus;14.211;Lopetettu;1.1.1909;31.12.1942;Päijät-Häme;7733.0;;7692.0;;
2029;1406500;Päijänne, Kalkkinen;W;Vedenkorkeus;14.211;Lopetettu;01.01.1879;31.12.1965;Päijät-Häme;7615.0;7589.0;7572.0;;
2032;1406600;Kalkkinen, ala;W;Vedenkorkeus;14.141;Lopetettu;01.01.1879;31.12.1965;Päijät-Häme;7422.0;7396.0;7380.0;;
2042;1407011;Eskola;W;Vedenkorkeus;14.122;Lopetettu;1.1.1970;30.6.1981;Päijät-Häme;36.0;13.0;0.0;;
2043;1407100;Iso-Käyrä;W;Vedenkorkeus;14.122;Lopetettu;1.1.1909;30.4.1949;Päijät-Häme;6552.0;;6516.0;;
2046;1407200;Pyhäjärvi, Virtasalmi;W;Vedenkorkeus;14.121;Lopetettu;1.1.1901;30.6.1992;Päijät-Häme;6375.0;6353.0;6341.0;;
2047;1407300;Pyhäjärvi, Jaala;W;Vedenkorkeus;14.121;Lopetettu;10.9.1908;31.12.1962;Kymenlaakso;6401.0;;6366.0;;
2051;1407500;Puulavesi, pohj.;W;Vedenkorkeus;14.923;Lopetettu;1.1.1910;31.12.1997;Etelä-Savo;9440.0;9412.0;;;
2052;1407600;Puulavesi, Otava;W;Vedenkorkeus;14.923;Lopetettu;3.6.1909;31.12.1990;Etelä-Savo;9440.0;9415.0;9401.0;;
2054;1407800;Ryökäsvesi, Hirvensalmi;W;Vedenkorkeus;14.922;Lopetettu;01.01.1885;31.12.1966;Etelä-Savo;9444.0;9418.0;9403.0;;
2056;1407820;Liekune;W;Vedenkorkeus;14.922;Lopetettu;1.1.1927;31.12.1941;Etelä-Savo;9444.0;9418.0;9403.0;;
2058;1407900;Tuusjärvi, Tuustaipale, ylä;W;Vedenkorkeus;14.914;Lopetettu;27.5.1909;31.12.1995;Etelä-Savo;7989.0;7963.0;7957.0;;
2060;1408050;Saittalampi;W;Vedenkorkeus;14.916;Lopetettu;1.4.1979;27.4.2020;Etelä-Savo;10239.0;10214.0;10199.0;;
2063;1408300;Vuohijärvi, Hillosensalmi;W;Vedenkorkeus;14.981;Lopetettu;25.5.1909;30.6.1992;Kymenlaakso;7631.0;7608.0;7595.0;;
2070;1408500;Pyhäjärvi, Saukkola;W;Vedenkorkeus;14.121;Lopetettu;1.1.1910;31.5.1932;Kymenlaakso;6415.0;;6381.0;;
2071;1408600;Voikkaa, ylä;W;Vedenkorkeus;14.121;Lopetettu;1.1.1909;31.12.1922;Kymenlaakso;6298.0;;6265.0;;
2073;1408700;Voikkaa, ala;W;Vedenkorkeus;14.115;Lopetettu;16.9.1908;31.12.1922;Kymenlaakso;5672.0;;5639.0;;
2076;1409000;Immasenjärvi;W;Vedenkorkeus;14.183;Lopetettu;24.8.1909;29.2.1948;Kymenlaakso;6661.0;;6631.0;;
2077;1409010;Tirvanjärvi;W;Vedenkorkeus;14.182;Lopetettu;1.1.1961;31.12.1964;Kymenlaakso;30.0;;0.0;;
2078;1409100;Haukkajärvi;W;Vedenkorkeus;14.182;Lopetettu;1.1.1910;31.12.1960;Kymenlaakso;6121.0;;6090.0;;
2081;1409200;Lappalanjärvi;W;Vedenkorkeus;14.181;Lopetettu;7.8.1909;31.12.1937;Kymenlaakso;5516.0;;5483.0;;
2082;1409210;Harju;W;Vedenkorkeus;14.181;Lopetettu;10.6.1901;31.12.1938;Kymenlaakso;33.0;;0.0;;
2086;1409400;Kuusankoski, ala;W;Vedenkorkeus;14.114;Lopetettu;22.9.1908;31.12.1925;Kymenlaakso;4382.0;;4349.0;;
2088;1409500;Keltti, ylä;W;Vedenkorkeus;14.114;Lopetettu;1.1.1910;31.12.1940;Kymenlaakso;4395.0;;4363.0;;
2089;1409510;Keltti, ylä;W;Vedenkorkeus;14.114;Lopetettu;12.7.1900;31.12.1904;Kymenlaakso;4416.0;;4384.0;;
2097;1410100;Huruksela;W;Vedenkorkeus;14.111;Lopetettu;1.1.1910;30.6.1992;Kymenlaakso;1926.0;1905.0;1897.0;;
2098;1410110;Susikoski;W;Vedenkorkeus;14.111;Lopetettu;1.1.1934;31.12.2007;Kymenlaakso;1926.0;1905.0;1897.0;;
2100;1410210;Ahvio, ala;W;Vedenkorkeus;14.111;Lopetettu;15.8.1900;31.12.1902;Kymenlaakso;1940.0;;1911.0;;
2101;1410300;Ahvio, ala;W;Vedenkorkeus;14.111;Lopetettu;8.9.1909;28.3.1983;Kymenlaakso;1753.0;1732.0;1725.0;;
2103;1410410;Ruhakoski;W;Vedenkorkeus;14.111;Lopetettu;12.2.1931;29.2.1984;Kymenlaakso;1548.0;1527.0;1520.0;;
2104;1410500;Pernoo, ala;W;Vedenkorkeus;14.111;Lopetettu;14.9.1909;30.6.1992;Kymenlaakso;1249.0;1228.0;1222.0;;
2106;1410700;Sutela;W;Vedenkorkeus;14.111;Lopetettu;16.9.1909;30.6.1992;Kymenlaakso;252.0;231.0;225.0;;
2107;1410800;Hirvikoski;W;Vedenkorkeus;14.111;Lopetettu;1.1.1910;31.12.1932;Kymenlaakso;1630.0;;1601.0;;
2108;1410810;Hirvivuolle, ylä;W;Vedenkorkeus;14.111;Lopetettu;1.1.1933;30.9.1982;Kymenlaakso;1639.0;1617.0;1611.0;;
2109;1410820;Hirvivuolle, ala;W;Vedenkorkeus;14.111;Lopetettu;7.4.1932;24.11.2000;Kymenlaakso;1639.0;1617.0;1611.0;;
2112;1410920;Villikkalanjoki, Joensuu;W;Vedenkorkeus;14.116;Lopetettu;1.1.1952;31.12.1965;Kymenlaakso;1639.0;1617.0;1611.0;;
2113;1410930;Villikkalanjoki, Ahola;W;Vedenkorkeus;14.116;Lopetettu;1.3.1966;15.7.1988;Kymenlaakso;1606.0;1584.0;;;
2114;1410940;Villikkalanjoki, Raussila;W;Vedenkorkeus;14.116;Lopetettu;1.1.1970;31.8.1979;Kymenlaakso;1949.0;;;1921.0;
2116;1411120;Strömfors, ala;W;Vedenkorkeus;14.111;Lopetettu;1.1.1926;31.12.1971;Uusimaa;28.0;6.0;0.0;;
2119;1600400;Rosilampi;W;Vedenkorkeus;16.002;Lopetettu;13.2.1958;31.12.1990;Uusimaa;2807.0;2782.0;;2775.0;
2120;1800200;Kukonkoski;W;Vedenkorkeus;18.051;Lopetettu;1.1.1982;31.8.1992;Päijät-Häme;2807.0;2782.0;;2775.0;
2121;1800300;Patomäenkoski;W;Vedenkorkeus;18.042;Lopetettu;1.1.1993;31.12.1995;Päijät-Häme;7203.0;7178.0;7164.0;7169.0;
2134;2101510;Hanaböle;W;Vedenkorkeus;21.091;Lopetettu;1.1.1941;31.12.1968;Uusimaa;1631.0;1605.0;1599.0;;
2136;2101700;Oulunkylä;W;Vedenkorkeus;21.011;Lopetettu;1.1.1912;30.11.1973;Uusimaa;530.0;505.0;499.0;;
2137;2200300;Palojärvi;W;Vedenkorkeus;22.003;Lopetettu;20.10.1910;31.8.1968;Uusimaa;4337.0;4312.0;;4304.0;
2139;2200610;Siuntionjoki;W;Vedenkorkeus;22.001;Lopetettu;1.1.1969;14.8.1975;Uusimaa;4337.0;4312.0;;4304.0;
2142;2300140;Keritty;W;Vedenkorkeus;23.054;Lopetettu;1.1.1971;31.12.1992;Kanta-Häme;36.0;;;0.0;
2144;2300160;Sakara;W;Vedenkorkeus;23.052;Lopetettu;1.1.1971;31.12.1995;Kanta-Häme;36.0;;;0.0;
2147;2300510;Hiidenvesi;W;Vedenkorkeus;23.031;Lopetettu;6.2.1958;30.6.1983;Uusimaa;3122.0;3097.0;;;
2148;2300800;Sitarla;W;Vedenkorkeus;23.061;Lopetettu;1.1.1913;31.12.1990;Uusimaa;3107.0;3082.0;3067.0;;
2150;2300910;Lohjanjärvi, Bällby;W;Vedenkorkeus;23.021;Lopetettu;1.8.1929;31.12.1989;Uusimaa;36.0;11.0;0.0;;
2151;2300930;Åkerfors, ala;W;Vedenkorkeus;23.012;Lopetettu;1.1.1938;31.12.1994;Uusimaa;36.0;11.0;0.0;;
2152;2400300;Koski, ylä;W;Vedenkorkeus;24.021;Lopetettu;1.1.1970;31.12.1987;Varsinais-Suomi;2505.0;2479.0;2467.0;;
2153;2400400;Koski, ala;W;Vedenkorkeus;24.012;Lopetettu;1.1.1963;31.10.1998;Varsinais-Suomi;1660.0;1634.0;1622.0;;
2155;2700100;Somero;W;Vedenkorkeus;27.032;Lopetettu;1.1.1963;31.12.1984;Varsinais-Suomi;8105.0;8078.0;;8068.0;
2323;4700310;Lappajärvi, Halkosaari;W;Vedenkorkeus;47.031;Lopetettu;16.2.1939;31.12.1963;Etelä-Pohjanmaa;6930.0;6890.0;6840.0;;
2325;4700410;Evijärvi, Kivisilta;W;Vedenkorkeus;47.021;Lopetettu;1.11.1932;30.4.1995;Etelä-Pohjanmaa;6105.0;6064.0;6030.0;;
2329;4900240;Halsuanjoki, Polso;W;Vedenkorkeus;49.032;Lopetettu;1.7.1978;30.6.1992;Keski-Pohjanmaa;11224.0;11185.0;;;
2331;4900400;Pelon silta;W;Vedenkorkeus;49.021;Lopetettu;1.1.1962;31.12.1982;Pohjanmaa;1664.0;1622.0;;1609.0;
2333;4900500;Perho;W;Vedenkorkeus;49.012;Lopetettu;1.1.1912;31.12.1981;Keski-Pohjanmaa;251.0;208.0;168.0;;
2335;5000400;Jatkojoki;W;Vedenkorkeus;50.001;Lopetettu;1.1.1930;29.2.1964;Keski-Pohjanmaa;251.0;208.0;168.0;;
2337;5100300;Kannus;W;Vedenkorkeus;51.021;Lopetettu;5.8.1910;31.5.1975;Keski-Pohjanmaa;3882.0;3840.0;3801.0;;
2339;5300100;Reisjärvi;W;Vedenkorkeus;53.053;Lopetettu;1.4.1912;31.12.1963;Pohjois-Pohjanmaa;11327.0;;11256.0;;
2341;5300210;Haapajärvi;W;Vedenkorkeus;53.043;Lopetettu;1.1.1952;31.12.1963;Pohjois-Pohjanmaa;7890.0;;7822.0;;
2344;5300500;Raudaskoski;W;Vedenkorkeus;53.032;Lopetettu;1.4.1912;31.12.1978;Pohjois-Pohjanmaa;6517.0;6478.0;6440.0;;
2345;5300510;Raudaskoski;W;Vedenkorkeus;53.032;Lopetettu;1.8.1978;27.8.1979;Pohjois-Pohjanmaa;6498.0;6459.0;;;
2346;5300600;Ylivieska;W;Vedenkorkeus;53.022;Lopetettu;14.9.1911;28.2.1981;Pohjois-Pohjanmaa;4903.0;4862.0;4824.0;;
2347;5300700;Alavieska;W;Vedenkorkeus;53.022;Lopetettu;1.1.1913;31.12.1932;Pohjois-Pohjanmaa;4431.0;;4351.0;;
2348;5300710;Alavieska;W;Vedenkorkeus;53.022;Lopetettu;1.7.1912;31.12.1979;Pohjois-Pohjanmaa;4431.0;4389.0;4351.0;;
2350;5300800;Tynkä;W;Vedenkorkeus;53.012;Lopetettu;1.1.1911;31.12.1990;Pohjois-Pohjanmaa;1640.0;1598.0;1550.0;;
2351;5301100;Vääräjoki, Rautio;W;Vedenkorkeus;53.091;Lopetettu;29.4.1913;31.12.1993;Pohjois-Pohjanmaa;5018.0;4976.0;4930.0;;
2353;5400110;Pyhäjärvi, etelä;W;Vedenkorkeus;54.044;Lopetettu;24.9.1986;30.4.1992;Pohjois-Pohjanmaa;5018.0;4976.0;4930.0;;
2354;5400120;Kuppaankoski;W;Vedenkorkeus;54.044;Lopetettu;1.1.1937;26.2.1959;Pohjois-Pohjanmaa;5018.0;4976.0;4930.0;;
2356;5400210;Mieluskoski;W;Vedenkorkeus;54.022;Lopetettu;1.9.1979;30.6.1992;Pohjois-Pohjanmaa;8234.0;8193.0;;;
2357;5400220;Haapakoski;W;Vedenkorkeus;54.031;Lopetettu;1.9.1993;31.12.1995;Pohjois-Pohjanmaa;41.0;0.0;;;
2358;5400300;Napurinkallio;W;Vedenkorkeus;54.012;Lopetettu;22.6.1933;30.4.1971;Pohjois-Pohjanmaa;4262.0;4220.0;4183.0;;
2359;5400400;Pyhänkoski;W;Vedenkorkeus;54.012;Lopetettu;1.1.1912;21.11.1984;Pohjois-Pohjanmaa;3050.0;3008.0;;2993.0;
2362;5700200;Sipola;W;Vedenkorkeus;57.022;Lopetettu;26.10.1935;31.12.1970;Pohjois-Pohjanmaa;5462.0;5423.0;5387.0;;
2364;5700300;Mankila;W;Vedenkorkeus;57.021;Lopetettu;1.11.1935;31.12.1974;Pohjois-Pohjanmaa;4643.0;4604.0;4568.0;;
2370;5900200;Kiantajärvi, Suomussalmi;W;Vedenkorkeus;59.511;Lopetettu;01.01.1896;31.12.1962;Kainuu;19702.0;19673.0;19645.0;;
2371;5900210;Kiantajärvi, Ämmänsaari;W;Vedenkorkeus;59.511;Lopetettu;1.1.1951;31.12.1957;Kainuu;;;18210.0;;
2373;5900340;Iso Parvajärvi;W;Vedenkorkeus;59.651;Lopetettu;5.2.1976;19.6.2018;Kainuu;20511.0;20482.0;;;
2376;5900500;Niemelänjärvi;W;Vedenkorkeus;59.721;Lopetettu;1.4.1951;17.6.1975;Kainuu;20511.0;20482.0;;;
2382;5901000;Iijärvi;W;Vedenkorkeus;59.412;Lopetettu;1.1.1947;31.12.1967;Kainuu;13210.0;13180.0;;13167.0;
2388;5901830;Alasjärvi;W;Vedenkorkeus;59.976;Lopetettu;12.10.1976;31.12.1993;Kainuu;18716.0;18689.0;;;
2390;5902000;Lammasjärvi;W;Vedenkorkeus;59.912;Lopetettu;01.01.1896;31.12.1940;Kainuu;;;16130.0;;
2392;5902110;Murtosalmi;W;Vedenkorkeus;59.941;Lopetettu;20.11.1938;31.3.1981;Kainuu;15951.0;15922.0;;;
2393;5902200;Ontojärvi, Tervasalmi;W;Vedenkorkeus;59.911;Lopetettu;1.1.1912;31.12.1965;Kainuu;15698.0;15669.0;15639.0;;
2395;5902230;Ontojärvi, Katerma;W;Vedenkorkeus;59.911;Lopetettu;15.11.1950;30.4.1981;Kainuu;57.0;30.0;0.0;;
2396;5902300;Iso-Kiimanen;W;Vedenkorkeus;59.823;Lopetettu;16.7.1910;30.1.1964;Kainuu;13720.0;13690.0;13660.0;;
2398;5902500;Nuasjärvi, itä;W;Vedenkorkeus;59.811;Lopetettu;01.01.1896;15.10.1998;Kainuu;13595.0;13566.0;13535.0;;
2401;5902700;Koivukoski, ylä;W;Vedenkorkeus;59.811;Lopetettu;01.01.1896;31.12.1995;Kainuu;63.0;;0.0;;
2402;5902900;Ämmäkoski, ylä;W;Vedenkorkeus;59.331;Lopetettu;01.05.1891;31.12.1912;Kainuu;12703.0;;12640.0;;
2403;5903100;Kajaani;W;Vedenkorkeus;59.331;Lopetettu;22.7.1910;31.12.1990;Kainuu;12108.0;12078.0;12044.0;;
2404;5903200;Oulujärvi, Jormua;W;Vedenkorkeus;59.331;Lopetettu;4.6.1938;31.12.1969;Kainuu;12154.0;12124.0;12087.0;;
2406;5903300;Oulujärvi, Vuolijoki;W;Vedenkorkeus;59.321;Lopetettu;1.6.1938;31.12.1963;Kainuu;12160.0;12127.0;12092.0;;
2407;5903320;Oulujärvi, Manamansalo;W;Vedenkorkeus;59.311;Lopetettu;1.1.1970;31.12.1992;Pohjois-Pohjanmaa;12140.0;12108.0;;;
2411;5903500;Vaala;W;Vedenkorkeus;59.311;Lopetettu;01.01.1896;19.10.1950;Pohjois-Pohjanmaa;12155.0;;12083.0;;
2412;5903530;Alajärvi;W;Vedenkorkeus;59.261;Lopetettu;17.5.1949;31.12.1952;Pohjois-Pohjanmaa;72.0;;0.0;;
2413;5904000;Sotkajärvi;W;Vedenkorkeus;59.131;Lopetettu;28.7.1910;31.12.1966;Pohjois-Pohjanmaa;6924.0;;6855.0;;
2414;5904200;Muhos;W;Vedenkorkeus;59.112;Lopetettu;16.6.1910;31.12.1961;Pohjois-Pohjanmaa;1115.0;1077.0;1043.0;;
2417;6000160;Auhojärvi;W;Vedenkorkeus;60.083;Lopetettu;11.1.1977;31.12.1993;Kainuu;13561.0;13527.0;;;
2419;6000300;Kiiminki;W;Vedenkorkeus;60.011;Lopetettu;1.2.1962;31.8.1991;Pohjois-Pohjanmaa;3655.0;3615.0;;3603.0;
2421;6100110;Poussunjärvi;W;Vedenkorkeus;61.333;Lopetettu;1.1.1961;31.12.1994;Pohjois-Pohjanmaa;24980.0;24951.0;;24938.0;
2422;6100120;Keski-Kero;W;Vedenkorkeus;61.322;Lopetettu;1.1.1961;31.12.1965;Pohjois-Pohjanmaa;23589.0;23559.0;;23546.0;
2424;6100210;Irnijärvi, Runtti;W;Vedenkorkeus;61.313;Lopetettu;1.1.1960;31.12.1964;Pohjois-Pohjanmaa;23368.0;23337.0;;23324.0;
2427;6100240;Kurtinjärvi;W;Vedenkorkeus;61.392;Lopetettu;1.4.1980;30.4.1992;Pohjois-Pohjanmaa;22520.0;22488.0;;;
2429;6100310;Kuoliojoki;W;Vedenkorkeus;61.671;Lopetettu;1.1.1965;30.4.1970;Pohjois-Pohjanmaa;22520.0;22488.0;;;
2430;6100320;Kuoliojoki;W;Vedenkorkeus;61.671;Lopetettu;4.5.1970;31.12.1990;Pohjois-Pohjanmaa;23725.0;23693.0;;;
2432;6100400;Koitijärvi;W;Vedenkorkeus;61.612;Lopetettu;1.10.1955;31.12.1991;Pohjois-Pohjanmaa;32.0;0.0;;;
2434;6100610;Naamankajärvi;W;Vedenkorkeus;61.761;Lopetettu;8.8.1960;19.6.2018;Kainuu;17264.0;17232.0;;;
2435;6100614;Näljänkäjärvi;W;Vedenkorkeus;61.771;Lopetettu;1.2.1977;31.12.1994;Kainuu;18503.0;18472.0;;;
2437;6100630;Korvuanjärvi;W;Vedenkorkeus;61.753;Lopetettu;26.2.1960;18.6.2018;Kainuu;24147.0;24116.0;;;
2440;6100900;Kurenalus;W;Vedenkorkeus;61.211;Lopetettu;1.1.1956;12.5.1975;Pohjois-Pohjanmaa;11831.0;11796.0;11758.0;;
2441;6100910;Kurenalus;W;Vedenkorkeus;61.211;Lopetettu;8.10.1975;30.6.1985;Pohjois-Pohjanmaa;11482.0;11447.0;;;
2443;6101200;Livojoki, Hanhikoski;W;Vedenkorkeus;61.512;Lopetettu;8.9.1959;31.8.1970;Pohjois-Pohjanmaa;11482.0;11447.0;;;
2445;6101400;Kipinä;W;Vedenkorkeus;61.124;Lopetettu;20.9.1955;31.12.1995;Pohjois-Pohjanmaa;9782.0;9745.0;;9731.0;
2447;6101700;Yli-Ii;W;Vedenkorkeus;61.121;Lopetettu;21.9.1959;31.12.1967;Pohjois-Pohjanmaa;3914.0;3876.0;;3862.0;
2448;6101800;Maalismaa;W;Vedenkorkeus;61.121;Lopetettu;1.1.1968;31.12.1991;Pohjois-Pohjanmaa;75.0;;0.0;;
2449;6101900;Merikoski;W;Vedenkorkeus;84V107;Lopetettu;1.1.1911;20.6.1971;Pohjois-Pohjanmaa;570.0;531.0;493.0;;
2451;6300200;Kuivaniemi;W;Vedenkorkeus;63.011;Lopetettu;1.1.1912;31.12.1979;Pohjois-Pohjanmaa;439.0;399.0;361.0;;
2454;6400300;Portimonsalmi;W;Vedenkorkeus;64.033;Lopetettu;3.5.1961;31.12.1995;Lappi;14098.0;14062.0;;14048.0;
2456;6400400;Simo;W;Vedenkorkeus;64.012;Lopetettu;10.4.1912;31.12.1963;Lappi;753.0;;676.0;;
2459;6500240;Angeljoki;W;Vedenkorkeus;65.929;Lopetettu;13.10.1976;31.12.1988;Lappi;31.0;;;0.0;
2464;6500500;Kitinen, Kairala;W;Vedenkorkeus;65.812;Lopetettu;19.8.1921;31.12.1960;Lappi;;;14690.0;;
2465;6500510;Kitinen, Kokkosniva;W;Vedenkorkeus;65.813;Lopetettu;22.3.1959;31.12.1989;Lappi;14970.0;14938.0;;14924.0;
2470;6501500;Yli-Suolijärvi;W;Vedenkorkeus;65.393;Lopetettu;6.4.1948;31.12.1959;Lappi;72.0;40.0;0.0;;
2472;6501600;Ala-Suolijärvi;W;Vedenkorkeus;65.392;Lopetettu;2.4.1948;29.8.1973;Lappi;72.0;40.0;0.0;;
2477;6502011;Kemijärvi, Luusua;W;Vedenkorkeus;65.311;Lopetettu;1.1.1950;31.12.1965;Lappi;14617.0;14584.0;14550.0;;
2479;6502040;Lautasalmi;W;Vedenkorkeus;65.311;Lopetettu;12.3.1954;31.12.1964;Lappi;14579.0;14546.0;;14532.0;
3905;6501510;Yli-Suolijärvi;W;Vedenkorkeus;65.393;Lopetettu;1.5.1959;30.6.1976;Lappi;72.0;40.0;0.0;;
3860;4200435;Jouttikoski, Testiasema;W;Vedenkorkeus;42.072;Lopetettu;7.4.2021;5.5.2021;Etelä-Pohjanmaa;53.0;;;0.0;
3816;2701400;Paimion Vähäjoki;W;Vedenkorkeus;27.014;Lopetettu;22.1.2020;17.10.2025;Varsinais-Suomi;0.0;;;;
2489;6502150;Juottaan tekojärvi;W;Vedenkorkeus;65.271;Lopetettu;1.1.1970;30.9.2015;Lappi;;;12000.0;;
2490;6502200;Viiri;W;Vedenkorkeus;65.212;Lopetettu;15.8.1918;31.12.1967;Lappi;;;7707.0;;
2493;6502500;Olkkajärvi;W;Vedenkorkeus;65.712;Lopetettu;1.11.1949;31.12.1969;Lappi;;;9705.0;;
2500;6503400;Ounasjoki,;W;Vedenkorkeus;65.523;Lopetettu;27.11.1940;31.12.1964;Lappi;;;9705.0;;
2503;6503700;Ounasjoki, Marraskoski;W;Vedenkorkeus;65.521;Lopetettu;1.1.1919;31.10.1970;Lappi;8695.0;8660.0;8620.0;;
2505;6503800;Ounaskoski, ylä;W;Vedenkorkeus;65.211;Lopetettu;9.2.1935;28.2.1996;Lappi;7148.0;7112.0;7073.0;;
2508;6504030;Rautionsuvanto;W;Vedenkorkeus;65.131;Lopetettu;15.4.1946;31.12.1965;Lappi;6042.0;6005.0;5966.0;;
2511;6504080;Narkauskoski, ylä;W;Vedenkorkeus;65.121;Lopetettu;14.9.1940;29.12.1963;Lappi;;;3454.0;;
2512;6504088;Narkauskoski, ylä;W;Vedenkorkeus;65.121;Lopetettu;1.1.1971;30.4.1977;Lappi;52.0;;;0.0;
2514;6504222;Ossauskoski, ala;W;Vedenkorkeus;65.112;Lopetettu;1.1.1968;31.12.1970;Lappi;52.0;14.0;;0.0;
2516;6504244;Paakkola;W;Vedenkorkeus;65.112;Lopetettu;21.9.1949;19.1.1963;Lappi;1974.0;1934.0;;1920.0;
2517;6504250;Taivalkoski, ylä;W;Vedenkorkeus;65.112;Lopetettu;27.9.1940;30.11.1967;Lappi;1736.0;1696.0;1659.0;;
2520;6504420;Isohaara, ala;W;Vedenkorkeus;65.111;Lopetettu;1.1.1970;29.2.1992;Lappi;55.0;;;0.0;
2523;6700300;Könkämäeno, Ropinsalmi;W;Vedenkorkeus;67.67;Lopetettu;1.7.1971;31.12.1990;Lappi;39740.0;;;39720.0;39735.0
2524;6700400;Könkämäeno, Luspajärämä;W;Vedenkorkeus;67.61;Lopetettu;1.7.1971;31.12.1990;Lappi;36167.0;;;36144.0;36159.0
2525;6700420;Rommaeno;W;Vedenkorkeus;67.761;Lopetettu;1.7.1971;31.8.1977;Lappi;44956.0;;;44938.0;44953.0
2526;6700440;Poroeno, Munnikurkkio;W;Vedenkorkeus;67.73;Lopetettu;1.7.1971;31.5.1979;Lappi;44926.0;;;44907.0;44922.0
2527;6700500;Muonionjoki, Kaaresuvanto;W;Vedenkorkeus;67.531;Lopetettu;26.8.1958;22.10.1963;Lappi;31954.0;31931.0;;31917.0;
2529;6700540;Palojoki;W;Vedenkorkeus;67.571;Lopetettu;1.7.1971;30.6.1992;Lappi;27301.0;;;27273.0;
2530;6700600;Muonionjoki, Kätkäsuvanto;W;Vedenkorkeus;67.431;Lopetettu;1.7.1971;30.11.1989;Lappi;24232.0;;;24203.0;24218.0
2531;6700700;Jerisjärvi;W;Vedenkorkeus;67.473;Lopetettu;12.9.1938;12.8.2015;Lappi;25731.0;25705.0;;;
2533;6701000;Äkäsjoensuu;W;Vedenkorkeus;67.341;Lopetettu;4.9.1958;30.6.1992;Lappi;;;;;15340.0
2534;6701100;Ylläsjoki;W;Vedenkorkeus;67.371;Lopetettu;24.9.1960;31.12.1972;Lappi;;;;;15340.0
2537;6701600;Kattilakoski;W;Vedenkorkeus;67.211;Lopetettu;1.9.1937;31.12.1964;Lappi;;;5619.0;;5659.0
2542;6702000;Portimojärvi;W;Vedenkorkeus;67.912;Lopetettu;28.4.1936;31.7.1986;Lappi;6189.0;6150.0;6115.0;;
2543;6702010;Törmäslompolo;W;Vedenkorkeus;67.913;Lopetettu;1.1.1961;30.6.1988;Lappi;38.0;0.0;;-14.0;
2545;6702020;Lohijärvi;W;Vedenkorkeus;67.922;Lopetettu;1.1.1963;31.12.1984;Lappi;;;0.0;;
2546;6702100;Vuennonkoski;W;Vedenkorkeus;67.131;Lopetettu;1.1.1960;31.12.1990;Lappi;4256.0;4216.0;;4202.0;
2549;6702300;Liakanjoki;W;Vedenkorkeus;67.111;Lopetettu;14.9.1958;31.12.1993;Lappi;655.0;614.0;;;
2550;6702510;Tornio;W;Vedenkorkeus;67.111;Lopetettu;1.1.1938;31.12.1995;Lappi;-26.0;-67.0;-104.0;;
2558;7101000;Ukonjärvi;W;Vedenkorkeus;71.111;Lopetettu;23.7.1951;31.12.1995;Lappi;21.0;;;0.0;
2560;7101300;Ivalojoki, Toloskoski;W;Vedenkorkeus;71.413;Lopetettu;1.8.1921;31.12.1980;Lappi;;;;;12490.0
2563;7101600;Inari, Kessivuono;W;Vedenkorkeus;71.111;Lopetettu;24.7.1925;29.2.1980;Lappi;11678.0;11659.0;11632.0;;
2566;7101900;Paatsjoki, Teproköngäs;W;Vedenkorkeus;71;Lopetettu;1.1.1944;30.4.1951;Lappi;11678.0;11659.0;11632.0;;
2567;7200100;Yli-Nuortti;W;Vedenkorkeus;72.044;Lopetettu;1.1.1987;31.5.1992;Lappi;11678.0;11659.0;11632.0;;
2572;7300230;Yli-Kitka, Honkasalmi;W;Vedenkorkeus;73.025;Lopetettu;26.8.1986;31.12.1993;Lappi;23990.0;23959.0;;;
2573;7300300;Ylä-Juumajärvi;W;Vedenkorkeus;73.022;Lopetettu;1.1.1968;30.6.1992;Pohjois-Pohjanmaa;22224.0;22195.0;;;
2574;7301100;Vuotunki;W;Vedenkorkeus;73.042;Lopetettu;1.1.1963;31.12.1995;Pohjois-Pohjanmaa;;;0.0;;
2576;7301800;Suininki;W;Vedenkorkeus;73.043;Lopetettu;1.7.1971;31.12.1993;Pohjois-Pohjanmaa;25128.0;25099.0;25071.0;;
2577;7400200;Kuusamojärvi;W;Vedenkorkeus;74.031;Lopetettu;1.1.1938;31.12.1996;Pohjois-Pohjanmaa;25222.0;25193.0;25160.0;;
2579;8203000;Lemström;W;Vedenkorkeus;94.11;Lopetettu;1.1.1970;31.12.1988;Ahvenanmaa;25222.0;25193.0;25160.0;;
2610;5900181;Hamppusperä;W;Vedenkorkeus;59.541;Lopetettu;31.12.1980;30.11.2007;Kainuu;21304.0;21273.0;;21260.0;
2611;5900182;Itäjärvi;W;Vedenkorkeus;59.546;Lopetettu;31.12.1980;22.8.2005;Kainuu;21893.0;21863.0;;;
2612;5900183;Pieni-Pesiöjärvi;W;Vedenkorkeus;59.542;Lopetettu;30.3.1981;22.8.2005;Kainuu;21379.0;21348.0;;;
2613;5900184;Mustajärvi;W;Vedenkorkeus;59.543;Lopetettu;31.12.1980;31.8.2005;Kainuu;22244.0;22213.0;;;
2614;5900185;Lapinlampi;W;Vedenkorkeus;59.542;Lopetettu;31.12.1980;30.11.2007;Kainuu;21597.0;21566.0;;21553.0;
2615;5900186;Vaatojärvi;W;Vedenkorkeus;59.541;Lopetettu;30.11.1980;1.8.2001;Kainuu;21599.0;21569.0;;21556.0;
2616;5900187;Rapuanlampi;W;Vedenkorkeus;59.544;Lopetettu;27.1.1990;31.12.2009;Kainuu;24167.0;24136.0;;24123.0;
2617;5900188;Tuomijoki;W;Vedenkorkeus;59.544;Lopetettu;17.4.1991;22.8.2005;Kainuu;21446.0;21415.0;;;
2618;5902131;Alajärvi;W;Vedenkorkeus;59.991;Lopetettu;2.4.1984;9.2.1994;Kainuu;16786.0;16758.0;;;
2619;5900101;Iijärvi;W;Vedenkorkeus;59.531;Lopetettu;15.1.1991;23.5.1993;Pohjois-Pohjanmaa;21751.0;;;21708.0;
2620;5901301;Iivantiira;W;Vedenkorkeus;59.922;Lopetettu;3.4.1984;16.8.1984;Kainuu;17338.0;17310.0;;;
2621;5902281;Iso-tipasjärvi;W;Vedenkorkeus;59.853;Lopetettu;14.12.1982;30.11.1985;Kainuu;19287.0;19259.0;;;
2622;5901601;Juolunkajärvi;W;Vedenkorkeus;59.952;Lopetettu;30.12.1988;19.12.1991;Kainuu;18488.0;18460.0;;;
2623;5902121;Jämäsjärvi;W;Vedenkorkeus;59.981;Lopetettu;3.4.1984;15.8.1984;Kainuu;17054.0;;;17015.0;
2624;5901121;Kaihlanen;W;Vedenkorkeus;59.342;Lopetettu;20.10.1988;3.11.1999;Pohjois-Pohjanmaa;12889.0;12856.0;;12842.0;
2625;5901611;Kaurojärvi;W;Vedenkorkeus;59.953;Lopetettu;4.1.1989;1.12.1991;Kainuu;18859.0;18831.0;;;
2626;5901401;Luulajanjärvi;W;Vedenkorkeus;59.962;Lopetettu;4.4.1984;15.8.1984;Kainuu;18096.0;18069.0;;;
2627;5902541;Särämäjärvi;W;Vedenkorkeus;59.813;Lopetettu;19.12.1990;22.9.1993;Kainuu;13728.0;13698.0;;;
2628;5901612;Veräinen;W;Vedenkorkeus;59.953;Lopetettu;10.1.1989;8.12.1991;Kainuu;18860.0;18832.0;;;
2629;5900189;Heinäjoki;W;Vedenkorkeus;59.545;Lopetettu;11.6.1993;30.6.2003;Kainuu;21483.0;21452.0;;;
2630;5901211;Mainuanjärvi;W;Vedenkorkeus;59.371;Lopetettu;2.1.1955;30.5.1983;Kainuu;13756.0;;;13713.0;
2631;5903441;Paatinjärvi;W;Vedenkorkeus;59.265;Lopetettu;8.2.1989;13.1.2001;Pohjois-Pohjanmaa;14037.0;14003.0;;;
2632;6000111;Ristijärvi;W;Vedenkorkeus;60.052;Lopetettu;7.2.1985;31.12.1994;Kainuu;15027.0;14994.0;;;
2633;6000112;Vihajärvi;W;Vedenkorkeus;60.053;Lopetettu;3.2.1987;29.12.1994;Kainuu;15086.0;15053.0;;;
2634;6100641;Askanjärvi;W;Vedenkorkeus;61.782;Lopetettu;14.7.1988;27.12.1992;Kainuu;17121.0;;;17074.0;
2635;6100602;Harjajärvi;W;Vedenkorkeus;61.762;Lopetettu;13.7.1988;12.5.1993;Kainuu;18811.0;;;18767.0;
2636;6100612;Hietajärvi;W;Vedenkorkeus;61.732;Lopetettu;20.7.1988;8.5.1993;Kainuu;20915.0;;;20870.0;
2637;6100604;Jokijärvi;W;Vedenkorkeus;61.762;Lopetettu;5.7.1988;15.12.1992;Kainuu;17404.0;;;17360.0;
2638;6100603;Kaihlanen;W;Vedenkorkeus;61.762;Lopetettu;5.7.1988;15.12.1992;Kainuu;17540.0;;;17496.0;
2639;6100601;Leväjärvi;W;Vedenkorkeus;61.762;Lopetettu;13.7.1988;12.5.1993;Kainuu;19474.0;;;19430.0;
2640;6100611;Lylyjärvi;W;Vedenkorkeus;61.732;Lopetettu;6.7.1988;7.5.1993;Kainuu;20347.0;;;20302.0;
2652;8201000;Myllyjärvi;W;Vedenkorkeus;82.058;Lopetettu;26.1.1988;28.1.2011;Varsinais-Suomi;1601.0;1571.0;;;
2653;3509330;Loimijoki, Tammiaisten silta;W;Vedenkorkeus;35.914;Lopetettu;10.4.1969;29.6.2002;Varsinais-Suomi;6428.0;6397.0;;;
2655;3509340;Loimijoki, Tamareen silta;W;Vedenkorkeus;35.914;Lopetettu;19.12.1960;31.1.2011;Satakunta;6423.0;6392.0;;;
2656;8300200;Kaljasjärvi;W;Vedenkorkeus;83.012;Lopetettu;9.10.1980;31.10.2010;Varsinais-Suomi;1554.0;1521.0;;;
2657;3100100;Elijärvi;W;Vedenkorkeus;31.003;Lopetettu;15.9.1960;31.12.2009;Varsinais-Suomi;5424.0;5394.0;;;
2665;3600330;Ruokojärvi;W;Vedenkorkeus;36.027;Lopetettu;1.1.1972;22.12.2020;Satakunta;7548.0;7512.0;;;
2666;3600900;Hirvijärvi;W;Vedenkorkeus;36.062;Lopetettu;1.1.1963;26.12.2009;Satakunta;4371.0;4333.0;;;
2668;3600210;Karvianjoki,Vahokoski, Kuusela;W;Vedenkorkeus;36.033;Lopetettu;1.1.1967;10.11.2009;Satakunta;11295.0;11258.0;;;
2673;3509710;Vesikoski;W;Vedenkorkeus;35.922;Lopetettu;1.1.2000;31.12.2005;Varsinais-Suomi;30.0;0.0;;;
2676;4600100;Purmojärvi;W;Vedenkorkeus;46.041;Lopetettu;5.2.1983;21.12.1998;Etelä-Pohjanmaa;41.0;0.0;;;
2695;4400130;Kauhajärvi;W;Vedenkorkeus;44.063;Lopetettu;24.4.1961;29.12.1974;Etelä-Pohjanmaa;53.0;;;0.0;
2698;4400111;Rantatöysänjärvi, mt.silta;W;Vedenkorkeus;44.071;Lopetettu;1.3.1963;31.12.2005;Etelä-Pohjanmaa;50.0;;;0.0;
2717;4900210;Halsuanjoki, Lehtomaan silta;W;Vedenkorkeus;49.032;Lopetettu;1.1.1989;30.9.1996;Keski-Pohjanmaa;52.0;;;0.0;
2738;4200412;Seinäjoki, Seinäjoen pato;W;Vedenkorkeus;42.071;Lopetettu;5.9.2002;17.10.2015;Etelä-Pohjanmaa;52.0;;;0.0;
2765;0101100;Jänisjoki, Saario, ylä;W;Vedenkorkeus;01.012;Lopetettu;1.1.1965;31.8.2007;Pohjois-Karjala;7919.0;7900.0;;;
2767;0101000;Jänisjoki, Vihtakoski, ylä;W;Vedenkorkeus;01.013;Lopetettu;1.1.1965;31.8.2007;Pohjois-Karjala;8820.0;8800.0;;;
2770;0100300;Konnunniemenkoski y;W;Vedenkorkeus;01.031;Lopetettu;1.6.1977;6.11.1998;Pohjois-Karjala;10981.0;10960.0;;;
2790;0405111;Täitimenjärvi;W;Vedenkorkeus;04.318;Lopetettu;11.4.1939;25.7.2012;Pohjois-Karjala;21.0;0.0;-7.0;;
2792;0404510;Jukajärvi;W;Vedenkorkeus;04.337;Lopetettu;5.4.1948;31.5.2005;Pohjois-Karjala;9781.0;9758.0;9745.0;;
2797;0404990;Suu-Särki;W;Vedenkorkeus;04.353;Lopetettu;16.12.1957;22.12.2005;Pohjois-Karjala;25.0;0.0;;;
2798;0404991;Kaitalampi;W;Vedenkorkeus;04.353;Lopetettu;16.12.1957;22.12.2005;Pohjois-Karjala;25.0;0.0;;;
2799;0408530;Särkiselkä;W;Vedenkorkeus;04.726;Lopetettu;4.1.1999;22.12.2005;Pohjois-Karjala;25.0;0.0;;;
2805;0405115;Särkijärvi;W;Vedenkorkeus;04.376;Lopetettu;23.4.1969;16.6.2004;Pohjois-Karjala;8653.0;8632.0;8625.0;;
2817;0401130;Saramojoki, Louhikoski;W;Vedenkorkeus;04.473;Lopetettu;1.4.2003;31.8.2021;Pohjois-Karjala;8653.0;8632.0;8625.0;;
2820;0401520;Viekijärvi;W;Vedenkorkeus;04.482;Lopetettu;1.2.1991;18.8.2004;Pohjois-Karjala;9326.0;9300.0;;;
2822;0408540;Kolmikanta;W;Vedenkorkeus;04.726;Lopetettu;30.12.1957;29.12.1993;Pohjois-Karjala;25.0;0.0;;;
1723;0101410;Sääperi;W;Vedenkorkeus;01.011;Lopetettu;6.1.1980;31.12.1993;Pohjois-Karjala;6419.0;6400.0;;;
1726;0300200;Iso-Kivijärvi;W;Vedenkorkeus;03.021;Lopetettu;1.1.1913;31.12.1939;Etelä-Karjala;6892.0;;6867.0;;
1727;0300300;Pieni-Kivijärvi;W;Vedenkorkeus;03.021;Lopetettu;1.1.1914;31.12.1934;Etelä-Karjala;6915.0;;6890.0;;
1728;0300400;Kokkolanjoki;W;Vedenkorkeus;03.011;Lopetettu;27.6.1931;31.8.1944;Etelä-Karjala;1214.0;;1210.0;;
1729;0400400;Lieksanjoki, Kokkojärvi;W;Vedenkorkeus;04.492;Lopetettu;1.1.1969;31.5.1992;Pohjois-Karjala;13864.0;13840.0;;;
1730;0400500;Jongunjoki, Kattilalampi;W;Vedenkorkeus;04.431;Lopetettu;1.1.1917;30.6.1963;Pohjois-Karjala;13864.0;13840.0;;;
1731;0400510;Jongunjoki, Viitakoski;W;Vedenkorkeus;04.432;Lopetettu;15.11.1963;31.12.1972;Pohjois-Karjala;10384.0;10358.0;10331.0;;
1734;0400620;Lieksanjoki, Pankakoski, Niska;W;Vedenkorkeus;04.423;Lopetettu;1.1.1952;31.10.2015;Pohjois-Karjala;11043.0;11018.0;11000.0;;
1736;0400650;Lieksanjoki, Pankakoski, ylä;W;Vedenkorkeus;04.423;Lopetettu;1.1.1971;31.12.1995;Pohjois-Karjala;43.0;;0.0;;
1737;0400700;Pankajärvi, Petronkoski;W;Vedenkorkeus;04.423;Lopetettu;28.9.1911;31.12.1952;Pohjois-Karjala;11437.0;;11394.0;;
1738;0400710;Lieksanjoki, Pankakoski, ala;W;Vedenkorkeus;04.423;Lopetettu;19.3.1945;31.12.1995;Pohjois-Karjala;43.0;18.0;0.0;;
1740;0400750;Lieksanjoki, Lieksankoski, ylä;W;Vedenkorkeus;04.422;Lopetettu;1.1.1971;31.12.1995;Pohjois-Karjala;44.0;;0.0;;
1741;0400800;Lieksanjoki, Höpöttäjänvirta;W;Vedenkorkeus;04.421;Lopetettu;1.1.1905;13.4.1961;Pohjois-Karjala;9976.0;;9932.0;;
1743;0400900;Viekijoki;W;Vedenkorkeus;04.483;Lopetettu;1.1.1917;31.12.1919;Pohjois-Karjala;9976.0;;9932.0;;
1744;0401100;Saramojoki, Roukkajankoski;W;Vedenkorkeus;04.472;Lopetettu;1.1.1917;25.9.1973;Pohjois-Karjala;9976.0;;9932.0;;
1746;0401200;Saramojoki, Ylikylä;W;Vedenkorkeus;04.471;Lopetettu;1.1.1945;31.12.1950;Pohjois-Karjala;9492.0;;9440.0;;
1747;0401300;Valtimonjoki, Kuokkastenkoski;W;Vedenkorkeus;04.461;Lopetettu;1.1.1944;7.3.1962;Pohjois-Karjala;10305.0;;10254.0;;
1750;0401510;Pielinen, Lieksa;W;Vedenkorkeus;04.411;Lopetettu;1.1.1912;30.6.1992;Pohjois-Karjala;9239.0;9213.0;9198.0;;
1751;0401600;Pielinen, Ahvenisenvirta, ylä;W;Vedenkorkeus;04.411;Lopetettu;17.8.1904;31.12.1925;Pohjois-Karjala;9228.0;;9188.0;;
1752;0401700;Pielinen, Ahvenisenvirta, ala;W;Vedenkorkeus;04.411;Lopetettu;17.8.1904;31.12.1925;Pohjois-Karjala;9222.0;;9182.0;;
1754;0401800;Pielisjoki, Uimasalmi;W;Vedenkorkeus;04.342;Lopetettu;1.1.1940;31.5.1992;Pohjois-Karjala;9228.0;9204.0;9188.0;;
1756;0402100;Koitajoki, Möhkönkoski;W;Vedenkorkeus;04.922;Lopetettu;1.1.1962;31.12.1965;Pohjois-Karjala;;;0.0;;
1762;0402400;Koitajoki, Lylykoski;W;Vedenkorkeus;04.912;Lopetettu;1.1.1906;31.8.1958;Pohjois-Karjala;;;14242.0;;
1763;0402410;Koitajoki, Lylykoski;W;Vedenkorkeus;04.921;Lopetettu;1.9.1958;31.10.1976;Pohjois-Karjala;37.0;14.0;0.0;;
1765;0402500;Koitajoki, Niemiskoski;W;Vedenkorkeus;04.913;Lopetettu;1.1.1954;27.4.1955;Pohjois-Karjala;13707.0;;13669.0;;
1768;0402700;Koitere, Kohtavaara;W;Vedenkorkeus;04.941;Lopetettu;1.1.1912;31.12.1970;Pohjois-Karjala;14235.0;14212.0;14197.0;;
1769;0402710;Pirttikoski,Ylä;W;Vedenkorkeus;04.941;Lopetettu;1.1.1939;31.12.1969;Pohjois-Karjala;14232.0;;14194.0;;
1772;0402800;Koitajoki, Siikakoski;W;Vedenkorkeus;04.913;Lopetettu;12.8.1904;15.9.1955;Pohjois-Karjala;9609.0;;9570.0;;
1773;0402820;Jäsysjärvi;W;Vedenkorkeus;04.911;Lopetettu;1.1.1965;31.12.1984;Pohjois-Karjala;39.0;;0.0;;
1774;0402900;Pielisjoki, Häihä, ylä;W;Vedenkorkeus;04.342;Lopetettu;01.01.1877;9.7.1959;Pohjois-Karjala;9096.0;;9058.0;;
1776;0403000;Pielisjoki, Häihä, ala;W;Vedenkorkeus;04.342;Lopetettu;01.01.1877;9.7.1959;Pohjois-Karjala;9013.0;;8975.0;;
1777;0403100;Pielisjoki, Kaltimo, ylä;W;Vedenkorkeus;04.342;Lopetettu;01.01.1877;31.12.1995;Pohjois-Karjala;38.0;;0.0;;
1779;0403200;Pielisjoki, Kaltimo, ala;W;Vedenkorkeus;04.342;Lopetettu;1.1.1932;31.12.1995;Pohjois-Karjala;38.0;;0.0;;
1781;0403300;Pielisjoki, Nesterinsaari, ylä;W;Vedenkorkeus;04.342;Lopetettu;01.01.1877;12.7.1956;Pohjois-Karjala;8510.0;;8471.0;;
1782;0403400;Pielisjoki, Nesterinsaari, ala;W;Vedenkorkeus;04.341;Lopetettu;01.01.1877;12.7.1956;Pohjois-Karjala;8326.0;;8287.0;;
1783;0403500;Pielisjoki, Saapaskoski, ylä;W;Vedenkorkeus;04.341;Lopetettu;01.01.1878;31.8.1959;Pohjois-Karjala;8328.0;;8290.0;;
1784;0403600;Pielisjoki, Saapaskoski, ala;W;Vedenkorkeus;04.341;Lopetettu;01.01.1878;31.8.1959;Pohjois-Karjala;8184.0;;8146.0;;
1785;0403700;Pielisjoki, Jakokoski, ylä;W;Vedenkorkeus;04.341;Lopetettu;01.01.1878;31.10.1970;Pohjois-Karjala;8175.0;8152.0;8137.0;;
1787;0403800;Pielisjoki, Jakokoski, ala;W;Vedenkorkeus;04.332;Lopetettu;01.01.1878;31.10.1970;Pohjois-Karjala;8109.0;8086.0;8071.0;;
1788;0403900;Pielisjoki, Haapavirta, ylä;W;Vedenkorkeus;04.332;Lopetettu;01.07.1882;30.11.1970;Pohjois-Karjala;8082.0;8059.0;8045.0;;
1789;0404000;Pielisjoki, Haapavirta, ala;W;Vedenkorkeus;04.332;Lopetettu;01.01.1883;30.11.1970;Pohjois-Karjala;8012.0;7989.0;7975.0;;
1790;0404100;Pielisjoki, Paihola, ylä;W;Vedenkorkeus;04.332;Lopetettu;01.08.1876;28.2.1995;Pohjois-Karjala;7945.0;7922.0;7908.0;;
1791;0404200;Pielisjoki, Paihola, ala;W;Vedenkorkeus;04.332;Lopetettu;01.08.1876;30.11.1970;Pohjois-Karjala;7889.0;7866.0;7851.0;;
1792;0404300;Pielisjoki, Kuurna, ylä;W;Vedenkorkeus;04.332;Lopetettu;01.08.1876;9.11.1970;Pohjois-Karjala;7875.0;7852.0;7837.0;;
1794;0404400;Pielisjoki, Kuurna, ala;W;Vedenkorkeus;04.331;Lopetettu;01.08.1876;9.11.1970;Pohjois-Karjala;7666.0;7643.0;7628.0;;
1796;0404500;Pielisjoki, Utra, ylä;W;Vedenkorkeus;04.331;Lopetettu;01.07.1875;4.5.1971;Pohjois-Karjala;7593.0;7570.0;7556.0;;
1797;0404600;Pielisjoki, Utra, ala;W;Vedenkorkeus;04.331;Lopetettu;01.01.1876;19.5.1971;Pohjois-Karjala;7432.0;7409.0;7395.0;;
1798;0404610;Pielisjoki, Utra, ala;W;Vedenkorkeus;04.331;Lopetettu;1.1.1972;29.2.1992;Pohjois-Karjala;37.0;;0.0;;
1800;0404800;Höytiäinen;W;Vedenkorkeus;04.821;Lopetettu;1.1.1913;31.3.1940;Pohjois-Karjala;8677.0;;8637.0;;
1801;0404810;Höytiäinen;W;Vedenkorkeus;04.821;Lopetettu;5.3.1938;31.12.1991;Pohjois-Karjala;39.0;16.0;0.0;;
1803;0404820;Puntarikoski,Ala;W;Vedenkorkeus;huhti.81;Lopetettu;14.6.1950;9.11.1956;Pohjois-Karjala;7977.0;;7938.0;;
1804;0404830;Höytiäinen, Puntarikoski, ylä;W;Vedenkorkeus;04.821;Lopetettu;1.1.1961;31.1.1982;Pohjois-Karjala;39.0;;0.0;;
1805;0404900;Viinijärvi, Lamminniemi;W;Vedenkorkeus;04.352;Lopetettu;20.6.1912;31.12.1941;Pohjois-Karjala;7838.0;;7797.0;;
1807;0404920;Taipaleenjoki;W;Vedenkorkeus;04.351;Lopetettu;15.4.1986;30.11.1993;Pohjois-Karjala;7737.0;7713.0;;;
1810;0405110;Pyhäselkä, Tikka;W;Vedenkorkeus;04.321;Lopetettu;1.1.1937;30.9.1976;Pohjois-Karjala;7141.0;7119.0;7108.0;;
1811;0405120;Pyhäselkä, Höytiäisenkanava;W;Vedenkorkeus;huhti.81;Lopetettu;6.1.1958;29.2.1996;Pohjois-Karjala;39.0;;0.0;;
1813;0405200;Orivesi, Puhos;W;Vedenkorkeus;04.311;Lopetettu;1.1.1913;28.2.2005;Pohjois-Karjala;7518.0;7498.0;7490.0;;
1814;0405300;Ylä-Enonvesi;W;Vedenkorkeus;04.291;Lopetettu;1.1.1980;31.12.1995;Etelä-Savo;32.0;10.0;0.0;;
1815;0405310;Ylä-Enonvesi, Enonkoski;W;Vedenkorkeus;04.221;Lopetettu;1.11.1984;31.12.1990;Etelä-Savo;8019.0;7998.0;;;
1817;0405440;Luupujoki;W;Vedenkorkeus;04.572;Lopetettu;10.10.1974;3.1.1999;Pohjois-Savo;12300.0;12269.0;;;
1818;0405500;Kiurujoki, Saarikoski, ylä;W;Vedenkorkeus;04.523;Lopetettu;1.1.1907;31.12.1950;Pohjois-Savo;8732.0;;8672.0;;
1819;0405600;Kiurujoki, Saarikoski, ala;W;Vedenkorkeus;04.523;Lopetettu;1.7.1906;31.12.1934;Pohjois-Savo;8433.0;;8373.0;;
1821;0406000;Sonkajärvi;W;Vedenkorkeus;04.583;Lopetettu;19.4.1962;31.12.1969;Pohjois-Savo;9567.0;9537.0;;9526.0;
1823;0406100;Porovesi, Iisalmi;W;Vedenkorkeus;04.521;Lopetettu;16.8.1916;31.12.1995;Pohjois-Savo;8519.0;8489.0;8460.0;;
1825;0406300;Onkivesi, Nerkoo, ala;W;Vedenkorkeus;04.511;Lopetettu;01.03.1868;31.12.1995;Pohjois-Savo;55.0;24.0;0.0;;
2160;2700180;Pusulanjärvi;W;Vedenkorkeus;27.032;Lopetettu;1.1.1971;31.12.2001;Varsinais-Suomi;11.0;-17.0;;;
2163;3000200;Mynäjoki;W;Vedenkorkeus;30.003;Lopetettu;1.9.1986;30.9.1998;Varsinais-Suomi;2125.0;2096.0;;;
2171;3400150;Kauttua, ala;W;Vedenkorkeus;34.022;Lopetettu;3.1.1972;12.9.2021;Satakunta;44.0;11.0;-15.0;0.0;
2172;3400200;Köyliönjärvi;W;Vedenkorkeus;34.053;Lopetettu;6.2.1959;31.12.1970;Satakunta;3966.0;3933.0;;3922.0;
2174;3400300;Köyliönjoki;W;Vedenkorkeus;34.051;Lopetettu;1.1.1970;30.4.1974;Satakunta;3966.0;3933.0;;3922.0;
2177;3400500;Suutelankoski;W;Vedenkorkeus;34.011;Lopetettu;1.1.1961;31.12.1984;Satakunta;330.0;296.0;;;
2178;3500100;Juupajoki;W;Vedenkorkeus;35.751;Lopetettu;1.9.1910;30.6.1952;Pirkanmaa;8856.0;;8803.0;;
2181;3500400;Pitkävesi;W;Vedenkorkeus;35.761;Lopetettu;1.9.1910;31.12.1950;Pirkanmaa;10589.0;;10539.0;;
2182;3500500;Orivesi;W;Vedenkorkeus;35.721;Lopetettu;01.01.1885;31.12.1957;Pirkanmaa;8380.0;;8328.0;;
2183;3500510;Längelmävesi, Kuoresalmi;W;Vedenkorkeus;35.721;Lopetettu;1.1.1958;31.12.1991;Pirkanmaa;8376.0;8346.0;8328.0;;
2186;3501100;Kuohijärvi;W;Vedenkorkeus;35.782;Lopetettu;15.9.1910;31.3.1933;Kanta-Häme;8589.0;8562.0;8545.0;;
2190;3501700;Valkeakoski, ylä;W;Vedenkorkeus;35.222;Lopetettu;01.01.1870;29.12.1995;Pirkanmaa;8189.0;8159.0;8140.0;;
2197;3502340;Hyvikkälänjoki;W;Vedenkorkeus;35.881;Lopetettu;3.11.1978;31.12.1991;Kanta-Häme;7919.0;7891.0;;;
2201;3502809;Vanajavesi, Valkeakoski, ala;W;Vedenkorkeus;35.222;Lopetettu;1.1.1971;31.12.1982;Pirkanmaa;49.0;;0.0;;
2206;3503330;Vanajavesi, Herralanvirta;W;Vedenkorkeus;35.221;Lopetettu;1.1.1970;31.12.1995;Pirkanmaa;52.0;;0.0;;
2207;3503400;Lempäälä, ala;W;Vedenkorkeus;35.211;Lopetettu;01.01.1875;31.12.1965;Pirkanmaa;7510.0;7478.0;7458.0;;
2211;3503900;Niemisvesi;W;Vedenkorkeus;35.472;Lopetettu;17.8.1910;31.12.1932;Etelä-Pohjanmaa;16783.0;;16719.0;;
2212;3504000;Ouluvesi;W;Vedenkorkeus;35.431;Lopetettu;18.8.1910;31.10.1992;Etelä-Pohjanmaa;13975.0;13940.0;13909.0;;
2213;3504100;Kahilanjärvi;W;Vedenkorkeus;35.421;Lopetettu;17.4.1956;31.10.1982;Pirkanmaa;9829.0;9794.0;9763.0;;
2215;3504500;Vaskivesi, Herraskoski, ala;W;Vedenkorkeus;35.421;Lopetettu;1.5.1903;31.5.1998;Pirkanmaa;9388.0;9352.0;9323.0;;
2219;3505200;Sinerväjärvi;W;Vedenkorkeus;35.672;Lopetettu;24.7.1915;31.12.1999;Keski-Suomi;13874.0;13841.0;13816.0;;
2220;3505500;Keurusselkä, Kolho;W;Vedenkorkeus;35.621;Lopetettu;01.01.1897;31.12.1998;Pirkanmaa;10471.0;10439.0;10414.0;;
2223;3505900;Paloselkä;W;Vedenkorkeus;35.332;Lopetettu;25.8.1910;30.6.1992;Pirkanmaa;9475.0;9443.0;9418.0;;
2224;3506000;Kauttu;W;Vedenkorkeus;35.331;Lopetettu;16.03.1883;30.6.1992;Pirkanmaa;9412.0;9379.0;9353.0;;
2228;3506800;Näsijärvi, Naistenlahti;W;Vedenkorkeus;35.311;Lopetettu;01.02.1877;31.12.1995;Pirkanmaa;9335.0;9304.0;9282.0;;
2229;3506810;Näsijärvi, Mustalahti;W;Vedenkorkeus;35.311;Lopetettu;1.1.1961;31.12.1995;Pirkanmaa;54.0;22.0;0.0;;
2231;3507100;Pyhäjärvi, Pyynikki;W;Vedenkorkeus;35.211;Lopetettu;01.01.1878;31.12.1995;Pirkanmaa;7511.0;7480.0;7458.0;;
2233;3507400;Nokia, ala;W;Vedenkorkeus;35.211;Lopetettu;1.1.1915;31.12.1961;Pirkanmaa;5799.0;;5743.0;;
2237;3507700;Parkanonjärvi;W;Vedenkorkeus;35.532;Lopetettu;1.1.1931;31.12.1970;Pirkanmaa;8884.0;8850.0;8810.0;;
2241;3508200;Kyrösjärvi, Ikaalinen;W;Vedenkorkeus;35.521;Lopetettu;1.1.1906;30.11.1993;Pirkanmaa;8195.0;8161.0;8133.0;;
2244;3508500;Mätikkö;W;Vedenkorkeus;35.162;Lopetettu;20.6.1910;30.6.1992;Pirkanmaa;5814.0;5781.0;;;
2245;3508600;Siuro, ala;W;Vedenkorkeus;35.132;Lopetettu;01.01.1894;31.12.1993;Pirkanmaa;5632.0;5600.0;5577.0;;
2255;3509120;Salkolanjärvi;W;Vedenkorkeus;35.983;Lopetettu;1.1.1963;26.8.1991;Uusimaa;10973.0;;;10937.0;
2257;3509150;Turpoonjoki;W;Vedenkorkeus;35.981;Lopetettu;1.1.1964;31.12.1967;Kanta-Häme;10973.0;;;10937.0;
2258;3509200;Loimijoki, Loimaa;W;Vedenkorkeus;35.922;Lopetettu;1.7.1910;31.12.1941;Varsinais-Suomi;7917.0;;7868.0;;
2261;3509300;Loimijoki, Vanhankirkonsilta;W;Vedenkorkeus;35.921;Lopetettu;1.1.1938;31.12.1959;Varsinais-Suomi;6820.0;;6770.0;;
2264;3509400;Loimijoki, Maurialankoski;W;Vedenkorkeus;35.911;Lopetettu;1.1.1914;30.6.1985;Satakunta;4606.0;4574.0;4549.0;;
2266;3509500;Loimijoki, Lauttakylä;W;Vedenkorkeus;35.911;Lopetettu;26.9.1902;31.12.1993;Satakunta;4120.0;4088.0;4063.0;;
2268;3509900;Kyttälä;W;Vedenkorkeus;35.122;Lopetettu;1.1.1904;31.12.1993;Satakunta;4190.0;4157.0;4131.0;;
2269;3509910;Syyränsuu;W;Vedenkorkeus;35.122;Lopetettu;27.4.1944;31.7.1976;Satakunta;58.0;25.0;0.0;;
2271;3509920;Kyttälänkoski;W;Vedenkorkeus;35.122;Lopetettu;9.10.1939;31.12.1993;Satakunta;4189.0;4156.0;4130.0;;
2272;3509940;Raijala;W;Vedenkorkeus;35.122;Lopetettu;1.1.1944;24.12.2005;Satakunta;58.0;25.0;0.0;;
2273;3510000;Niskakoski;W;Vedenkorkeus;35.122;Lopetettu;24.10.1919;31.12.1976;Satakunta;4129.0;4096.0;4070.0;;
2274;3510100;Pahakoski;W;Vedenkorkeus;35.122;Lopetettu;1.1.1904;31.12.1982;Satakunta;4005.0;3972.0;3946.0;;
2280;3510600;Harjunpäänjoki;W;Vedenkorkeus;35.141;Lopetettu;1.1.1969;13.8.2012;Satakunta;205.0;169.0;;;
2281;3510700;Pori;W;Vedenkorkeus;35.111;Lopetettu;1.1.1921;31.12.1973;Satakunta;12.0;-24.0;-53.0;;
2282;3510710;Lukkarinsanta;W;Vedenkorkeus;35.111;Lopetettu;1.1.1974;30.6.1977;Satakunta;31.0;-5.0;;;
2283;3510720;Seikun saha;W;Vedenkorkeus;35.111;Lopetettu;1.7.1977;31.12.1995;Satakunta;-69.0;-105.0;;;
2284;3600800;Vatajankoski, ala;W;Vedenkorkeus;36.022;Lopetettu;1.1.1960;31.12.1989;Satakunta;6958.0;6921.0;;6909.0;
2287;3602210;Eteläjoki;W;Vedenkorkeus;36.016;Lopetettu;8.9.1999;30.8.2013;Satakunta;1849.0;1811.0;;;
2291;3700400;Perus;W;Vedenkorkeus;37.012;Lopetettu;13.2.1968;31.12.1979;Pohjanmaa;912.0;871.0;;;
2292;3700510;Klofvus;W;Vedenkorkeus;37.011;Lopetettu;1.1.1972;31.12.1975;Pohjanmaa;350.0;309.0;;;
2293;3800900;Tiukka;W;Vedenkorkeus;38.001;Lopetettu;1.1.1972;31.8.1985;Pohjanmaa;364.0;323.0;;;
2296;3900900;Finby;W;Vedenkorkeus;39.001;Lopetettu;1.1.1972;28.2.1981;Pohjanmaa;83.0;41.0;;;
2297;4000900;Köpingsbro;W;Vedenkorkeus;40.001;Lopetettu;1.1.1972;19.12.1978;Pohjanmaa;569.0;526.0;;;
2300;4200100;Koskuejärvi;W;Vedenkorkeus;42.055;Lopetettu;1.1.1926;31.7.1982;Etelä-Pohjanmaa;11036.0;10999.0;;10986.0;
2301;4200210;Jalasjoki, Luopa;W;Vedenkorkeus;42.042;Lopetettu;23.10.1958;31.7.1981;Etelä-Pohjanmaa;8058.0;8018.0;;8005.0;
2302;4200220;Koskutjoki, Koskue;W;Vedenkorkeus;42.054;Lopetettu;22.6.1982;31.8.1984;Etelä-Pohjanmaa;8058.0;8018.0;;8005.0;
2303;4200230;Koskutjoki;W;Vedenkorkeus;42.054;Lopetettu;1.9.1984;30.6.2013;Etelä-Pohjanmaa;9141.0;9103.0;;;
2305;4200500;Munakka;W;Vedenkorkeus;42.031;Lopetettu;1.1.1912;31.3.1993;Etelä-Pohjanmaa;3278.0;3237.0;;;
2311;4400200;Nurmonjoki, Nurmo;W;Vedenkorkeus;44.091;Lopetettu;4.7.1932;31.12.1978;Etelä-Pohjanmaa;3335.0;3294.0;;3280.0;
2313;4400300;Lapua;W;Vedenkorkeus;44.031;Lopetettu;1.1.1912;30.6.1980;Etelä-Pohjanmaa;2446.0;2405.0;2370.0;;
2316;4400500;Pappilankari;W;Vedenkorkeus;44.012;Lopetettu;11.11.1929;30.9.1993;Etelä-Pohjanmaa;2148.0;2106.0;2069.0;;
2317;4400600;Keppo;W;Vedenkorkeus;44.011;Lopetettu;6.11.1929;31.12.1958;Pohjanmaa;1932.0;;1851.0;;
2319;4400800;Uusikaarlepyy, ylä;W;Vedenkorkeus;44.011;Lopetettu;17.5.1916;31.12.2005;Pohjanmaa;119.0;;36.0;;
2320;4400910;Uusikaarlepyy, ala;W;Vedenkorkeus;44.011;Lopetettu;5.1.1928;31.12.1995;Pohjanmaa;58.0;;;0.0;
2321;4700200;Lappajärvi, etelä;W;Vedenkorkeus;47.031;Lopetettu;23.9.1986;31.5.1991;Etelä-Pohjanmaa;58.0;;;0.0;
2826;0404974;Suurijärvi;W;Vedenkorkeus;04.792;Lopetettu;30.11.1976;23.11.2018;Pohjois-Karjala;23.0;0.0;;;
2841;0408171;Ruokojärvi;W;Vedenkorkeus;04.261;Lopetettu;24.6.1986;21.11.2013;Pohjois-Savo;7768.0;7742.0;;7733.0;
2842;0407921;Kohmanvesi;W;Vedenkorkeus;04.273;Lopetettu;7.2.1992;10.11.2002;Pohjois-Savo;8129.0;8103.0;;;
2843;0407922;Summanlampi;W;Vedenkorkeus;04.273;Lopetettu;10.4.1991;23.12.2001;Pohjois-Savo;8236.0;;8186.0;;
2844;0407923;Ala-Viitajärvi;W;Vedenkorkeus;04.273;Lopetettu;23.2.1999;30.9.2007;Pohjois-Savo;8995.0;8969.0;;;
2845;0407924;Ylä-Viitajärvi;W;Vedenkorkeus;04.273;Lopetettu;23.2.1999;30.9.2007;Pohjois-Savo;9001.0;8975.0;;;
2846;0407810;Väärä;W;Vedenkorkeus;04.284;Lopetettu;1.8.1984;25.2.1990;Pohjois-Savo;9001.0;8975.0;;;
2847;0407931;Lyhyenjärvi;W;Vedenkorkeus;04.289;Lopetettu;18.5.1999;22.5.2000;Pohjois-Savo;8669.0;8640.0;;;
2848;0406210;Pikku-Ahmo;W;Vedenkorkeus;04.516;Lopetettu;6.3.1990;24.2.1999;Pohjois-Savo;8705.0;;;8664.0;
2849;0406220;Iso-Ahmo;W;Vedenkorkeus;04.516;Lopetettu;10.2.1988;24.2.1999;Pohjois-Savo;8884.0;;;8843.0;
2850;0405410;Ala-Haajainen;W;Vedenkorkeus;04.529;Lopetettu;2.5.1989;26.12.1995;Pohjois-Savo;11874.0;;;11832.0;
2851;0406110;Haapajärvi;W;Vedenkorkeus;04.522;Lopetettu;6.8.1976;25.2.2007;Pohjois-Savo;8516.0;8485.0;;8473.0;
2852;0406120;Iso-Ii;W;Vedenkorkeus;04.531;Lopetettu;9.2.1981;28.12.1984;Pohjois-Savo;8516.0;8485.0;;8473.0;
2853;0405800;Vieremänjärvi;W;Vedenkorkeus;04.532;Lopetettu;2.1.1985;28.12.1988;Pohjois-Savo;8570.0;8539.0;;8527.0;
2854;0405420;Ryönänjärvi;W;Vedenkorkeus;04.551;Lopetettu;1.5.1984;25.12.2002;Pohjois-Savo;9115.0;;;9072.0;
2855;0405430;Hautajärvi;W;Vedenkorkeus;04.551;Lopetettu;4.1.1974;31.12.2004;Pohjois-Savo;9548.0;;;9505.0;
2856;0405470;Kilpijärvi;W;Vedenkorkeus;04.551;Lopetettu;27.1.1985;29.12.2004;Pohjois-Savo;9549.0;;;9507.0;
2857;0405480;Niemisjärvi;W;Vedenkorkeus;04.556;Lopetettu;5.1.1982;26.12.2010;Pohjois-Savo;10189.0;;;10146.0;
2858;0405490;Vaaksjärvi;W;Vedenkorkeus;04.557;Lopetettu;11.4.1994;31.12.1999;Pohjois-Savo;12580.0;;;12537.0;
2859;0405491;Kalliojärvi;W;Vedenkorkeus;04.557;Lopetettu;1.5.1988;31.10.1996;Pohjois-Savo;14226.0;;;14183.0;
2860;0405431;Rytkynjärvi;W;Vedenkorkeus;04.552;Lopetettu;17.9.1959;19.10.2001;Pohjois-Savo;9582.0;;;9540.0;
2861;0405432;Savijärvi;W;Vedenkorkeus;04.553;Lopetettu;3.2.1979;26.1.1984;Pohjois-Savo;9582.0;;;9540.0;
2863;0405422;Näläntöjärvi;W;Vedenkorkeus;04.563;Lopetettu;11.5.1977;31.12.1996;Pohjois-Savo;12398.0;;;12353.0;
2864;0405441;Luupuvesi;W;Vedenkorkeus;04.572;Lopetettu;1.1.1980;2.1.2003;Pohjois-Savo;12665.0;;;12622.0;
2865;0405411;Paloisjärvi;W;Vedenkorkeus;04.581;Lopetettu;14.4.1982;24.2.1999;Pohjois-Savo;8536.0;;;8495.0;
2867;0405413;Viitaanjärvi;W;Vedenkorkeus;04.581;Lopetettu;7.4.1983;28.2.1999;Pohjois-Savo;8574.0;;8516.0;;
2868;0405414;Niskajärvi,Pitkäkoski;W;Vedenkorkeus;04.581;Lopetettu;17.5.1992;13.7.2004;Pohjois-Savo;9050.0;9020.0;;;
2869;0405415;Nieminen;W;Vedenkorkeus;04.581;Lopetettu;15.11.1994;30.9.2002;Pohjois-Savo;9257.0;;;9216.0;
2870;0405416;Hernejärvi;W;Vedenkorkeus;04.581;Lopetettu;6.3.1979;20.2.1995;Pohjois-Savo;9257.0;;;9216.0;
2871;0405417;Ala-Varpanen;W;Vedenkorkeus;04.589;Lopetettu;15.12.1999;23.10.2010;Pohjois-Savo;10706.0;10676.0;;;
2872;0405418;Suuri-Luotonen;W;Vedenkorkeus;04.589;Lopetettu;1.12.1997;30.12.2011;Pohjois-Savo;14673.0;14644.0;;;
2873;0406030;Väärä;W;Vedenkorkeus;04.582;Lopetettu;18.2.1993;30.12.2005;Pohjois-Savo;10292.0;;;10251.0;
2874;0406040;Ala-Venäänjärvi;W;Vedenkorkeus;04.583;Lopetettu;26.9.1995;28.11.2001;Pohjois-Savo;11009.0;;;10967.0;
2875;0406041;Ylä-Venäänjärvi;W;Vedenkorkeus;04.583;Lopetettu;26.9.1995;28.11.2001;Pohjois-Savo;11034.0;;;10992.0;
2876;0406042;Sukevanjärvi,Tenetinvirta;W;Vedenkorkeus;04.584;Lopetettu;16.4.1987;31.12.1998;Pohjois-Savo;12464.0;;;12422.0;
2877;0407100;Kivijärvi;W;Vedenkorkeus;04.595;Lopetettu;13.1.1998;14.7.2021;Pohjois-Savo;12464.0;;;12422.0;
2878;0407310;Suuri-Säyneinen;W;Vedenkorkeus;04.625;Lopetettu;26.3.1993;28.12.1998;Pohjois-Savo;11598.0;11574.0;;;
2879;0407320;Ryöpänjoki;W;Vedenkorkeus;04.625;Lopetettu;26.3.1993;28.12.1998;Pohjois-Savo;10406.0;10382.0;;;
2880;0407110;Varpanen;W;Vedenkorkeus;04.634;Lopetettu;11.3.1983;30.12.1998;Pohjois-Savo;11323.0;;;11284.0;
2881;0407120;Pieni-Juminen;W;Vedenkorkeus;04.635;Lopetettu;25.2.1997;31.12.2008;Pohjois-Savo;9729.0;9701.0;;;
2882;0407130;Suuri-Juminen;W;Vedenkorkeus;04.635;Lopetettu;18.2.1997;31.12.2008;Pohjois-Savo;9761.0;9732.0;;;
2883;0407925;Pieni-Sulkava;W;Vedenkorkeus;04.651;Lopetettu;9.6.1996;18.12.2003;Pohjois-Savo;8493.0;8465.0;;;
2884;0407926;Sulkavanjärvi;W;Vedenkorkeus;04.651;Lopetettu;16.10.1975;26.3.1995;Pohjois-Savo;8493.0;8465.0;;;
2886;0407928;Kevätön;W;Vedenkorkeus;04.652;Lopetettu;3.2.1990;26.10.2003;Pohjois-Savo;8955.0;;;8916.0;
2887;0407420;Keyritty;W;Vedenkorkeus;04.673;Lopetettu;1.6.1979;27.12.2008;Pohjois-Savo;11987.0;11960.0;;;
2888;0407430;Ylä-Keyritty;W;Vedenkorkeus;04.675;Lopetettu;25.2.1987;28.11.1995;Pohjois-Savo;17856.0;17830.0;;;
2889;0407330;Kaitoonjoki,Ylä-Luosta;W;Vedenkorkeus;04.683;Lopetettu;2.1.1980;26.12.2003;Pohjois-Savo;15515.0;15489.0;;;
2890;0407340;Kaitoo;W;Vedenkorkeus;04.683;Lopetettu;5.1.1996;26.12.2003;Pohjois-Savo;15542.0;15516.0;;;
2891;0407370;Ylä-Luosta;W;Vedenkorkeus;04.683;Lopetettu;5.1.1996;27.12.2012;Pohjois-Savo;15600.0;15574.0;;;
2892;0407910;Riistavesi;W;Vedenkorkeus;04.691;Lopetettu;1.11.1992;30.12.2001;Pohjois-Savo;81132.0;81106.0;;;
2893;0407911;Keskimmäinen;W;Vedenkorkeus;04.692;Lopetettu;2.5.1989;6.5.1999;Pohjois-Savo;8202.0;8176.0;;;
2894;0407912;Likolampi;W;Vedenkorkeus;04.692;Lopetettu;2.5.1989;25.1.1997;Pohjois-Savo;8143.0;8117.0;;;
2895;0408311;Vaikonjoki,Rakkinekoski;W;Vedenkorkeus;04.742;Lopetettu;14.10.1982;29.9.1991;Pohjois-Savo;8143.0;8117.0;;;
2897;1403610;Konnekoski;W;Vedenkorkeus;14.712;Lopetettu;1.1.1960;31.12.1995;Pohjois-Savo;9590.0;9560.0;;;
2898;1403620;Rautalampi;W;Vedenkorkeus;14.712;Lopetettu;10.6.1998;29.12.2011;Pohjois-Savo;9612.0;9582.0;;;
2899;1403630;Mehtiö;W;Vedenkorkeus;14.718;Lopetettu;9.12.1992;31.12.2005;Etelä-Savo;10746.0;10717.0;;;
2900;1403640;Ahveninen;W;Vedenkorkeus;14.718;Lopetettu;5.10.1995;31.12.2004;Pohjois-Savo;11097.0;11068.0;;;
2901;1403010;Pohjalampi;W;Vedenkorkeus;14.722;Lopetettu;24.1.1996;23.1.2001;Pohjois-Savo;97754.0;97724.0;;;
2902;1403210;Luodejärvi;W;Vedenkorkeus;14.725;Lopetettu;1.2.1992;27.6.2015;Pohjois-Savo;10589.0;10559.0;;10536.0;
2903;1403220;Pitkäjärvi;W;Vedenkorkeus;14.725;Lopetettu;1.2.1992;27.6.2015;Pohjois-Savo;10624.0;10594.0;;10548.0;
2904;1402720;Hetejärvi;W;Vedenkorkeus;14.732;Lopetettu;26.4.1996;28.11.2009;Pohjois-Savo;13285.0;13254.0;;;
2905;1402730;Iso Ahvenislampi;W;Vedenkorkeus;14.731;Lopetettu;4.4.1995;26.2.1998;Pohjois-Savo;11405.0;11374.0;;;
2906;1402740;Alimmainen Lahnasjärvi;W;Vedenkorkeus;14.734;Lopetettu;17.4.1990;10.12.2006;Pohjois-Savo;11821.0;11789.0;;;
2907;1402770;Keskimmäinen Lahnasjärvi;W;Vedenkorkeus;14.734;Lopetettu;17.4.1990;12.12.2005;Pohjois-Savo;11942.0;11910.0;;;
2908;1402780;Ylimmäinen Lahnasjärvi;W;Vedenkorkeus;14.734;Lopetettu;1.1.1982;12.12.2005;Pohjois-Savo;11980.0;11948.0;;;
2909;1402610;Savijärvi;W;Vedenkorkeus;14.743;Lopetettu;11.8.1993;30.10.1998;Pohjois-Savo;10222.0;;;10180.0;
2910;1402620;Haapajärvi;W;Vedenkorkeus;14.746;Lopetettu;27.1.1992;26.10.1999;Pohjois-Savo;10163.0;;;10121.0;
2911;1402640;Lampaanjärvi;W;Vedenkorkeus;14.746;Lopetettu;2.1.1988;31.12.1998;Pohjois-Savo;12861.0;;;12820.0;
2912;1402630;Lampaanjoki,Pitkäkoski;W;Vedenkorkeus;14.746;Lopetettu;16.11.1988;29.11.1993;Pohjois-Savo;10975.0;10944.0;;;
2913;1403440;Vesantojärvi;W;Vedenkorkeus;14.763;Lopetettu;16.3.1993;26.1.1999;Pohjois-Savo;9995.0;9964.0;;;
2915;1403230;Liesjärvi;W;Vedenkorkeus;14.773;Lopetettu;29.4.1991;25.10.2004;Pohjois-Savo;10743.0;10713.0;;;
2916;1403240;Saittajärvi;W;Vedenkorkeus;14.774;Lopetettu;7.5.1997;25.12.2001;Pohjois-Savo;11627.0;11598.0;;;
2917;1403270;Ala-Muurainen,Välisalmi;W;Vedenkorkeus;14.771;Lopetettu;27.6.1985;24.9.2013;Pohjois-Savo;10129.0;10099.0;;;
2918;1402790;Pieni Kiukoinen;W;Vedenkorkeus;14.746;Lopetettu;14.4.2000;31.10.2001;Pohjois-Savo;10129.0;10099.0;;;
2919;0410402;Kontunen;W;Vedenkorkeus;04.178;Lopetettu;15.1.1971;10.12.2008;Etelä-Savo;8627.0;8603.0;;;
2925;0405303;Kolvonen;W;Vedenkorkeus;04.297;Lopetettu;24.4.1989;28.8.2009;Etelä-Savo;9184.0;9162.0;;;
2928;0410021;Putkilahti;W;Vedenkorkeus;04.212;Lopetettu;15.8.1985;15.4.2022;Etelä-Savo;7608.0;7585.0;;;
2930;0410811;Naistinki;W;Vedenkorkeus;04.153;Lopetettu;8.4.1992;31.10.2000;Etelä-Savo;9476.0;9450.0;;;
2935;1407412;Heiniöjärvi;W;Vedenkorkeus;14.937;Lopetettu;22.1.1998;31.8.2009;Etelä-Savo;12427.0;12399.0;;;
2937;1407423;Paihmaa;W;Vedenkorkeus;14.964;Lopetettu;2.4.1970;29.7.2024;Etelä-Savo;11718.0;11690.0;;;
2939;1407413;Säytjärvi;W;Vedenkorkeus;14.937;Lopetettu;23.3.1976;28.12.2009;Etelä-Savo;11251.0;11224.0;;;
2940;1407411;Ala- Siili;W;Vedenkorkeus;14.935;Lopetettu;23.5.1979;30.6.2020;Etelä-Savo;11286.0;11258.0;;;
2941;1406811;Ylä- Rääveli;W;Vedenkorkeus;14.172;Lopetettu;9.4.1981;30.9.2008;Etelä-Savo;8159.0;8134.0;;;
2942;1403404;Tuomiojärvi;W;Vedenkorkeus;14.785;Lopetettu;16.5.1990;30.12.2009;Etelä-Savo;10108.0;10080.0;;;
2943;1407422;Asonlampi;W;Vedenkorkeus;14.964;Lopetettu;5.9.1983;31.10.2009;Etelä-Savo;12330.0;12302.0;;;
2944;1407421;Iso- Kylmä;W;Vedenkorkeus;14.964;Lopetettu;1.4.1985;10.12.2009;Etelä-Savo;13707.0;13679.0;;;
2945;1403521;Vehkalampi;W;Vedenkorkeus;14.795;Lopetettu;1.4.1985;21.11.2008;Etelä-Savo;11950.0;11922.0;;;
2946;1403522;Uuhilampi;W;Vedenkorkeus;14.795;Lopetettu;4.4.1985;27.9.2022;Etelä-Savo;11916.0;11888.0;;;
2949;0406130;Kangaslampi;W;Vedenkorkeus;04.516;Lopetettu;21.2.2002;30.12.2009;Pohjois-Savo;9662.0;9632.0;;;
2950;0408210;Immolanjärvi;W;Vedenkorkeus;04.214;Lopetettu;1.3.2002;31.12.2008;Pohjois-Savo;8293.0;8268.0;;;
2952;1403030;Tallusjärvi;W;Vedenkorkeus;14.772;Lopetettu;1.4.2002;15.11.2014;Pohjois-Savo;10455.0;10425.0;;;
2955;1800100;Kanteleenjärvi;W;Vedenkorkeus;18.036;Lopetettu;2.8.2000;1.12.2010;Uusimaa;4425.0;4400.0;;;
2958;8103500;Tampaja;W;Vedenkorkeus;81.057;Lopetettu;4.7.1994;20.11.2005;Uusimaa;4783.0;4758.0;;;
2960;1500400;Taasianjoki, Heikinkylä;W;Vedenkorkeus;15.002;Lopetettu;24.10.1989;30.9.2015;Uusimaa;1616.0;1592.0;;1587.0;
2962;1600200;Sävträsk, ylä;W;Vedenkorkeus;16.001;Lopetettu;17.4.1985;29.12.2015;Uusimaa;1310.0;1285.0;;1280.0;
2963;2300120;Saarijärvi;W;Vedenkorkeus;23.063;Lopetettu;3.9.1947;20.11.2008;Uusimaa;11732.0;11706.0;;;
2964;1600800;Syväjärvi;W;Vedenkorkeus;16.002;Lopetettu;15.7.1993;13.12.2015;Uusimaa;4425.0;4400.0;;;
2965;2300330;Ylimmäinen, Ali-Kärrinjoki;W;Vedenkorkeus;23.096;Lopetettu;27.3.1987;26.4.2011;Uusimaa;9655.0;9630.0;;;
2967;1900600;Suojärvi;W;Vedenkorkeus;19.005;Lopetettu;13.4.1949;25.11.2000;Uusimaa;8472.0;8447.0;;;
2968;2300230;Pusulanjoki, Hyvelän silta;W;Vedenkorkeus;23.061;Lopetettu;14.5.1997;30.7.2015;Uusimaa;3526.0;3500.0;;;
2971;2200800;Lilla Lonoks, Harvsån;W;Vedenkorkeus;22.008;Lopetettu;19.5.1998;15.11.2010;Uusimaa;2824.0;;;2792.0;
2972;2200900;Stora Lonoks;W;Vedenkorkeus;22.008;Lopetettu;1.1.1977;31.12.1995;Uusimaa;2897.0;;;2865.0;
2974;2105000;Salmijärvi, luusua;W;Vedenkorkeus;21.045;Lopetettu;3.1.1999;27.2.2013;Uusimaa;5130.0;5105.0;;;
2975;8103300;Djupström;W;Vedenkorkeus;81.061;Lopetettu;1.7.1998;30.12.2006;Uusimaa;116.0;90.0;;;
2977;1800400;Porvoonjoki, Yrjölän ranta;W;Vedenkorkeus;18.022;Lopetettu;24.4.1986;31.5.2010;Uusimaa;2819.0;;;2788.0;
2979;1601200;Koskenkylänjoki, Forsbynkoski;W;Vedenkorkeus;16.001;Lopetettu;8.6.1993;4.12.1998;Uusimaa;422.0;397.0;;;
2983;2300130;Vanjärvi;W;Vedenkorkeus;23.042;Lopetettu;9.2.1999;14.11.2013;Uusimaa;3227.0;3202.0;;;
2984;1500200;Taasianjoki, Lindkoski;W;Vedenkorkeus;15.002;Lopetettu;19.3.1977;31.7.2012;Uusimaa;2033.0;2009.0;;2006.0;
2988;2200330;Palojärvi eli Palajärvi;W;Vedenkorkeus;22.003;Lopetettu;2.4.1977;31.12.2003;Uusimaa;4337.0;4312.0;;;
2989;2300400;Averia;W;Vedenkorkeus;23.092;Lopetettu;5.1.1979;30.11.2012;Uusimaa;3525.0;3500.0;;;
2991;2300280;Nummenjoki, Härkäjoen silta;W;Vedenkorkeus;23.061;Lopetettu;10.6.1981;16.9.2014;Uusimaa;3191.0;3165.0;;;
2993;8103000;Finnträsk;W;Vedenkorkeus;81V060;Lopetettu;5.3.1985;30.9.2008;Uusimaa;2126.0;2100.0;;;
2994;2300290;Koisjärvi, Koisjärvenojan mts;W;Vedenkorkeus;23.068;Lopetettu;16.4.1985;15.5.2014;Uusimaa;3139.0;3113.0;;;
2995;2300291;Kyynäräjärvi, laskuojan rumpu;W;Vedenkorkeus;23.061;Lopetettu;14.4.1985;31.1.2018;Uusimaa;3102.0;3077.0;;;
2996;1800410;Takajärvi, uimaranta;W;Vedenkorkeus;18.021;Lopetettu;4.11.1986;29.7.2016;Uusimaa;3893.0;3868.0;;;
2997;1800420;Vahijärvi;W;Vedenkorkeus;18.013;Lopetettu;2.11.1989;31.12.2015;Uusimaa;3185.0;3160.0;;;
2998;2300820;Puujärvi, säännöstelypato;W;Vedenkorkeus;23.023;Lopetettu;14.9.1991;31.12.2011;Uusimaa;4596.0;;;4563.0;
3000;2300220;Kovelanjärvi eli Myllyjärvi;W;Vedenkorkeus;23.071;Lopetettu;12.9.1993;21.1.2004;Uusimaa;5626.0;5600.0;;;
3003;8102900;Mankinjoki, kehä III:n silta;W;Vedenkorkeus;81.057;Lopetettu;8.5.1995;29.10.2014;Uusimaa;-55.0;-80.0;;;
3007;2300810;Vähäjärvi;W;Vedenkorkeus;23.022;Lopetettu;15.1.1995;18.4.2010;Uusimaa;;;;;869.0
3010;2200500;Petäjärvi;W;Vedenkorkeus;22.008;Lopetettu;18.8.1995;29.7.2003;Uusimaa;3625.0;3600.0;;;
3011;2105100;Otalampi;W;Vedenkorkeus;21.045;Lopetettu;14.5.1997;12.1.2006;Uusimaa;6634.0;6609.0;;;
3012;3501310;Vitsiälänvuolle, ala (Hauhonselkä);W;Vedenkorkeus;35.772;Lopetettu;1.5.1998;30.11.2009;Kanta-Häme;8334.0;8307.0;;;
3013;8102500;Viikin luonnonsuojelualue;W;Vedenkorkeus;81V049;Lopetettu;22.6.1999;21.9.2007;Uusimaa;25.0;0.0;;;
3014;2300410;Kotojärvi eli Lahnusta;W;Vedenkorkeus;23.092;Lopetettu;10.1.2000;13.9.2013;Uusimaa;4824.0;4799.0;;;
3016;2104800;Luhtaanmäenjoki (Keimola);W;Vedenkorkeus;21.012;Lopetettu;7.1.1997;16.6.2025;Uusimaa;2519.0;2494.0;;;
3022;0410470;Rautjärvi;W;Vedenkorkeus;04.193;Lopetettu;19.3.1979;10.1.2003;Etelä-Karjala;19.0;0.0;;;
3043;1410931;Villikkalanjoki, pato;W;Vedenkorkeus;14.116;Lopetettu;17.9.1990;24.12.2007;Kymenlaakso;1744.0;1722.0;;;
3046;0410812;Keskimmäinen;W;Vedenkorkeus;04.115;Lopetettu;11.5.1970;31.12.2009;Etelä-Savo;78804.0;78780.0;;;
3047;0410423;Nevajärvi;W;Vedenkorkeus;04.253;Lopetettu;20.3.1970;28.12.2008;Etelä-Savo;11709.0;;;11675.0;
3054;5300910;Vääräjoki, Torvenperän silta;W;Vedenkorkeus;53.094;Lopetettu;5.5.1975;31.12.1995;Pohjois-Pohjanmaa;52.0;;;0.0;
3057;5400130;Parkkimanjärvi;W;Vedenkorkeus;54.059;Lopetettu;24.1.1978;31.12.2001;Pohjois-Pohjanmaa;52.0;;;0.0;
3058;5400140;Komujärvi;W;Vedenkorkeus;54.053;Lopetettu;1.1.1981;31.12.1988;Pohjois-Pohjanmaa;52.0;;;0.0;
3059;5300810;Siiponjoki, Kurikkala;W;Vedenkorkeus;53.016;Lopetettu;5.5.1975;31.1.1998;Pohjois-Pohjanmaa;52.0;;;0.0;
3063;1800430;Sääksjärvi, Mäntsälä;W;Vedenkorkeus;18.062;Lopetettu;31.5.2002;28.12.2015;Uusimaa;7155.0;7130.0;;;
3064;2300241;Valkjärvi, Sammatti;W;Vedenkorkeus;23.074;Lopetettu;16.11.2000;19.12.2008;Uusimaa;5648.0;5622.0;;;
3065;2300242;Ruokjärvi;W;Vedenkorkeus;23.074;Lopetettu;14.12.2000;19.12.2008;Uusimaa;6049.0;6023.0;;;
3066;2300243;Haarjärvi;W;Vedenkorkeus;23.074;Lopetettu;17.11.2000;30.9.2008;Uusimaa;5736.0;5710.0;;;
3067;2300244;Kirmustenjärvi;W;Vedenkorkeus;23.024;Lopetettu;16.11.2000;13.12.2013;Uusimaa;5395.0;5369.0;;;
3069;2300231;Ruutinlampi;W;Vedenkorkeus;23.061;Lopetettu;12.4.2002;25.12.2008;Uusimaa;6500.0;6474.0;;;
3076;1300102;Keisarinkoski;W;Vedenkorkeus;13.002;Lopetettu;2.4.2003;17.12.2008;Kymenlaakso;29.0;;0.0;;
3105;3503110;Kalvola, Muulinjärvi;W;Vedenkorkeus;35.285;Lopetettu;1.4.1954;20.5.2014;Kanta-Häme;28.0;0.0;;;
3106;3509113;Oksjärvi;W;Vedenkorkeus;35.937;Lopetettu;22.8.2001;26.11.2003;Kanta-Häme;11027.0;11000.0;;;
3111;3502320;Torho;W;Vedenkorkeus;35.886;Lopetettu;5.4.1969;30.9.2004;Kanta-Häme;9144.0;9117.0;;;
3112;3502520;Lehijärvi;W;Vedenkorkeus;35.237;Lopetettu;22.9.1971;2.2.2009;Kanta-Häme;8030.0;8002.0;;;
3115;3502510;Hattelmalanjärvi;W;Vedenkorkeus;35.233;Lopetettu;29.7.1953;30.9.2012;Kanta-Häme;28.0;0.0;;;
3124;3501211;Kuohijärvi;W;Vedenkorkeus;35.782;Lopetettu;10.5.1993;23.9.2007;Kanta-Häme;27.0;0.0;;;
3126;3501920;Puujoki, kartanon silta, (koiravuolle);W;Vedenkorkeus;35.822;Lopetettu;10.3.1939;24.4.1964;Kanta-Häme;27.0;0.0;;;
3128;3501840;Ormajärvi;W;Vedenkorkeus;35.792;Lopetettu;30.8.2001;27.4.2022;Kanta-Häme;26.0;0.0;;;
3130;3501220;Ekojärvi, ekojoki, vähä-evo;W;Vedenkorkeus;35.787;Lopetettu;16.10.2000;27.11.2013;Kanta-Häme;8743.0;8716.0;;;
3135;3501830;Viipsjärvi;W;Vedenkorkeus;35.836;Lopetettu;14.9.2003;27.2.2005;Kanta-Häme;26.0;0.0;;;
3137;1405820;Salaksjärvi;W;Vedenkorkeus;14.221;Lopetettu;;;Päijät-Häme;8616.0;8589.0;;;
3139;1405810;Kirkjärvi;W;Vedenkorkeus;14.228;Lopetettu;14.1.1980;28.1.1999;Päijät-Häme;8491.0;8464.0;;;
3140;1406922;Kärkjärvi, herneniemen luoteisranta;W;Vedenkorkeus;14.163;Lopetettu;24.10.2000;28.11.2003;Päijät-Häme;9204.0;9180.0;;;
3144;1405710;Iso Suojärvi;W;Vedenkorkeus;14.823;Lopetettu;9.5.1996;21.7.2019;Keski-Suomi;27.0;0.0;;;
3148;8101800;Lapinjärvi;W;Vedenkorkeus;81.027;Lopetettu;4.1.2003;28.12.2011;Uusimaa;2330.0;2305.0;;2300.0;
3149;1500100;Taasianjoki, Kimonkylä;W;Vedenkorkeus;15.003;Lopetettu;17.5.1989;30.9.2015;Uusimaa;2416.0;;;2387.0;
3150;2300830;Hormajärvi;W;Vedenkorkeus;23.025;Lopetettu;3.6.2003;27.12.2015;Uusimaa;3205.0;3180.0;;;
3151;2300245;Raatinjoki;W;Vedenkorkeus;23.024;Lopetettu;5.7.2001;19.4.2005;Uusimaa;3242.0;3216.0;;;
3154;1405010;Suolivesi;W;Vedenkorkeus;14.524;Lopetettu;18.4.2004;30.4.2010;Keski-Suomi;3242.0;3216.0;;;
3161;2300246;Raatinjoki;W;Vedenkorkeus;23.024;Lopetettu;15.1.2004;22.8.2014;Uusimaa;3563.0;3537.0;;;
3165;3505610;Harahuhta, Kuorevesi;W;Vedenkorkeus;35.611;Lopetettu;1.9.2004;28.2.2007;Pirkanmaa;9854.0;9823.0;;;
3167;0405702;Rotimojärvi;W;Vedenkorkeus;04.546;Lopetettu;5.1.2004;31.12.2008;Pohjois-Savo;15313.0;15280.0;;;
3168;1600120;Siippo eli Niemenjärvi, pato;W;Vedenkorkeus;16.005;Lopetettu;29.4.1986;24.11.1995;Uusimaa;3834.0;3809.0;;;
3169;1600130;Sopajärvi, laskujoki;W;Vedenkorkeus;16.005;Lopetettu;23.4.1986;24.11.1995;Uusimaa;3826.0;3801.0;;;
3170;1601210;Koskenkylänjoki, Hammarfors;W;Vedenkorkeus;16.001;Lopetettu;19.3.1986;8.4.1991;Uusimaa;627.0;;;597.0;
3171;1700700;Kotojärvi, Myrskylä;W;Vedenkorkeus;17.006;Lopetettu;1.6.1955;24.9.1995;Uusimaa;3725.0;3700.0;;;
3172;1900410;Kotojärvi, lintutorni;W;Vedenkorkeus;19.004;Lopetettu;4.4.1984;30.12.1996;Uusimaa;7503.0;7479.0;;;
3173;1900420;Kotojärvi, Luhtaanoja;W;Vedenkorkeus;19.004;Lopetettu;4.4.1984;27.4.1997;Uusimaa;7423.0;7399.0;;;
3174;2200630;Karhujärvi eli Björnträsk;W;Vedenkorkeus;22.003;Lopetettu;1.4.1995;26.9.2005;Uusimaa;2744.0;;;2712.0;
3175;2200640;Siuntionjoki, Kvarnbyn pato;W;Vedenkorkeus;22.002;Lopetettu;12.10.1995;26.11.1995;Uusimaa;2732.0;;;2700.0;
3177;2300111;Pyhäjärvi, Vanjoen silta;W;Vedenkorkeus;23.042;Lopetettu;1.1.1984;31.12.1992;Uusimaa;7240.0;7214.0;;;
3178;2300401;Olkkalanjoki, myllypato;W;Vedenkorkeus;23.091;Lopetettu;5.1.1979;15.1.1993;Uusimaa;3525.0;3500.0;;;
3179;2300247;Nummenjoki, Kuilunnokka;W;Vedenkorkeus;23.071;Lopetettu;9.4.1987;26.11.1991;Uusimaa;3426.0;3400.0;;;
3181;8102010;Loviisanjoki, vikaksen silta;W;Vedenkorkeus;81.027;Lopetettu;2.1.1977;14.12.1992;Uusimaa;1138.0;1114.0;;;
3183;8102820;Juusjärvi;W;Vedenkorkeus;81.057;Lopetettu;1.4.1962;15.10.1964;Uusimaa;3057.0;;;3025.0;
3184;8102830;Lapinkylänjärvi;W;Vedenkorkeus;81.057;Lopetettu;1.3.1959;15.11.1964;Uusimaa;3057.0;;;3025.0;
3202;2400500;Omenojärvi;W;Vedenkorkeus;24.063;Lopetettu;7.4.1983;31.1.2011;Varsinais-Suomi;6595.0;6568.0;;;
3205;3510610;Kullaanjoki, jokihaaran silta;W;Vedenkorkeus;35.142;Lopetettu;1.2.1967;31.3.2002;Satakunta;2801.0;2765.0;;;
3209;3600141;Suomijärvi, kattilajoen silta;W;Vedenkorkeus;36.084;Lopetettu;3.6.2001;29.11.2005;Satakunta;14079.0;14043.0;;;
3210;5400310;Piipsjärvi;W;Vedenkorkeus;54.071;Lopetettu;19.2.1986;28.12.1999;Pohjois-Pohjanmaa;14079.0;14043.0;;;
3220;1405520;Viheri;W;Vedenkorkeus;14.831;Lopetettu;1.5.1999;30.11.2006;Keski-Suomi;9356.0;9328.0;;;
3221;1401830;Horonalanen;W;Vedenkorkeus;14.622;Lopetettu;15.5.1987;19.6.2008;Keski-Suomi;12361.0;12329.0;;;
3228;1401820;Vartejärvi;W;Vedenkorkeus;14.622;Lopetettu;15.5.1987;30.12.2008;Keski-Suomi;12333.0;12301.0;;;
3229;1401720;Hepolampi;W;Vedenkorkeus;14.623;Lopetettu;13.5.1987;11.5.2003;Keski-Suomi;14368.0;14335.0;;;
3230;1400720;Ala-Viivajärvi;W;Vedenkorkeus;14.445;Lopetettu;1.7.2000;29.10.2004;Keski-Suomi;14968.0;14935.0;;;
3231;1400730;Ylä-Viivajärvi;W;Vedenkorkeus;14.445;Lopetettu;8.10.1999;26.10.2001;Keski-Suomi;15523.0;15490.0;;;
3261;8101920;Savijärvi, Sipoo;W;Vedenkorkeus;81.043;Lopetettu;4.1.1983;29.11.1995;Uusimaa;2907.0;2882.0;;;
3268;4900430;Rauman silta;W;Vedenkorkeus;49.023;Lopetettu;;;Keski-Pohjanmaa;2907.0;2882.0;;;
3269;4900420;Kattilakoski;W;Vedenkorkeus;49.023;Lopetettu;3.12.1970;31.12.1987;Keski-Pohjanmaa;41.0;0.0;;;
3270;4900421;Haaviston silta;W;Vedenkorkeus;49.022;Lopetettu;1.1.1971;27.12.1979;Pohjanmaa;56.0;;;0.0;
3271;4900422;Laiskaniemi;W;Vedenkorkeus;49.022;Lopetettu;;;Pohjanmaa;56.0;;;0.0;
3272;4900342;Paasilan silta;W;Vedenkorkeus;49.022;Lopetettu;11.12.1970;31.12.1985;Pohjanmaa;4236.0;4194.0;;4180.0;
3273;4900343;Tastin sillan yläp.;W;Vedenkorkeus;49.021;Lopetettu;1.1.1971;30.4.1983;Pohjanmaa;2457.0;2415.0;;2402.0;
3274;5100340;Sykäräinen;W;Vedenkorkeus;51.031;Lopetettu;7.5.1975;31.8.1983;Keski-Pohjanmaa;11274.0;;;11222.0;
3281;3509170;Tammela, Talpianjärvi;W;Vedenkorkeus;35.938;Lopetettu;23.4.2004;6.10.2010;Kanta-Häme;28.0;0.0;;;
3282;0406412;Patalahti-ylä;W;Vedenkorkeus;04.282;Lopetettu;11.4.2003;31.12.2008;Pohjois-Savo;8170.0;8140.0;;;
3283;0406411;Patalahti-ala;W;Vedenkorkeus;04.282;Lopetettu;11.4.2003;31.12.2008;Pohjois-Savo;8168.0;8138.0;;8128.0;
3284;1402741;Korppinen;W;Vedenkorkeus;14.734;Lopetettu;14.12.2004;28.10.2020;Pohjois-Savo;11627.0;11595.0;;;
3285;3502620;Hattula, Lepaa-Vanajanselkä;W;Vedenkorkeus;35.232;Lopetettu;24.4.2005;10.8.2016;Kanta-Häme;47.0;17.0;0.0;;
3286;3502610;Hattula, Mierola;W;Vedenkorkeus;35.232;Lopetettu;22.5.2005;17.7.2006;Kanta-Häme;47.0;17.0;0.0;;
3304;2105200;Tuusulanjoki, Jokitien silta;W;Vedenkorkeus;21.081;Lopetettu;12.1.2005;20.12.2011;Uusimaa;3390.0;3364.0;;;
3305;2105500;Tuusulanjoki, Katriinantiensilta;W;Vedenkorkeus;21.081;Lopetettu;1.4.2005;20.12.2011;Uusimaa;2626.0;2600.0;;;
3306;2105400;Tuusulanjoki, Myllykylä;W;Vedenkorkeus;21.081;Lopetettu;5.4.2005;20.8.2012;Uusimaa;3196.0;3170.0;;;
3307;2105410;Tuusulanjoki, Soiniityntien silta;W;Vedenkorkeus;21.081;Lopetettu;1.4.2005;20.12.2011;Uusimaa;3347.0;3321.0;;;
3317;0407913;Keskimmäinen;W;Vedenkorkeus;04.692;Lopetettu;1.11.2004;30.8.2008;Pohjois-Savo;8206.0;8180.0;;;
3318;3509114;Jänijärvi;W;Vedenkorkeus;35.973;Lopetettu;26.10.1938;30.1.2022;Kanta-Häme;28.0;0.0;;;
3323;2400111;Lohilampi;W;Vedenkorkeus;24.033;Lopetettu;5.6.2005;19.11.2008;Uusimaa;5939.0;5913.0;;;
3325;3502430;Joutjärvi;W;Vedenkorkeus;35.882;Lopetettu;;;Kanta-Häme;28.0;0.0;;;
3332;0300451;Kangaskoski, ala;W;Vedenkorkeus;03.011;Lopetettu;1.1.2006;31.7.2021;Etelä-Karjala;19.0;0.0;;;
1827;0406410;Onkivesi, Vianto, ylä;W;Vedenkorkeus;04.511;Lopetettu;16.03.1863;31.12.1873;Pohjois-Savo;8244.0;;8190.0;;
1829;0406600;Kallavesi, Ruokovirta, ylä;W;Vedenkorkeus;04.282;Lopetettu;01.03.1868;31.12.1965;Pohjois-Savo;7968.0;7939.0;7915.0;;
1837;0407300;Alaluostanjärvi;W;Vedenkorkeus;04.681;Lopetettu;9.8.1916;30.6.1992;Pohjois-Savo;10431.0;10406.0;;10396.0;
1838;0407400;Keyritynjoki;W;Vedenkorkeus;04.672;Lopetettu;1.1.1966;31.12.1987;Pohjois-Savo;11164.0;11138.0;;11128.0;
1840;0407600;Vuotjärvi, Lastukoski, ala;W;Vedenkorkeus;04.621;Lopetettu;1.1.1907;31.7.1992;Pohjois-Savo;9292.0;9266.0;9242.0;;
1842;0407620;Vuotjärvi, Niskakoski;W;Vedenkorkeus;04.621;Lopetettu;1.1.1920;31.12.1958;Pohjois-Savo;48.0;;0.0;;
1843;0407622;Juankoski, Uittoruuhi;W;Vedenkorkeus;04.621;Lopetettu;1.1.1932;31.12.1958;Pohjois-Savo;48.0;;0.0;;
1844;0407630;Juankosken voimalaitos, ala;W;Vedenkorkeus;04.612;Lopetettu;2.1.1929;30.9.2008;Pohjois-Savo;48.0;;0.0;;
1847;0407710;Lammensalmi,Y;W;Vedenkorkeus;04.612;Lopetettu;1.1.1962;31.12.1995;Pohjois-Savo;49.0;;0.0;;
1850;0407800;Kallavesi, Ruokovirta, ala;W;Vedenkorkeus;04.281;Lopetettu;01.01.1880;31.12.1990;Pohjois-Savo;7935.0;7906.0;7885.0;;
1852;0407930;Räimänkoski;W;Vedenkorkeus;04.281;Lopetettu;29.3.1982;11.1.2018;Pohjois-Savo;8206.0;8178.0;;;
1854;0407980;Suvasvesi;W;Vedenkorkeus;04.273;Lopetettu;20.12.1971;31.12.1972;Pohjois-Savo;8206.0;8178.0;;;
1857;0408110;Leppävirta;W;Vedenkorkeus;04.271;Lopetettu;1.1.1925;31.12.1990;Pohjois-Savo;8087.0;;8042.0;;
1858;0408140;Unnukka, Kopolanvirta 4;W;Vedenkorkeus;04.271;Lopetettu;1.1.1945;28.12.1971;Pohjois-Savo;8078.0;;8036.0;;
1859;0408150;Unnukka, Kopolanvirta 5;W;Vedenkorkeus;04.271;Lopetettu;1.1.1945;31.12.1974;Pohjois-Savo;8067.0;;8025.0;;
1860;0408160;Unnukka, Kopolanvirta 6;W;Vedenkorkeus;04.271;Lopetettu;1.1.1945;31.12.1974;Pohjois-Savo;8074.0;;8032.0;;
1861;0408170;Unnukka, Pitkälänniemi;W;Vedenkorkeus;04.271;Lopetettu;10.1.1945;31.10.1974;Pohjois-Savo;8043.0;;8001.0;;
1864;0408310;Vaikonjoki, Kärenjärvi;W;Vedenkorkeus;04.742;Lopetettu;26.5.1986;31.8.1993;Pohjois-Savo;10255.0;10231.0;;;
1866;0408410;Kaavinjärvi, Kaavinkoski;W;Vedenkorkeus;04.731;Lopetettu;1.1.1960;15.1.2018;Pohjois-Savo;9979.0;9955.0;;;
1867;0408500;Juojärvi, Pölläsenlahti;W;Vedenkorkeus;04.711;Lopetettu;18.6.1912;31.3.1933;Pohjois-Karjala;9955.0;;9914.0;;
1868;0408510;Juojärvi, Ohtaansalmi;W;Vedenkorkeus;04.711;Lopetettu;1.1.1959;30.6.1992;Pohjois-Karjala;10035.0;10010.0;;10000.0;
1870;0408600;Juojärvi, Patoonkoski;W;Vedenkorkeus;04.711;Lopetettu;1.1.1908;31.12.1930;Pohjois-Karjala;10027.0;;9984.0;;
1871;0408610;Juojärvi, Taivallahti, ylä;W;Vedenkorkeus;04.711;Lopetettu;1.1.1928;31.12.1995;Pohjois-Karjala;9881.0;9857.0;9838.0;;
1872;0408620;Varisvesi, Varistaipale, ala;W;Vedenkorkeus;04.273;Lopetettu;1.8.1927;31.12.1995;Pohjois-Karjala;7906.0;7882.0;7864.0;;
1874;0408800;Kermajärvi, Karvio, ala;W;Vedenkorkeus;04.274;Lopetettu;01.01.1897;31.12.1995;Pohjois-Karjala;7791.0;7767.0;7747.0;;
1876;0409000;Kerman kanava, ala;W;Vedenkorkeus;04.274;Lopetettu;2.4.1902;31.12.1995;Pohjois-Karjala;7519.0;7497.0;7480.0;;
1877;0409100;Vihovuonteen kanava, ylä;W;Vedenkorkeus;04.274;Lopetettu;1.1.1903;31.12.1995;Pohjois-Karjala;7520.0;7497.0;7480.0;;
1878;0409200;Ruokovesi, Vihovuonne, ala;W;Vedenkorkeus;04.274;Lopetettu;2.4.1902;31.12.1995;Pohjois-Karjala;7410.0;7387.0;7370.0;;
1879;0409300;Ruokovesi, Pilppa, ylä;W;Vedenkorkeus;04.221;Lopetettu;1.1.1903;30.11.1999;Pohjois-Karjala;7416.0;7394.0;7377.0;;
1880;0409400;Pilpan kanava, ala;W;Vedenkorkeus;04.221;Lopetettu;1.4.1902;31.12.1995;Pohjois-Karjala;7313.0;7291.0;7275.0;;
1882;0409600;Osmajärvi, Sorsakoski, ala;W;Vedenkorkeus;04.262;Lopetettu;1.1.1926;31.12.1993;Pohjois-Savo;7921.0;7895.0;7876.0;;
1883;0409700;Kuvansi, Kuvansinjoki;W;Vedenkorkeus;04.261;Lopetettu;1.1.1913;28.2.1978;Pohjois-Savo;7772.0;;7730.0;;
1885;0409900;Sysmäjärvi;W;Vedenkorkeus;04.251;Lopetettu;1.1.1912;31.12.1956;Pohjois-Savo;8703.0;;8660.0;;
1887;0410000;Kolkonjärvi;W;Vedenkorkeus;04.242;Lopetettu;1.7.1911;31.3.1933;Etelä-Savo;8703.0;;8660.0;;
1888;0410100;Haukivesi, Taipale, ala;W;Vedenkorkeus;04.211;Lopetettu;01.01.1864;31.1.2010;Pohjois-Savo;43.0;18.0;0.0;;
1890;0410310;Haukivesi, Savonlinna, ylä;W;Vedenkorkeus;04.211;Lopetettu;11.7.1911;31.12.1993;Etelä-Savo;7517.0;7496.0;7489.0;;
1893;0410420;Rautjärvi, Siikakoski;W;Vedenkorkeus;04.112;Lopetettu;7.1.1975;31.12.1993;Etelä-Savo;7895.0;7871.0;7857.0;;
1896;0410800;Saimaa, Mikkeli;W;Vedenkorkeus;04.151;Lopetettu;4.6.1909;30.9.1992;Etelä-Savo;7446.0;7420.0;7406.0;;
1897;0411000;Louhivesi, Juurisalmi;W;Vedenkorkeus;04.151;Lopetettu;01.07.1867;31.12.1987;Etelä-Savo;7264.0;7239.0;7230.0;;
1899;0411100;Saimaa, Puumala;W;Vedenkorkeus;04.112;Lopetettu;01.01.1885;31.12.1931;Etelä-Savo;7544.0;;7514.0;;
1901;0411210;Saimaa, Lauritsala;W;Vedenkorkeus;04.112;Lopetettu;1.1.1968;31.12.1984;Etelä-Karjala;7257.0;7237.0;7231.0;;
1902;0411300;Saimaa, Vuoksenniska;W;Vedenkorkeus;04.112;Lopetettu;1.1.1931;31.12.1936;Etelä-Karjala;7488.0;;7464.0;;
1903;0411310;Saimaa, Niskalampi;W;Vedenkorkeus;04.112;Lopetettu;1.4.1931;31.1.1987;Etelä-Karjala;7295.0;7276.0;7271.0;;
1904;0411410;Vuoksi, Tainionkoski, pato;W;Vedenkorkeus;04.112;Lopetettu;1.1.1932;30.6.1987;Etelä-Karjala;24.0;;0.0;;
1905;0411430;Vuoksi, Tainionkoski, ylä;W;Vedenkorkeus;04.111;Lopetettu;1.1.1971;31.12.1995;Etelä-Karjala;24.0;;0.0;;
1906;0411520;Vuoksi, Tainionkoski, ala;W;Vedenkorkeus;04.111;Lopetettu;1.1.1932;31.12.1995;Etelä-Karjala;24.0;;0.0;;
1907;0411710;Vuoksi, Mellonlahti;W;Vedenkorkeus;04.191;Lopetettu;1.1.1939;31.12.1980;Etelä-Karjala;4236.0;4217.0;4213.0;;
1908;0411740;Vuoksi, Saunaranta;W;Vedenkorkeus;04.191;Lopetettu;1.1.1981;30.4.1994;Etelä-Karjala;4169.0;;4146.0;;
1909;0411800;Vuoksi, Kyyrönkoski;W;Vedenkorkeus;04.191;Lopetettu;1.1.1936;31.12.1964;Etelä-Karjala;4103.0;4084.0;4080.0;;
1910;0411910;Vuoksi, Kyyrönkoski, ala;W;Vedenkorkeus;04.191;Lopetettu;1.1.1945;31.10.1947;Etelä-Karjala;4026.0;;4003.0;;
1911;0412000;Vuoksi, Myllykoski, ala;W;Vedenkorkeus;04.191;Lopetettu;1.1.1911;31.12.1943;Etelä-Karjala;3699.0;;3676.0;;
1912;0412200;Vuoksi, Vallinkoski, ala;W;Vedenkorkeus;04.191;Lopetettu;1.1.1911;4.11.1925;Etelä-Karjala;3210.0;;3187.0;;
1915;1400200;Alvajärvi;W;Vedenkorkeus;14.481;Lopetettu;1.1.1910;30.6.1932;Keski-Suomi;11121.0;;11059.0;;
1917;1400310;Elämäjärvi;W;Vedenkorkeus;14.493;Lopetettu;1.1.1947;31.12.1969;Keski-Suomi;12274.0;12241.0;;12229.0;
1918;1400400;Kolima, pohj.;W;Vedenkorkeus;14.472;Lopetettu;1.1.1910;31.12.1950;Keski-Suomi;11084.0;;11023.0;;
1919;1400410;Löytänä;W;Vedenkorkeus;14.438;Lopetettu;1.1.1941;30.6.1948;Keski-Suomi;11636.0;;11576.0;;
1922;1400600;Jäppäjärvi;W;Vedenkorkeus;14.452;Lopetettu;1.1.1910;31.12.1950;Keski-Suomi;11636.0;;11576.0;;
1923;1400700;Kivijärvi, pohj.;W;Vedenkorkeus;14.443;Lopetettu;16.8.1909;31.12.2010;Keski-Suomi;13055.0;13020.0;12990.0;;
1924;1400710;Heitjärvi;W;Vedenkorkeus;14.446;Lopetettu;1.1.1941;31.12.1999;Keski-Suomi;14252.0;14218.0;14190.0;;
1925;1400800;Kivijärvi, etelä;W;Vedenkorkeus;14.443;Lopetettu;1.1.1910;30.4.1992;Keski-Suomi;13055.0;13022.0;12993.0;;
1929;1400910;Hilmon voimalaitos, ala;W;Vedenkorkeus;14.441;Lopetettu;1.1.1958;31.3.1999;Keski-Suomi;61.0;;0.0;;
1932;1401200;Keitele, itä;W;Vedenkorkeus;14.421;Lopetettu;1.1.1910;31.12.1931;Pohjois-Savo;9910.0;;9854.0;;
1933;1401210;Keitele, Neiturintaipale, ylä;W;Vedenkorkeus;14.421;Lopetettu;1.1.1928;30.4.1994;Keski-Suomi;9674.0;9643.0;9618.0;;
1934;1401300;Keitele, Suolahti;W;Vedenkorkeus;14.411;Lopetettu;1.1.1909;31.12.1993;Keski-Suomi;9884.0;9854.0;9829.0;;
1935;1401400;Kyyjärvi;W;Vedenkorkeus;14.643;Lopetettu;1.1.1910;31.12.1998;Keski-Suomi;14962.0;14927.0;14895.0;;
1937;1401420;Vahanka;W;Vedenkorkeus;14.672;Lopetettu;1.1.1963;31.10.1993;Keski-Suomi;16516.0;16481.0;;16468.0;
1942;1401810;Mahlunjärvi;W;Vedenkorkeus;14.621;Lopetettu;1.1.1964;1.6.2003;Keski-Suomi;12038.0;12006.0;;11991.0;
1946;1402100;Kiimasjärvi;W;Vedenkorkeus;14.612;Lopetettu;2.9.1909;28.2.1982;Keski-Suomi;10607.0;10576.0;10550.0;;
1947;1402110;Naarajärvi;W;Vedenkorkeus;14.611;Lopetettu;1.1.1910;6.11.2006;Keski-Suomi;9335.0;9305.0;9279.0;;
1948;1402120;Kiimaskoski;W;Vedenkorkeus;14.612;Lopetettu;13.5.1936;22.12.1980;Keski-Suomi;10604.0;10573.0;10547.0;;
1950;1402200;Kuhnamojärvi;W;Vedenkorkeus;14.332;Lopetettu;1.1.1909;30.4.1993;Keski-Suomi;9031.0;9001.0;8975.0;;
1953;1402309;Vatianjärvi, Kuusaa;W;Vedenkorkeus;14.333;Lopetettu;1.1.1971;31.12.1981;Keski-Suomi;8831.0;;8776.0;;
1954;1402310;Peurunka;W;Vedenkorkeus;14.333;Lopetettu;1.1.1946;30.6.1992;Keski-Suomi;10485.0;10455.0;;;
1957;1402510;Koivujoki;W;Vedenkorkeus;14.751;Lopetettu;1.1.1962;14.4.1975;Pohjois-Savo;11658.0;11626.0;11615.0;;
1958;1402520;Koivujoki;W;Vedenkorkeus;14.752;Lopetettu;15.4.1975;11.12.1994;Pohjois-Savo;11658.0;11626.0;;11615.0;
1959;1402600;Pielavesi, länsi;W;Vedenkorkeus;14.741;Lopetettu;1.1.1910;31.12.1932;Pohjois-Savo;10183.0;;10125.0;;
1960;1402700;Pielavesi, Säviä;W;Vedenkorkeus;14.741;Lopetettu;01.01.1891;31.12.1941;Pohjois-Savo;10041.0;;9984.0;;
1962;1402900;Nilakka, Kolu, ylä;W;Vedenkorkeus;14.722;Lopetettu;01.01.1896;31.5.1994;Pohjois-Savo;10033.0;10003.0;9978.0;;
1963;1403000;Rasvanki, Kolu, ala;W;Vedenkorkeus;14.722;Lopetettu;01.01.1896;31.5.1994;Pohjois-Savo;9584.0;9554.0;9529.0;;
1964;1403100;Hirvijärvi;W;Vedenkorkeus;14.771;Lopetettu;12.7.1909;4.2.1935;Pohjois-Savo;10143.0;;10089.0;;
1965;1403200;Virmasvesi;W;Vedenkorkeus;14.722;Lopetettu;7.7.1909;31.3.1933;Pohjois-Savo;9741.0;;9687.0;;
1969;1403410;Kiesimä;W;Vedenkorkeus;14.761;Lopetettu;1.1.1918;31.12.1932;Pohjois-Savo;10032.0;;9977.0;;
1970;1403420;Kiesimä, ylä;W;Vedenkorkeus;14.711;Lopetettu;8.6.1927;30.4.1994;Pohjois-Savo;9827.0;9796.0;9772.0;;
1972;1403500;Pieksäjärvi;W;Vedenkorkeus;14.793;Lopetettu;1.1.1910;31.12.1953;Etelä-Savo;11945.0;;11898.0;;
1973;1403510;Pieksäjärvi;W;Vedenkorkeus;14.796;Lopetettu;21.1.1957;31.12.1964;Etelä-Savo;11832.0;11804.0;11785.0;;
1975;1403700;Konnevesi, Kivisalmi;W;Vedenkorkeus;14.711;Lopetettu;1.7.1909;31.12.1941;Pohjois-Savo;9503.0;;9449.0;;
1976;1403800;Konnevesi, pohj.;W;Vedenkorkeus;14.711;Lopetettu;1.1.1910;7.2.1932;Pohjois-Savo;9499.0;;9443.0;;
1977;1403810;Konnevesi, Neituri, ala;W;Vedenkorkeus;14.711;Lopetettu;1.1.1928;30.4.1994;Keski-Suomi;9267.0;9236.0;9211.0;;
1978;1403820;Konnevesi, Kiesimä, ala;W;Vedenkorkeus;14.711;Lopetettu;1.1.1928;30.4.1994;Pohjois-Savo;9266.0;9235.0;9211.0;;
1980;1404000;Vanginvesi;W;Vedenkorkeus;14.361;Lopetettu;20.6.1909;10.5.2023;Keski-Suomi;8980.0;8949.0;8925.0;;
1981;1404010;Vanginvesi, Korhola;W;Vedenkorkeus;14.352;Lopetettu;1.1.1941;31.12.1959;Keski-Suomi;8697.0;;8642.0;;
1983;1404110;Kynsivesi, Simuna;W;Vedenkorkeus;14.352;Lopetettu;20.6.1940;31.8.1978;Keski-Suomi;8597.0;8568.0;8545.0;;
1986;1404211;Kuuhankavesi, länsi;W;Vedenkorkeus;14.371;Lopetettu;1.7.1974;31.12.1995;Keski-Suomi;30.0;0.0;;;
1988;1404250;Venekosken voimalaitos, ylä;W;Vedenkorkeus;14.352;Lopetettu;1.1.1971;31.12.1995;Keski-Suomi;30.0;0.0;;;
1989;1404260;Venekosken voimalaitos, ala;W;Vedenkorkeus;14.352;Lopetettu;1.1.1972;31.12.1995;Keski-Suomi;30.0;0.0;;;
1990;1404300;Kuusvesi, Mannunlahti;W;Vedenkorkeus;14.351;Lopetettu;1.1.1910;31.12.1949;Keski-Suomi;8495.0;;8440.0;;
3347;0406043;Sukevanjärvi;W;Vedenkorkeus;04.584;Lopetettu;11.4.2005;13.10.2015;Pohjois-Savo;12419.0;12389.0;;;
3349;0406031;Harvanjärvi;W;Vedenkorkeus;04.582;Lopetettu;1.2.2006;26.10.2012;Pohjois-Savo;10327.0;10297.0;;;
3379;0407010;Rahasjoki;W;Vedenkorkeus;04.633;Lopetettu;14.4.2005;30.11.2007;Pohjois-Savo;9784.0;9756.0;;;
3380;0407011;Ruokosjärvi;W;Vedenkorkeus;04.633;Lopetettu;13.4.2005;7.11.2011;Pohjois-Savo;9759.0;9731.0;;;
3382;1401801;Kallinjärvi;W;Vedenkorkeus;14.613;Lopetettu;17.5.2005;18.2.2014;Keski-Suomi;10863.0;10832.0;;;
3395;3503111;Kalvola,Uurtaanjärvi;W;Vedenkorkeus;35.285;Lopetettu;24.5.2007;11.2.2020;Kanta-Häme;28.0;0.0;;;
3397;3502531;Totunoja;W;Vedenkorkeus;35.263;Lopetettu;28.8.2003;17.9.2008;Kanta-Häme;28.0;0.0;;;
3398;0405419;Ylä-Varpanen;W;Vedenkorkeus;04.589;Lopetettu;22.3.2007;27.6.2010;Pohjois-Savo;11831.0;11802.0;;;
3399;0406044;Pienvesi;W;Vedenkorkeus;04.584;Lopetettu;13.6.2006;5.12.2009;Pohjois-Savo;12405.0;12375.0;;;
3400;0405403;Tismiö;W;Vedenkorkeus;04.521;Lopetettu;5.4.2006;11.1.2009;Pohjois-Savo;8923.0;8893.0;;;
3401;0405404;Keskimmäinen;W;Vedenkorkeus;04.521;Lopetettu;5.4.2006;11.1.2009;Pohjois-Savo;8736.0;8706.0;;;
3402;0405405;Ylemmäinen;W;Vedenkorkeus;04.521;Lopetettu;5.4.2006;11.1.2009;Pohjois-Savo;8746.0;8716.0;;;
3410;3601510;Harjakoski ala;W;Vedenkorkeus;36.021;Lopetettu;;;Satakunta;5126.0;5090.0;;;
3413;1401411;Kiminkijärvi;W;Vedenkorkeus;14.642;Lopetettu;7.9.2006;25.10.2014;Keski-Suomi;14942.0;14908.0;;;
3420;1404750;Puuppola;W;Vedenkorkeus;14.295;Lopetettu;19.5.2008;31.3.2023;Keski-Suomi;14942.0;14908.0;;;
3422;2101331;Sarsalanoja;W;Vedenkorkeus;21.084;Lopetettu;19.6.2006;19.11.2015;Uusimaa;3778.0;3752.0;;;
3423;2101341;Mäyränoja;W;Vedenkorkeus;21.085;Lopetettu;19.6.2006;19.11.2015;Uusimaa;3766.0;3740.0;;;
3432;3505700;Mänttä,ala;W;Vedenkorkeus;35.62;Lopetettu;1.2.2000;30.11.2013;Pirkanmaa;3766.0;3740.0;;;
3433;1405830;Ylä-Vehkajärvi;W;Vedenkorkeus;14.221;Lopetettu;25.2.2009;13.5.2013;Päijät-Häme;27.0;0.0;;;
3434;3501890;Sairakkalanjärvi;W;Vedenkorkeus;35.837;Lopetettu;16.3.2009;27.9.2012;Päijät-Häme;26.0;0.0;;;
3438;3501400;Hml, Hauho, Jokijärvi;W;Vedenkorkeus;35.771;Lopetettu;13.5.2009;11.2.2020;Kanta-Häme;28.0;0.0;;;
3441;5903400;Oulujärvi;W;Vedenkorkeus;59.311;Lopetettu;25.10.1920;31.12.1950;Pohjois-Pohjanmaa;12155.0;;12083.0;;
3467;3507300;Nokia, Vihnusjärvi;W;Vedenkorkeus;35.213;Lopetettu;27.11.2009;13.2.2017;Pirkanmaa;12155.0;;12083.0;;
3474;5400170;Kalliokoski, ylä;W;Vedenkorkeus;54.043;Lopetettu;;;Pohjois-Pohjanmaa;12155.0;;12083.0;;
3475;5400180;Kalliokoski, alavesi;W;Vedenkorkeus;54.043;Lopetettu;;;Pohjois-Pohjanmaa;12155.0;;12083.0;;
3476;5700800;Pöyry,ylävesi;W;Vedenkorkeus;57.012;Lopetettu;;;Pohjois-Pohjanmaa;12155.0;;12083.0;;
3477;5700900;Pöyry, alavesi;W;Vedenkorkeus;57.012;Lopetettu;;;Pohjois-Pohjanmaa;12155.0;;12083.0;;
3481;0407140;Lahnajärvi;W;Vedenkorkeus;04.593;Lopetettu;14.6.2010;14.7.2012;Pohjois-Savo;13807.0;13778.0;;;
3484;1200400;Valkjärvi;W;Vedenkorkeus;12.004;Lopetettu;23.11.2010;11.4.2018;Kymenlaakso;4422.0;4400.0;;;
3491;0407929;Mikkajärvi;W;Vedenkorkeus;04.652;Lopetettu;5.9.2010;30.12.2013;Pohjois-Savo;10259.0;10230.0;;;
3494;3502150;Sääjärvi;W;Vedenkorkeus;35.84;Lopetettu;28.9.2006;19.12.2019;Kanta-Häme;28.0;0.0;;;
3495;3502155;Kempinpato;W;Vedenkorkeus;35.84;Lopetettu;28.9.2006;13.8.2025;Kanta-Häme;28.0;0.0;;;
3496;3502160;Kesijärvi;W;Vedenkorkeus;35.84;Lopetettu;28.9.2006;13.8.2025;Kanta-Häme;27.0;0.0;;;
3497;3502170;Isojärvi;W;Vedenkorkeus;35.84;Lopetettu;28.9.2006;12.8.2025;Kanta-Häme;27.0;0.0;;;
3498;2300122;Saukonpää;W;Vedenkorkeus;23.063;Lopetettu;27.9.2011;28.11.2021;Uusimaa;11565.0;11539.0;;;
3513;0401280;Petäisjärvi;W;Vedenkorkeus;04.476;Lopetettu;28.6.2011;6.3.2013;Pohjois-Karjala;11565.0;11539.0;;;
3515;0404975;Sysmäjärvi;W;Vedenkorkeus;04.353;Lopetettu;31.7.2012;1.6.2018;Pohjois-Karjala;8540.0;8516.0;;;
3520;3501250;Rautjärvi;W;Vedenkorkeus;35.786;Lopetettu;10.10.2012;18.2.2020;Päijät-Häme;27.0;0.0;;;
3525;0407770;Ylä-Salmijärvi;W;Vedenkorkeus;04.619;Lopetettu;11.11.2013;26.12.2015;Pohjois-Savo;27.0;0.0;;;
3545;2100250;Lallujärvi;W;Vedenkorkeus;21.023;Lopetettu;3.10.2013;4.4.2018;Kanta-Häme;26.0;0.0;;;
3547;0402712;Koitere Piilovaara;W;Vedenkorkeus;04.941;Lopetettu;28.11.2013;1.10.2018;Pohjois-Karjala;23.0;0.0;-12.0;;
3559;6800500;Karigasniemi;W;Vedenkorkeus;68.031;Lopetettu;17.9.1958;11.12.1973;Lappi;12375.0;;;12358.0;12372.0
3572;3507510;Nerkoo, Kihniö;W;Vedenkorkeus;35.538;Lopetettu;19.11.2014;7.5.2017;Pirkanmaa;14185.0;14150.0;;;
3575;6000400;Haukipudas;W;Vedenkorkeus;60.011;Lopetettu;1.1.1912;31.12.1975;Pohjois-Pohjanmaa;967.0;927.0;890.0;;
3582;4200610;Kyrönjoki, Hanhikoski, vanha asema;W;Vedenkorkeus;42.023;Lopetettu;1.1.1912;31.3.1926;Etelä-Pohjanmaa;3426.0;;3348.0;;
3595;0407992;Vaahtovanlampi;W;Vedenkorkeus;04.278;Lopetettu;23.3.2015;29.10.2016;Pohjois-Savo;8348.0;8324.0;;;
3597;3900400;Pirttikylä;W;Vedenkorkeus;39.002;Lopetettu;21.10.2015;15.6.2017;Pohjanmaa;42.0;0.0;;;
3686;3515000;Kauvatsanjoki, Mutilahti;W;Vedenkorkeus;35.151;Lopetettu;27.10.2011;23.12.2021;Satakunta;43.0;;;0.0;
3690;2500000;Uskelanjoki Moisionkoski ap;W;Vedenkorkeus;25.001;Lopetettu;7.4.2015;30.5.2023;Varsinais-Suomi;28.0;0.0;;;
3514;0401270;Suuri Palojärvi;W;Vedenkorkeus;04.476;Määräaikainen;11.9.2012;26.11.2014;Pohjois-Karjala;28.0;0.0;;;
3549;0405850;Pyöree;W;Vedenkorkeus;04.536;Määräaikainen;23.12.2013;18.01.2026;Pohjois-Savo;28.0;0.0;;;
4013;1403405;Tuomiojärvi;W;Vedenkorkeus;14.785;Määräaikainen;;;Etelä-Savo;10141.0;10113.0;;;
3963;1407980;Etelä-Tervajärvi,Mäntyharju;W;Vedenkorkeus;14.918;Määräaikainen;;;Etelä-Savo;10141.0;10113.0;;;
2956;1600700;Kirkkojärvi, luusua;W;Vedenkorkeus;16.005;Määräaikainen;21.4.1986;15.6.2022;Uusimaa;3424.0;3399.0;;;
3667;2101450;Keravanjoki, Kellokosken patohanke;W;Vedenkorkeus;21.093;Määräaikainen;8.12.2016;9.10.2025;Uusimaa;25.0;0.0;;;
2999;2201200;Hepari;W;Vedenkorkeus;22.008;Määräaikainen;4.9.1966;22.2.2024;Uusimaa;3725.0;3700.0;;;
2982;2300110;Vanjoki, Kutin silta;W;Vedenkorkeus;23.042;Määräaikainen;9.2.1999;18.01.2026;Uusimaa;3205.0;3180.0;;;
3533;2300131;Vanjärvi, kunnostushanke;W;Vedenkorkeus;23.042;Määräaikainen;15.8.2013;17.2.2020;Uusimaa;3205.0;3180.0;;;
3162;2300125;Tarkeelanjärvi;W;Vedenkorkeus;23.063;Määräaikainen;1.4.2004;28.12.2014;Uusimaa;26.0;0.0;;;
3827;2403500;Enäjärvi, Uitsalmi;W;Vedenkorkeus;24.033;Määräaikainen;13.7.1977;30.11.2025;Varsinais-Suomi;26.0;0.0;;;
3828;2403600;Enäjärvi, luusua;W;Vedenkorkeus;24.033;Määräaikainen;7.8.2018;6.10.2020;Uusimaa;26.0;0.0;;;
3761;3504200;Peränne;W;Vedenkorkeus;35.424;Määräaikainen;10.1.2019;11.01.2026;Etelä-Pohjanmaa;35.0;0.0;;;
3762;3504250;Vähä-Peränne;W;Vedenkorkeus;35.424;Määräaikainen;10.1.2019;19.01.2026;Etelä-Pohjanmaa;35.0;0.0;;;
3935;5901200;Osmankajärvi;W;Vedenkorkeus;59.353;Määräaikainen;13.6.2022;18.01.2026;Kainuu;16698.0;;;;
3846;6702090;Tengeliöjoki Pohjapato yläp;W;Vedenkorkeus;67.911;Määräaikainen;;;Lappi;16698.0;;;;
3847;6702070;Tengeliöjoki silta yläp;W;Vedenkorkeus;67.911;Määräaikainen;;;Lappi;16698.0;;;;
2769;0100200;Öllölänjärvi;W;Vedenkorkeus;01.022;Satunnainen;16.3.1993;9.7.2004;Pohjois-Karjala;13146.0;13126.0;13120.0;;
2771;0100310;Haarajärvi;W;Vedenkorkeus;01.032;Satunnainen;11.1.1993;22.11.2006;Pohjois-Karjala;11083.0;11062.0;;;
2772;0100320;Palojärvi;W;Vedenkorkeus;01.033;Satunnainen;27.8.1965;6.9.2004;Pohjois-Karjala;11659.0;11638.0;11630.0;;
2773;0100330;Keskijärvi;W;Vedenkorkeus;01.033;Satunnainen;7.10.1977;21.10.2015;Pohjois-Karjala;11742.0;11720.0;11711.0;;
2774;0100400;Kuusjärvi Eno;W;Vedenkorkeus;01.035;Satunnainen;14.11.1977;11.10.2006;Pohjois-Karjala;11801.0;11779.0;11769.0;;
2775;0100500;Koveron Lastujärvi;W;Vedenkorkeus;01.036;Satunnainen;15.4.1955;27.8.2004;Pohjois-Karjala;11222.0;11201.0;;;
2776;0100510;Lastujärvi;W;Vedenkorkeus;01.036;Satunnainen;27.4.1993;13.10.2006;Pohjois-Karjala;11345.0;11324.0;;;
2777;0100600;Uramo;W;Vedenkorkeus;01.044;Satunnainen;6.5.1977;28.6.2004;Pohjois-Karjala;12364.0;12342.0;12330.0;;
2778;0100700;Sonkajanrannanjärvi;W;Vedenkorkeus;01.046;Satunnainen;21.10.1977;31.5.2005;Pohjois-Karjala;15371.0;15349.0;15340.0;;
2779;0100710;Suuri Hietajärvi;W;Vedenkorkeus;01.065;Satunnainen;15.10.1990;3.10.2010;Pohjois-Karjala;11042.0;11021.0;;;
2781;0100210;Korpijärvi Hoilola;W;Vedenkorkeus;01.081;Satunnainen;12.5.1977;13.10.2006;Pohjois-Karjala;13027.0;13007.0;13001.0;;
2782;0100900;Kaustajärvi;W;Vedenkorkeus;01.091;Satunnainen;20.9.1977;8.9.2004;Pohjois-Karjala;10570.0;10550.0;10544.0;;
2783;0100910;Patson Pitkä;W;Vedenkorkeus;01.091;Satunnainen;25.12.1990;27.10.2006;Pohjois-Karjala;11220.0;11200.0;;;
2785;0200800;Kiteenjärvi;W;Vedenkorkeus;02.022;Satunnainen;1.1.1954;18.7.2012;Pohjois-Karjala;7933.0;7914.0;;;
2786;0200810;Säynejärvi;W;Vedenkorkeus;02.026;Satunnainen;13.4.1960;25.10.2006;Pohjois-Karjala;8342.0;8323.0;8317.0;;
2787;0200820;Iso Heinäjärvi;W;Vedenkorkeus;02.027;Satunnainen;13.5.1977;22.7.2004;Pohjois-Karjala;10258.0;10239.0;10233.0;;
3019;0300110;Siikalahti, patotie;W;Vedenkorkeus;03.031;Satunnainen;8.9.1987;30.11.2025;Etelä-Karjala;25.0;;;0.0;
2921;0410413;Korpijärvi;W;Vedenkorkeus;04.143;Satunnainen;16.4.1970;13.10.2025;Etelä-Savo;8274.0;8250.0;;;
3020;0410430;Säänjärvi;W;Vedenkorkeus;04.146;Satunnainen;21.4.1964;27.12.2015;Etelä-Karjala;24.0;0.0;;;
2920;0410422;Syysjärvi;W;Vedenkorkeus;04.162;Satunnainen;20.3.1970;29.9.2017;Etelä-Savo;8649.0;8625.0;;;
2929;0410421;Lylyjärvi;W;Vedenkorkeus;04.164;Satunnainen;4.7.1986;30.12.2011;Etelä-Savo;11199.0;11174.0;;;
2926;0410401;Sääksjärvi;W;Vedenkorkeus;04.174;Satunnainen;3.5.1987;30.09.2025;Etelä-Savo;9337.0;9312.0;;;
3023;0410480;Pitkäjärvi;W;Vedenkorkeus;04.199;Satunnainen;10.9.1981;13.12.2025;Etelä-Karjala;7447.0;7428.0;;;
2924;0410011;Pieni- Raudanvesi;W;Vedenkorkeus;04.211;Satunnainen;11.6.1986;4.12.2024;Etelä-Savo;7576.0;7552.0;;;
2922;0409712;Valvatus;W;Vedenkorkeus;04.213;Satunnainen;3.10.1983;22.11.2011;Pohjois-Savo;7771.0;7745.0;;;
2931;0409711;Saarikkolampi;W;Vedenkorkeus;04.213;Satunnainen;22.4.1994;3.9.2012;Pohjois-Savo;9707.0;9681.0;;;
2927;0405305;Pahkajärvi;W;Vedenkorkeus;04.229;Satunnainen;5.4.1983;29.12.2025;Etelä-Savo;22.0;0.0;;;
2923;0405211;Vuokalanjärvi;W;Vedenkorkeus;04.234;Satunnainen;14.1.1976;29.9.2010;Etelä-Savo;9014.0;8993.0;;;
3262;0410424;Haapajärvi;W;Vedenkorkeus;04.253;Satunnainen;11.8.2003;16.11.2011;Etelä-Savo;10494.0;10467.0;;;
2932;0405301;Ylä-Enonvesi;W;Vedenkorkeus;04.291;Satunnainen;2.1.1996;18.01.2026;Etelä-Savo;32.0;10.0;0.0;;
2788;0404930;Korpijärvi Liperi;W;Vedenkorkeus;04.315;Satunnainen;15.9.1977;3.6.2005;Pohjois-Karjala;10384.0;10360.0;10343.0;;
2789;0404940;Kuorinka;W;Vedenkorkeus;04.317;Satunnainen;29.05.1890;11.7.2014;Pohjois-Karjala;8714.0;8691.0;8680.0;;
2791;0405112;Haapajärvi Pyhäselkä;W;Vedenkorkeus;04.326;Satunnainen;1.4.1953;16.6.2004;Pohjois-Karjala;8018.0;7996.0;;;
2793;0403120;Hepolampi;W;Vedenkorkeus;04.342;Satunnainen;29.4.1992;13.12.2006;Pohjois-Karjala;12048.0;12025.0;;;
2794;0403220;Ylimmäinen;W;Vedenkorkeus;04.348;Satunnainen;11.5.1977;27.8.2004;Pohjois-Karjala;12817.0;12794.0;12781.0;;
2795;0404970;Sysmäjärvi, pato;W;Vedenkorkeus;04.353;Satunnainen;3.5.1932;31.7.2012;Pohjois-Karjala;8542.0;8518.0;8499.0;;
2796;0404980;Kuusjärvi Outokumpu;W;Vedenkorkeus;04.353;Satunnainen;17.4.1946;15.11.2006;Pohjois-Karjala;10185.0;10160.0;10140.0;;
2800;0404971;Polvijärvi;W;Vedenkorkeus;04.356;Satunnainen;16.9.1977;9.9.2008;Pohjois-Karjala;9094.0;9070.0;9050.0;;
2801;0404972;Kuusijärvi, Liperi;W;Vedenkorkeus;04.359;Satunnainen;29.5.1992;10.6.2004;Pohjois-Karjala;9379.0;9356.0;;;
2802;0404973;Leinonen;W;Vedenkorkeus;04.359;Satunnainen;19.9.1977;20.10.2006;Pohjois-Karjala;9520.0;9497.0;9481.0;;
2803;0405113;Hammasjärvi;W;Vedenkorkeus;04.361;Satunnainen;26.9.1977;6.9.2004;Pohjois-Karjala;10017.0;9995.0;9986.0;;
2804;0405114;Suuri-Onkamo;W;Vedenkorkeus;04.372;Satunnainen;25.4.1955;4.8.2021;Pohjois-Karjala;7632.0;7611.0;7603.0;;
3364;0405117;Rauanjärvi;W;Vedenkorkeus;04.374;Satunnainen;18.12.2006;18.12.2006;Pohjois-Karjala;10204.0;10183.0;;;
2806;0405116;Piimäjärvi;W;Vedenkorkeus;04.383;Satunnainen;27.9.1977;8.10.2008;Pohjois-Karjala;7875.0;7855.0;7848.0;;
2807;0405010;Karjalanjoki;W;Vedenkorkeus;04.398;Satunnainen;14.5.1992;4.5.1993;Pohjois-Karjala;7995.0;7975.0;7968.0;;
2809;0401420;Herajärvi;W;Vedenkorkeus;04.412;Satunnainen;27.5.1950;10.5.2005;Pohjois-Karjala;9926.0;9902.0;9884.0;;
2810;0401430;Savijärvi;W;Vedenkorkeus;04.413;Satunnainen;15.1.1977;20.11.2006;Pohjois-Karjala;12676.0;12652.0;12633.0;;
2811;0400770;Muntsurinjärvi;W;Vedenkorkeus;04.431;Satunnainen;10.12.1986;30.12.2008;Pohjois-Karjala;11617.0;11591.0;11571.0;;
2812;0401440;Juuanjärvi;W;Vedenkorkeus;04.452;Satunnainen;28.10.1977;9.6.2005;Pohjois-Karjala;16936.0;16911.0;16889.0;;
2815;0401312;Koppelojärvi;W;Vedenkorkeus;04.465;Satunnainen;24.5.1977;14.7.2004;Pohjois-Karjala;12975.0;12948.0;12922.0;;
2816;0401120;Roukkajanjärvi;W;Vedenkorkeus;04.471;Satunnainen;16.4.1997;26.7.2004;Pohjois-Karjala;9433.0;9406.0;;;
2819;0401210;Kuohattijärvi;W;Vedenkorkeus;04.478;Satunnainen;1.9.1977;12.12.2006;Pohjois-Karjala;16162.0;16135.0;16113.0;;
3470;0405900;Koljonvirta;W;Vedenkorkeus;huhti.53;Satunnainen;;;Pohjois-Savo;16162.0;16135.0;16113.0;;
3431;0406020;Mustanjoki;W;Vedenkorkeus;04.588;Satunnainen;16.1.2009;12.3.2018;Pohjois-Savo;10728.0;10698.0;;;
3405;0407001;Somsankoski;W;Vedenkorkeus;04.631;Satunnainen;;;Pohjois-Savo;10728.0;10698.0;;;
3331;0407500;Sammakkojärvi;W;Vedenkorkeus;04.664;Satunnainen;;;Pohjois-Savo;18602.0;18575.0;;;
2821;0407380;Ala-Ruokonen;W;Vedenkorkeus;04.685;Satunnainen;23.5.1977;21.11.2006;Pohjois-Karjala;20895.0;20870.0;20847.0;;
2823;0408312;Halijärvi;W;Vedenkorkeus;04.748;Satunnainen;25.10.1977;18.5.2005;Pohjois-Karjala;15678.0;15654.0;15632.0;;
2824;0408330;Vaikkojärvi;W;Vedenkorkeus;04.752;Satunnainen;1.3.1974;21.11.2006;Pohjois-Karjala;18705.0;18680.0;18657.0;;
2825;0408340;Saarijärvi;W;Vedenkorkeus;04.763;Satunnainen;25.10.1977;7.9.2004;Pohjois-Karjala;21099.0;21075.0;21053.0;;
2827;0404840;Iso Polvijärvi;W;Vedenkorkeus;huhti.81;Satunnainen;17.10.1977;23.10.2006;Pohjois-Karjala;10006.0;9983.0;9966.0;;
2828;0404870;Nisäjärvi;W;Vedenkorkeus;04.847;Satunnainen;22.2.1989;23.7.2004;Pohjois-Karjala;9645.0;9621.0;;;
2829;0404880;Kuhnustanjärvi;W;Vedenkorkeus;04.851;Satunnainen;20.8.1947;11.5.2005;Pohjois-Karjala;9769.0;9745.0;;;
2830;0402620;Ala-Kivilampi;W;Vedenkorkeus;04.914;Satunnainen;28.3.1993;8.9.2004;Pohjois-Karjala;13432.0;13409.0;;;
1760;0402310;Ilomantsinjärvi;W;Vedenkorkeus;04.921;Satunnainen;1.1.1961;8.9.2004;Pohjois-Karjala;14343.0;14321.0;14313.0;;
1761;0402320;Mekrijärvi;W;Vedenkorkeus;04.921;Satunnainen;1.1.1963;19.9.2011;Pohjois-Karjala;14436.0;14414.0;14403.0;;
1759;0402300;Nuorajärvi, Oinassalmi;W;Vedenkorkeus;04.922;Satunnainen;1.1.1961;19.10.2015;Pohjois-Karjala;14418.0;14400.0;14393.0;;
2831;0402110;Sysmä;W;Vedenkorkeus;04.925;Satunnainen;30.5.1977;18.10.2006;Pohjois-Karjala;15063.0;15043.0;15032.0;;
2832;0402111;Syväjärvi;W;Vedenkorkeus;04.932;Satunnainen;27.5.1977;28.7.2004;Pohjois-Karjala;18423.0;18401.0;18389.0;;
2833;0402112;Ilajanjärvi;W;Vedenkorkeus;04.933;Satunnainen;13.7.1961;17.10.2006;Pohjois-Karjala;15221.0;15200.0;15190.0;;
2834;0402730;Suomunjärvi;W;Vedenkorkeus;04.962;Satunnainen;24.2.1993;29.7.2004;Pohjois-Karjala;15228.0;15205.0;;;
2837;0402771;Harkkojärvi II;W;Vedenkorkeus;04.982;Satunnainen;26.5.1977;21.7.2004;Pohjois-Karjala;15018.0;14996.0;14984.0;;
2838;0402772;Hattujärvi;W;Vedenkorkeus;04.983;Satunnainen;27.5.1977;28.7.2004;Pohjois-Karjala;16873.0;16851.0;16839.0;;
2839;0402773;Harkkojärvi I;W;Vedenkorkeus;04.984;Satunnainen;26.5.1977;26.8.2004;Pohjois-Karjala;15045.0;15023.0;15011.0;;
2840;0402330;Oskajärvi;W;Vedenkorkeus;04.992;Satunnainen;24.5.1994;20.7.2004;Pohjois-Karjala;15233.0;15212.0;;;
3024;0900300;Väkevänjärvi;W;Vedenkorkeus;09.001;Satunnainen;6.4.1962;28.11.2025;Etelä-Karjala;2049.0;2028.0;;;
2038;1406920;Sylvöjärvi;W;Vedenkorkeus;14.161;Satunnainen;1.1.1941;05.11.2017;Päijät-Häme;24.0;0.0;-13.0;;
3138;1406921;Kymijärvi;W;Vedenkorkeus;14.164;Satunnainen;15.10.1960;1.11.2015;Päijät-Häme;24.0;0.0;;;
3555;1406840;Tuusjärvi;W;Vedenkorkeus;14.173;Satunnainen;27.5.2014;27.5.2014;Päijät-Häme;25.0;0.0;;;
3142;1406830;Viilajärvi;W;Vedenkorkeus;14.179;Satunnainen;21.4.1977;15.9.2024;Päijät-Häme;8372.0;8347.0;;;
3143;1406820;Imjärvi;W;Vedenkorkeus;14.179;Satunnainen;21.4.1977;8.12.2013;Päijät-Häme;8380.0;8355.0;;;
3042;1408810;Kaitajärvi;W;Vedenkorkeus;14.196;Satunnainen;31.8.1979;09.11.2025;Etelä-Karjala;23.0;0.0;;;
3280;1405730;Sysmä, Artjärvi;W;Vedenkorkeus;14.221;Satunnainen;27.10.2004;13.8.2008;Päijät-Häme;27.0;0.0;;;
3512;1405990;Auhjärvi;W;Vedenkorkeus;14.229;Satunnainen;9.4.1970;13.5.2013;Päijät-Häme;27.0;0.0;;;
3156;1404740;Luonetjärvi;W;Vedenkorkeus;14.295;Satunnainen;1.1.2002;28.11.2023;Keski-Suomi;42.0;11.0;;0.0;
2896;1401220;Horonjärvi;W;Vedenkorkeus;14.715;Satunnainen;19.3.1973;30.4.2001;Pohjois-Savo;42.0;11.0;;0.0;
3153;1403621;Sääksjärvi;W;Vedenkorkeus;14.717;Satunnainen;;;Pohjois-Savo;9912.0;9882.0;;;
2948;1403501;Pieksäjärvi;W;Vedenkorkeus;14.792;Satunnainen;27.12.1977;30.12.2013;Etelä-Savo;38.0;;;0.0;
3141;1405720;Vanjärvi;W;Vedenkorkeus;14.813;Satunnainen;2.1.1970;10.10.2015;Päijät-Häme;27.0;0.0;;;
2933;1408043;Peruvesi;W;Vedenkorkeus;14.916;Satunnainen;15.4.1976;31.12.2011;Etelä-Savo;10385.0;10360.0;;;
2938;1408041;Pienivesi;W;Vedenkorkeus;14.917;Satunnainen;7.4.1970;29.12.2025;Etelä-Savo;10677.0;10650.0;;;
3048;1407510;Mallosjärvi;W;Vedenkorkeus;14.927;Satunnainen;7.10.2002;30.4.2009;Etelä-Savo;28.0;0.0;;;
2936;1407611;Korpijärvi;W;Vedenkorkeus;14.929;Satunnainen;3.10.1994;27.8.2022;Etelä-Savo;10334.0;;;10300.0;
3396;1408411;Salajärvi;W;Vedenkorkeus;14.946;Satunnainen;2.1.1989;10.4.2018;Päijät-Häme;9331.0;9306.0;;;
2934;1407424;Härkäjärvi;W;Vedenkorkeus;14.961;Satunnainen;3.1.1990;26.8.2013;Etelä-Savo;10276.0;;10230.0;;
2947;1407425;Letvelampi;W;Vedenkorkeus;14.961;Satunnainen;3.1.1990;15.8.2013;Etelä-Savo;10246.0;;10200.0;;
3409;1407433;Juvani;W;Vedenkorkeus;14.961;Satunnainen;30.5.2007;5.12.2014;Etelä-Savo;11058.0;11030.0;;;
3408;1407431;Kutemajärvi;W;Vedenkorkeus;14.962;Satunnainen;21.5.2007;5.12.2014;Etelä-Savo;11288.0;11260.0;;;
3185;1800600;Porvoonjoki,Strömsbergin voimalaitos;W;Vedenkorkeus;18.012;Satunnainen;1.1.1975;4.8.2014;Uusimaa;11288.0;11260.0;;;
3471;1800900;Kuustjärvi;W;Vedenkorkeus;18.033;Satunnainen;15.5.1982;12.1.2010;Päijät-Häme;7417.0;7392.0;;;
3501;1801000;Kylänjärvi;W;Vedenkorkeus;18.043;Satunnainen;18.11.2011;18.11.2011;Päijät-Häme;26.0;0.0;;;
2957;1800800;Isojärvi eli Onkimaanjärvi;W;Vedenkorkeus;18.063;Satunnainen;4.5.1941;27.7.2022;Uusimaa;5859.0;5834.0;;;
2124;1900300;Ridanfors;W;Vedenkorkeus;19.001;Satunnainen;1.1.1935;31.5.2002;Uusimaa;29.0;4.0;0.0;;
3186;1900120;Mustijoki, vesilaitos;W;Vedenkorkeus;19.001;Satunnainen;1.6.1973;31.3.2020;Uusimaa;29.0;4.0;0.0;;
3187;1900430;Kilpijärvi;W;Vedenkorkeus;19.007;Satunnainen;13.11.1983;28.12.2012;Uusimaa;29.0;4.0;0.0;;
3008;2000110;Byabäcken (Sipoonjoki);W;Vedenkorkeus;20.004;Satunnainen;8.1.1996;19.4.2021;Uusimaa;83.0;58.0;;;
3123;2100220;Erkylän myllylampi;W;Vedenkorkeus;21.023;Satunnainen;3.9.2001;30.5.2004;Kanta-Häme;10217.0;10190.0;;;
2128;2100121;Ala-Suolijärvi;W;Vedenkorkeus;21.033;Satunnainen;1.1.1970;31.7.2020;Uusimaa;40.0;;0.0;;
2131;2100940;Sandbacka;W;Vedenkorkeus;21.045;Satunnainen;1.1.1971;30.9.2024;Uusimaa;33.0;;;0.0;
3194;2100941;Mylly-Majalampi;W;Vedenkorkeus;21.045;Satunnainen;3.8.1970;31.12.2007;Uusimaa;7096.0;;;7063.0;
2130;2100920;Valkjärvi;W;Vedenkorkeus;21.054;Satunnainen;1.11.1960;30.9.2024;Uusimaa;37.0;;0.0;;
3266;2200670;Pikkalanjoki, joella;W;Vedenkorkeus;22.001;Satunnainen;1.1.1982;31.12.2011;Uusimaa;37.0;;0.0;;
3267;2200680;Pikkalanjoki, merellä;W;Vedenkorkeus;22.001;Satunnainen;1.1.1982;31.12.2011;Uusimaa;37.0;;0.0;;
2959;2300320;Vaskijärvi;W;Vedenkorkeus;23.056;Satunnainen;3.1.1984;29.12.2015;Uusimaa;10461.0;10435.0;;10427.0;
3180;2300248;Pitkäjärvi, Nummenjoen pato;W;Vedenkorkeus;23.071;Satunnainen;1.4.1992;30.1.2005;Uusimaa;4093.0;4067.0;;;
3189;2300312;Vihtilammi;W;Vedenkorkeus;23.093;Satunnainen;4.5.1979;17.01.2026;Uusimaa;0.0;-25.0;;-33.0;
2145;2300310;Sääksjärvi;W;Vedenkorkeus;23.097;Satunnainen;1.5.1959;2.3.2020;Uusimaa;9879.0;9854.0;;9846.0;
3190;2300311;Sääksjärvi, Nurmijärvi;W;Vedenkorkeus;23.097;Satunnainen;26.6.1979;17.01.2026;Uusimaa;0.0;-25.0;;-33.0;
3195;2400100;Sikajärvi, pato;W;Vedenkorkeus;24.032;Satunnainen;24.4.1981;21.1.1999;Uusimaa;4929.0;;;4896.0;
3198;2400110;Sikajärvi, Kärkelän voimalaitospato;W;Vedenkorkeus;24.032;Satunnainen;27.8.1979;21.1.1999;Uusimaa;4929.0;;;4896.0;
3904;2403700;Enäjärvi, Lauttavesi;W;Vedenkorkeus;24.033;Satunnainen;15.7.2020;28.12.2025;Uusimaa;26.0;0.0;;;
3102;2700111;Valkjärvi, etujärvi;W;Vedenkorkeus;27.043;Satunnainen;12.5.2002;31.8.2016;Kanta-Häme;11958.0;11931.0;;;
3208;3300300;Kauklainen;W;Vedenkorkeus;33.002;Satunnainen;1.4.2000;8.11.2023;Satakunta;2143.0;2110.0;;;
3604;3502545;Myllyjoki-Katumajärvi;W;Vedenkorkeus;35.236;Satunnainen;7.3.2015;8.8.2019;Kanta-Häme;28.0;0.0;;;
3429;3503112;Kotkajärvi;W;Vedenkorkeus;35.285;Satunnainen;1.4.1954;18.10.2010;Kanta-Häme;12057.0;12029.0;;;
3493;3501450;Konaanjärvi;W;Vedenkorkeus;35.773;Satunnainen;7.3.1945;21.12.2025;Kanta-Häme;8440.0;8412.0;;;
3122;3501340;Jylisjärvi;W;Vedenkorkeus;35.775;Satunnainen;21.2.1996;28.12.2008;Kanta-Häme;27.0;0.0;;;
3129;3501210;Porraskoski, pato;W;Vedenkorkeus;35.783;Satunnainen;1.4.1951;22.8.2009;Kanta-Häme;9314.0;9287.0;;;
3133;3501230;Karvalammi;W;Vedenkorkeus;35.787;Satunnainen;30.10.2001;25.7.2007;Kanta-Häme;13072.0;13046.0;;;
3134;3501240;Syrjänalunen;W;Vedenkorkeus;35.787;Satunnainen;30.10.2001;3.9.2007;Kanta-Häme;13642.0;13616.0;;;
3326;3501212;Oksjärvi;W;Vedenkorkeus;35.788;Satunnainen;1.4.2006;7.9.2008;Kanta-Häme;27.0;0.0;;;
3121;3501330;Suolijärvi;W;Vedenkorkeus;35.791;Satunnainen;21.2.1962;18.10.2017;Kanta-Häme;27.0;0.0;;;
3440;3501370;Pannujärvi;W;Vedenkorkeus;35.793;Satunnainen;10.1.2013;25.11.2017;Kanta-Häme;12657.0;12630.0;;;
3488;3501950;Hausjärven Valkjärvi;W;Vedenkorkeus;35.823;Satunnainen;;;Kanta-Häme;27.0;0.0;;;
3489;3501960;Kivenpuulammi;W;Vedenkorkeus;35.823;Satunnainen;;;Kanta-Häme;27.0;0.0;;;
3665;3501970;Vääräkoski/ Mallasjoki;W;Vedenkorkeus;35.825;Satunnainen;18.2.2015;9.4.2016;Kanta-Häme;8866.0;8839.0;;;
3775;3501870;Sahakoski ylä;W;Vedenkorkeus;35.833;Satunnainen;11.4.2019;19.10.2020;Päijät-Häme;25.0;0.0;-16.0;;
3487;3502100;Lastujärvi;W;Vedenkorkeus;35.84;Satunnainen;;;Kanta-Häme;28.0;0.0;;;
3110;3502321;Renkajoki;W;Vedenkorkeus;35.884;Satunnainen;15.7.2001;31.8.2009;Kanta-Häme;27.0;0.0;;;
3518;3502323;Kuittilankoski ylä;W;Vedenkorkeus;35.884;Satunnainen;;;Kanta-Häme;27.0;0.0;;;
3428;3502322;Renkajärvi;W;Vedenkorkeus;35.885;Satunnainen;5.9.2008;12.8.2024;Kanta-Häme;12178.0;12151.0;;;
3101;3502330;Lairo;W;Vedenkorkeus;35.886;Satunnainen;5.4.1969;16.9.2014;Kanta-Häme;27.0;0.0;;;
3109;3502311;Kyynäröinen;W;Vedenkorkeus;35.886;Satunnainen;1.1.1991;12.9.2017;Kanta-Häme;26.0;0.0;;;
3482;3509117;Määrlammi;W;Vedenkorkeus;35.931;Satunnainen;30.6.2010;1.11.2014;Kanta-Häme;27.0;0.0;;;
3517;3509118;Mustialanlammi;W;Vedenkorkeus;35.935;Satunnainen;20.9.2012;13.1.2022;Kanta-Häme;28.0;0.0;;;
3780;3509109;Pitkäjärvi;W;Vedenkorkeus;35.936;Satunnainen;4.6.2019;9.9.2021;Kanta-Häme;12351.0;12324.0;;;
3483;3509116;Särkijärvi;W;Vedenkorkeus;35.973;Satunnainen;2.7.2010;15.9.2016;Kanta-Häme;28.0;0.0;;;
3437;3509141;Liesjärvi-Kyynärä;W;Vedenkorkeus;35.982;Satunnainen;5.1.2009;10.3.2018;Kanta-Häme;10813.0;10786.0;;;
3888;3509129;Pitkäjärvi;W;Vedenkorkeus;35.984;Satunnainen;22.12.2019;12.12.2020;Kanta-Häme;13277.0;13251.0;;;
3913;3509128;Ilmetynjoki;W;Vedenkorkeus;35.984;Satunnainen;17.7.2018;17.10.2024;Kanta-Häme;0.0;;;;
2663;3600520;Inhottujärvi, Riuttan pato, ylä;W;Vedenkorkeus;36.021;Satunnainen;1.1.1964;30.12.2016;Satakunta;4268.0;4232.0;;;
3206;3600320;Venesjärvi;W;Vedenkorkeus;36.023;Satunnainen;1.4.1998;29.7.2000;Satakunta;37.0;0.0;;;
2682;4200700;Kyrönjoki, Napue;W;Vedenkorkeus;42.021;Satunnainen;5.10.1987;18.01.2026;Etelä-Pohjanmaa;1763.0;1720.0;;;
3954;4402000;Allasjoki, Välilammen pumppaamo;W;Vedenkorkeus;44.098;Satunnainen;27.1.2023;18.01.2026;Etelä-Pohjanmaa;51.0;;;0.0;
3553;5700310;Mankila;W;Vedenkorkeus;57.021;Satunnainen;17.2.2014;20.4.2016;Pohjois-Pohjanmaa;0.0;-39.0;;;
3213;5700163;Vähä-lamujärvi pato;W;Vedenkorkeus;57.063;Satunnainen;27.3.1918;18.01.2026;Pohjois-Pohjanmaa;47.0;13.0;;0.0;
3090;8102700;Lippajärvi;W;Vedenkorkeus;81.055;Satunnainen;6.1.1983;21.7.2008;Uusimaa;47.0;13.0;;0.0;
3083;8102810;Dämman;W;Vedenkorkeus;81.057;Satunnainen;1.1.1973;18.01.2026;Uusimaa;47.0;13.0;;0.0;
2970;8103600;Humaljärvi, säännöstelypato;W;Vedenkorkeus;81.061;Satunnainen;1.2.1979;31.1.2015;Uusimaa;47.0;13.0;;0.0;
3089;8103400;Meikojärvi;W;Vedenkorkeus;81.061;Satunnainen;18.2.1970;28.6.2010;Uusimaa;47.0;13.0;;0.0;
3193;8103120;Kvarnbynjoki, Överbyn pato;W;Vedenkorkeus;81.061;Satunnainen;15.1.1979;6.5.2002;Uusimaa;47.0;13.0;;0.0;
3085;8103210;Marsjön;W;Vedenkorkeus;81.068;Satunnainen;1.5.1969;16.7.2012;Uusimaa;32.0;;;0.0;
3087;8103220;Bruksträsket;W;Vedenkorkeus;81.07;Satunnainen;30.1.1994;30.7.2012;Uusimaa;32.0;;;0.0;
3088;8101900;Lappomträsket;W;Vedenkorkeus;81V026;Satunnainen;1.1.1967;30.9.2008;Uusimaa;22.0;0.0;;;
3191;8103100;Valkolampi;W;Vedenkorkeus;81V062;Satunnainen;1.1.1978;31.12.2006;Uusimaa;22.0;0.0;;;
3192;8103110;Niittylampi;W;Vedenkorkeus;81V062;Satunnainen;1.1.1978;2.10.2006;Uusimaa;22.0;0.0;;;
3196;8200100;Degersjö, Älsviken;W;Vedenkorkeus;82.002;Satunnainen;24.11.1980;30.4.2012;Uusimaa;1807.0;1781.0;;;
3197;8200110;Seljänalanen, Antskog sluss;W;Vedenkorkeus;82.002;Satunnainen;1.1.1977;28.4.2012;Uusimaa;3983.0;;;3950.0;
3001;8200200;Kvarnträsket;W;Vedenkorkeus;82.006;Satunnainen;16.3.1995;5.10.2007;Uusimaa;2126.0;2100.0;;;
2649;8200700;Hintsan-Lähteenmäen allas;W;Vedenkorkeus;82.047;Satunnainen;1.1.1999;31.5.2007;Varsinais-Suomi;49.0;;0.0;;
2650;8200800;Ruskojoki, Merttilän allas;W;Vedenkorkeus;82.047;Satunnainen;1.1.1999;31.5.2007;Varsinais-Suomi;29.0;0.0;;;
2651;8200900;Hintsan allas;W;Vedenkorkeus;82.047;Satunnainen;1.1.1999;31.5.2007;Varsinais-Suomi;49.0;;0.0;;
3258;8201300;Gennarbyviken, Merenpuoli;W;Vedenkorkeus;92.111;Satunnainen;1.1.1976;31.10.2002;Uusimaa;49.0;;0.0;;
3263;8201310;Gennarbyviken, Lahdenpuoli;W;Vedenkorkeus;92.111;Satunnainen;1.1.1976;31.10.2002;Uusimaa;136.0;;102.0;;
