paikka_id;Tunnus;Nimi;Suurekoodi;Suure;Vesistonumero;Tila;EnsimmainenHavainto;ViimeisinHavainto;Maakunta
1993;1404400;Lievestuoreenjärvi;W;Vedenkorkeus;14.391;Jatkuva;06.05.1999;19.12.2025;Keski-Suomi
1996;1404510;Leppävesi, Leppälahti;W;Vedenkorkeus;14.311;Jatkuva;01.01.1919;19.12.2025;Keski-Suomi
1997;1404520;Leppävesi, Kaunisharju;W;Vedenkorkeus;14.311;Jatkuva;01.01.1946;18.12.2025;Keski-Suomi
1998;1404610;Päijänne, pohj.;W;Vedenkorkeus;14.231;Jatkuva;01.01.1910;19.12.2025;Keski-Suomi
2000;1404720;Palokkajärvi;W;Vedenkorkeus;14.291;Jatkuva;01.01.1970;19.12.2025;Keski-Suomi
2001;1404800;Muuratjärvi;W;Vedenkorkeus;14.281;Jatkuva;01.01.1910;19.12.2025;Keski-Suomi
2002;1404810;Saarijärvi;W;Vedenkorkeus;14.272;Jatkuva;01.07.1983;19.12.2025;Keski-Suomi
2003;1404900;Ala-Kintaus;W;Vedenkorkeus;14.552;Jatkuva;01.01.1910;19.12.2025;Keski-Suomi
2004;1405000;Petäjävesi;W;Vedenkorkeus;14.531;Jatkuva;01.01.1910;19.12.2025;Keski-Suomi
2007;1405210;Jämsänkoski, ylä;W;Vedenkorkeus;14.512;Jatkuva;01.01.1923;14.12.2025;Keski-Suomi
2009;1405240;Patalankoski, ylä;W;Vedenkorkeus;14.512;Jatkuva;01.01.1971;07.12.2025;Keski-Suomi
2010;1405250;Patalankoski, ala;W;Vedenkorkeus;14.511;Jatkuva;01.01.1971;30.11.2025;Keski-Suomi
2011;1405300;Isojärvi;W;Vedenkorkeus;14.263;Jatkuva;25.09.1909;19.12.2025;Pirkanmaa
2012;1405310;Pälämä;W;Vedenkorkeus;14.264;Jatkuva;02.06.1983;19.12.2025;Keski-Suomi
2014;1405430;Alajärvi;W;Vedenkorkeus;14.251;Jatkuva;01.01.1984;19.12.2025;Päijät-Häme
2015;1405440;Miestämä;W;Vedenkorkeus;14.252;Jatkuva;20.01.1946;19.12.2025;Päijät-Häme
2016;1405510;Suontee, Viherinkoski;W;Vedenkorkeus;14.841;Jatkuva;01.01.1910;19.12.2025;Keski-Suomi
2018;1405700;Jääsjärvi, etelä;W;Vedenkorkeus;14.821;Jatkuva;01.01.1910;19.12.2025;Päijät-Häme
2024;1406100;Vesijärvi;W;Vedenkorkeus;14.241;Jatkuva;01.01.1909;19.12.2025;Päijät-Häme
2030;1406510;Päijänne, Kalkkinen;W;Vedenkorkeus;14.211;Jatkuva;01.01.1941;19.12.2025;Päijät-Häme
2031;1406520;Kalkkistenkoski;W;Vedenkorkeus;14.141;Jatkuva;14.08.1940;19.12.2025;Päijät-Häme
2033;1406610;Kalkkinen, ala;W;Vedenkorkeus;14.141;Jatkuva;12.07.1940;19.12.2025;Päijät-Häme
2034;1406710;Ruotsalainen, Heinola;W;Vedenkorkeus;14.141;Jatkuva;27.08.1900;19.12.2025;Päijät-Häme
2035;1406800;Ala-Rieveli;W;Vedenkorkeus;14.171;Jatkuva;01.01.1910;19.12.2025;Päijät-Häme
2036;1406900;Konnivesi;W;Vedenkorkeus;14.131;Jatkuva;26.08.1908;18.12.2025;Päijät-Häme
2037;1406910;Kettujärvi;W;Vedenkorkeus;14.122;Jatkuva;01.03.1987;18.12.2025;Päijät-Häme
2039;1406930;Konnivesi, Vuolenkoski, ylä;W;Vedenkorkeus;14.131;Jatkuva;01.01.1971;18.12.2025;Päijät-Häme
2040;1406940;Vuolenkoski, ala;W;Vedenkorkeus;14.131;Jatkuva;01.01.1971;18.12.2025;Päijät-Häme
2041;1407000;Mankala;W;Vedenkorkeus;14.122;Jatkuva;01.01.1901;18.12.2025;Päijät-Häme
2044;1407130;Mankalan voimalaitos, ylä;W;Vedenkorkeus;14.122;Jatkuva;01.01.1950;18.12.2025;Päijät-Häme
2045;1407140;Mankalan voimalaitos, ala;W;Vedenkorkeus;14.121;Jatkuva;01.01.1950;18.12.2025;Päijät-Häme
2048;1407310;Pyhäjärvi, Jaala;W;Vedenkorkeus;14.121;Jatkuva;15.09.1957;18.12.2025;Kymenlaakso
2049;1407400;Kyyvesi, Haukivuori;W;Vedenkorkeus;14.932;Jatkuva;04.06.1909;19.12.2025;Etelä-Savo
2050;1407410;Iso-Naakkima;W;Vedenkorkeus;14.937;Jatkuva;05.09.1986;19.12.2025;Etelä-Savo
2053;1407700;Synsiä;W;Vedenkorkeus;14.926;Jatkuva;01.01.1910;19.12.2025;Etelä-Savo
2055;1407810;Puulavesi, Liekune;W;Vedenkorkeus;14.922;Jatkuva;01.01.1964;19.12.2025;Etelä-Savo
2057;1407830;Vahvajärvi;W;Vedenkorkeus;14.921;Jatkuva;27.09.1938;19.12.2025;Etelä-Savo
2059;1408000;Lahnavesi, Tuustaipale, ala;W;Vedenkorkeus;14.913;Jatkuva;01.01.1910;19.12.2025;Etelä-Savo
2061;1408100;Pyhävesi, Mäntyharju;W;Vedenkorkeus;14.972;Jatkuva;01.01.1910;19.12.2025;Etelä-Savo
2062;1408200;Juolasvesi, Voikoski;W;Vedenkorkeus;14.913;Jatkuva;26.05.1909;19.12.2025;Kymenlaakso
2064;1408320;Vuohijärvi, etelä;W;Vedenkorkeus;14.912;Jatkuva;01.01.1971;18.12.2025;Kymenlaakso
2065;1408330;Siikakoski, ala;W;Vedenkorkeus;14.911;Jatkuva;01.01.1990;18.12.2025;Kymenlaakso
2066;1408340;Verla, ylä;W;Vedenkorkeus;14.911;Jatkuva;01.01.1990;18.12.2025;Kymenlaakso
2067;1408400;Kamponen, Puolakka;W;Vedenkorkeus;14.911;Jatkuva;03.08.1909;18.12.2025;Kymenlaakso
2068;1408410;Suolajärvi;W;Vedenkorkeus;14.911;Jatkuva;23.04.1941;18.12.2025;Kymenlaakso
2069;1408420;Sonnanjärvi;W;Vedenkorkeus;14.911;Jatkuva;23.04.1941;18.12.2025;Kymenlaakso
2072;1408610;Voikkaa, ylä;W;Vedenkorkeus;14.121;Jatkuva;23.09.1957;18.12.2025;Kymenlaakso
2074;1408800;Ylä-Kivijärvi;W;Vedenkorkeus;14.192;Jatkuva;18.08.1909;19.12.2025;Etelä-Karjala
2075;1408900;Ala-Kivijärvi;W;Vedenkorkeus;14.191;Jatkuva;18.08.1909;19.12.2025;Etelä-Karjala
2079;1409110;Haukkajärvi;W;Vedenkorkeus;14.182;Jatkuva;01.01.1961;19.12.2025;Kymenlaakso
2080;1409120;Jyräänkoski;W;Vedenkorkeus;14.181;Jatkuva;01.02.1963;18.12.2025;Kymenlaakso
2083;1409220;Lappakoski, ylä;W;Vedenkorkeus;14.115;Jatkuva;01.01.1918;18.12.2025;Kymenlaakso
2084;1409300;Kuusankoski, ylä;W;Vedenkorkeus;14.115;Jatkuva;01.01.1955;18.12.2025;Kymenlaakso
2085;1409310;Kuusankoski, ylä;W;Vedenkorkeus;14.115;Jatkuva;01.01.1902;18.12.2025;Kymenlaakso
2087;1409410;Kuusankoski, ala;W;Vedenkorkeus;14.114;Jatkuva;01.01.1926;18.12.2025;Kymenlaakso
2090;1409520;Keltti, ylä;W;Vedenkorkeus;14.113;Jatkuva;01.01.1958;18.12.2025;Kymenlaakso
2091;1409610;Keltti, ala;W;Vedenkorkeus;14.113;Jatkuva;01.01.1970;18.12.2025;Kymenlaakso
2092;1409700;Myllykoski, ylä;W;Vedenkorkeus;14.113;Jatkuva;21.07.1900;18.12.2025;Kymenlaakso
2093;1409800;Myllykoski, ala;W;Vedenkorkeus;14.112;Jatkuva;01.09.1909;18.12.2025;Kymenlaakso
2094;1409900;Anjala, ylä;W;Vedenkorkeus;14.112;Jatkuva;01.01.1910;30.04.2025;Kymenlaakso
2095;1409910;Anjala, ylä;W;Vedenkorkeus;14.111;Jatkuva;25.11.1939;30.04.2025;Kymenlaakso
2096;1410000;Anjala, ala;W;Vedenkorkeus;14.111;Jatkuva;14.07.1900;30.04.2025;Kymenlaakso
2099;1410200;Ahvio, ylä;W;Vedenkorkeus;14.111;Jatkuva;01.01.1901;19.12.2025;Kymenlaakso
2102;1410400;Pernoo, ylä;W;Vedenkorkeus;14.111;Jatkuva;15.07.1900;19.12.2025;Kymenlaakso
2105;1410600;Parikka;W;Vedenkorkeus;14.111;Jatkuva;21.07.1900;18.12.2025;Kymenlaakso
2110;1410840;Hirvikoski;W;Vedenkorkeus;14.111;Jatkuva;12.05.1933;19.12.2025;Kymenlaakso
2111;1410900;Tammijärvi;W;Vedenkorkeus;14.111;Jatkuva;01.01.1905;18.12.2025;Kymenlaakso
2115;1411110;Klåsarö, ala;W;Vedenkorkeus;14.111;Jatkuva;01.01.1920;18.12.2025;Kymenlaakso
2117;1411220;Kuuskoski;W;Vedenkorkeus;14.111;Jatkuva;01.01.1920;18.12.2025;Uusimaa
2118;1600110;Pyhäjärvi;W;Vedenkorkeus;16.003;Jatkuva;08.10.1953;19.12.2025;Uusimaa
2122;1800500;Vakkola;W;Vedenkorkeus;18.021;Jatkuva;25.01.1963;19.12.2025;Uusimaa
2123;1900100;Vekkoski;W;Vedenkorkeus;19.001;Jatkuva;01.01.1964;19.12.2025;Uusimaa
2125;1900400;Hirvihaaranjoki;W;Vedenkorkeus;19.004;Jatkuva;18.09.1986;19.12.2025;Uusimaa
2126;2100110;Hirvijärvi;W;Vedenkorkeus;21.033;Jatkuva;15.11.1958;19.12.2025;Kanta-Häme
2127;2100120;Ylä-Suolijärvi;W;Vedenkorkeus;21.033;Jatkuva;01.01.1961;19.12.2025;Uusimaa
2129;2100130;Kytäjärvi;W;Vedenkorkeus;21.032;Jatkuva;01.01.1960;19.12.2025;Uusimaa
2132;2101220;Myllymäki;W;Vedenkorkeus;21.012;Jatkuva;01.01.1959;19.12.2025;Uusimaa
2133;2101310;Tuusulanjärvi;W;Vedenkorkeus;21.082;Jatkuva;01.01.1959;19.12.2025;Uusimaa
2135;2101520;Hanala;W;Vedenkorkeus;21.092;Jatkuva;01.01.1966;19.12.2025;Uusimaa
2138;2200310;Palojärvenkoski;W;Vedenkorkeus;22.004;Jatkuva;01.01.1964;19.12.2025;Uusimaa
2140;2200620;Siuntionjoki;W;Vedenkorkeus;22.002;Jatkuva;15.08.1975;19.12.2025;Uusimaa
2141;2300100;Vanjoki;W;Vedenkorkeus;23.042;Jatkuva;22.08.1912;18.12.2025;Uusimaa
2143;2300150;Punelia;W;Vedenkorkeus;23.053;Jatkuva;01.01.1971;19.12.2025;Kanta-Häme
2146;2300500;Hiidenvesi;W;Vedenkorkeus;23.031;Jatkuva;07.10.1910;19.12.2025;Uusimaa
2149;2300900;Lohjanjärvi, Lohja;W;Vedenkorkeus;23.021;Jatkuva;13.04.1900;19.12.2025;Uusimaa
2154;2500400;Kaukolankoski;W;Vedenkorkeus;25.002;Jatkuva;01.03.1970;19.12.2025;Varsinais-Suomi
2156;2700110;Painionjärvi;W;Vedenkorkeus;27.042;Jatkuva;01.01.1965;19.12.2025;Varsinais-Suomi
2322;4700300;Lappajärvi, Niska;W;Vedenkorkeus;47.023;Jatkuva;22.04.1905;19.12.2025;Etelä-Pohjanmaa
2324;4700320;Lappajärvi, Halkosaari;W;Vedenkorkeus;47.031;Jatkuva;01.01.1963;19.12.2025;Etelä-Pohjanmaa
2326;4700420;Evijärvi, Joensuu;W;Vedenkorkeus;47.021;Jatkuva;01.01.1969;19.12.2025;Etelä-Pohjanmaa
2327;4700430;Evijärvi, Kaarenhaara, Alavesi;W;Vedenkorkeus;47.015;Jatkuva;01.01.1964;19.12.2025;Etelä-Pohjanmaa
2328;4800100;Kruunupyy;W;Vedenkorkeus;48.001;Jatkuva;01.01.1990;19.12.2025;Pohjanmaa
2330;4900300;Tunkkari;W;Vedenkorkeus;49.024;Jatkuva;01.08.1978;19.12.2025;Keski-Pohjanmaa
2332;4900410;Lahnakoski;W;Vedenkorkeus;49.021;Jatkuva;01.10.1985;19.12.2025;Keski-Pohjanmaa
2334;5000300;Hyyppä;W;Vedenkorkeus;50.002;Jatkuva;01.03.1966;19.12.2025;Keski-Pohjanmaa
2336;5100200;Lestijärvi;W;Vedenkorkeus;51.032;Jatkuva;14.02.1919;19.12.2025;Keski-Pohjanmaa
2338;5100500;Saarenpää;W;Vedenkorkeus;51.012;Jatkuva;01.08.1978;19.12.2025;Keski-Pohjanmaa
2340;5300200;Haapajärvi;W;Vedenkorkeus;53.043;Jatkuva;01.01.1913;19.12.2025;Pohjois-Pohjanmaa
2342;5300220;Hautaperä;W;Vedenkorkeus;53.081;Jatkuva;01.01.1976;19.12.2025;Pohjois-Pohjanmaa
2343;5300400;Malisjoki;W;Vedenkorkeus;53.061;Jatkuva;01.09.1985;19.12.2025;Pohjois-Pohjanmaa
2349;5300740;Niskakoski;W;Vedenkorkeus;53.021;Jatkuva;11.11.1970;19.12.2025;Pohjois-Pohjanmaa
2352;5400100;Pyhäjärvi, Pyhäsalmi;W;Vedenkorkeus;54.051;Jatkuva;17.02.1919;19.12.2025;Pohjois-Pohjanmaa
2355;5400200;Haapajärvi;W;Vedenkorkeus;54.031;Jatkuva;01.09.1931;19.12.2025;Pohjois-Pohjanmaa
2360;5400410;Tolpankoski;W;Vedenkorkeus;54.011;Jatkuva;16.05.1983;19.12.2025;Pohjois-Pohjanmaa
2361;5700130;Lamujoki;W;Vedenkorkeus;57.061;Jatkuva;28.10.1975;19.12.2025;Pohjois-Pohjanmaa
2363;5700250;Uljua;W;Vedenkorkeus;57.023;Jatkuva;01.05.1970;19.12.2025;Pohjois-Pohjanmaa
2365;5700410;Harjunniva;W;Vedenkorkeus;57.013;Jatkuva;01.05.1958;19.12.2025;Pohjois-Pohjanmaa
2366;5700700;Länkelä;W;Vedenkorkeus;57.011;Jatkuva;23.10.1935;19.12.2025;Pohjois-Pohjanmaa
2367;5900110;Hossanjärvi;W;Vedenkorkeus;59.522;Jatkuva;11.09.1962;19.12.2025;Kainuu
2368;5900160;Piispajärvi-Vellijärvi;W;Vedenkorkeus;59.572;Jatkuva;06.02.1975;19.12.2025;Kainuu
2369;5900180;Pesiöjärvi;W;Vedenkorkeus;59.541;Jatkuva;13.06.1979;19.12.2025;Kainuu
2372;5900220;Kiantajärvi, Ämmänsaari;W;Vedenkorkeus;59.511;Jatkuva;01.01.1961;18.12.2025;Kainuu
2374;5900360;Palojärvi;W;Vedenkorkeus;59.632;Jatkuva;19.10.1976;19.12.2025;Kainuu
2375;5900400;Vuokkijärvi, Sanki;W;Vedenkorkeus;59.621;Jatkuva;22.11.1938;18.12.2025;Kainuu
2377;5900510;Niemelänjärvi;W;Vedenkorkeus;59.721;Jatkuva;01.01.1976;19.12.2025;Kainuu
2378;5900610;Hyrynjärvi;W;Vedenkorkeus;59.431;Jatkuva;01.01.1950;18.12.2025;Kainuu
2379;5900700;Iso-Pyhäntä;W;Vedenkorkeus;59.482;Jatkuva;01.01.1961;18.12.2025;Kainuu
2380;5900900;Ristijärvi;W;Vedenkorkeus;59.412;Jatkuva;01.04.1938;18.12.2025;Kainuu
2381;5900940;Uva;W;Vedenkorkeus;59.442;Jatkuva;01.01.1976;19.12.2025;Kainuu
2383;5901110;Kivesjärvi;W;Vedenkorkeus;59.351;Jatkuva;01.02.1974;19.12.2025;Kainuu
2384;5901320;Änättijärvi;W;Vedenkorkeus;59.931;Jatkuva;14.08.1911;19.12.2025;Kainuu
2385;5901600;Kalliojärvi;W;Vedenkorkeus;59.952;Jatkuva;22.03.1974;19.12.2025;Kainuu
2386;5901710;Lentua;W;Vedenkorkeus;59.921;Jatkuva;01.01.1911;19.12.2025;Kainuu
2387;5901820;Saunajärvi;W;Vedenkorkeus;59.977;Jatkuva;01.04.1986;19.12.2025;Kainuu
2389;5901900;Lammasjärvi;W;Vedenkorkeus;59.912;Jatkuva;01.01.1937;18.12.2025;Kainuu
2391;5902100;Kellojärvi;W;Vedenkorkeus;59.942;Jatkuva;14.06.1912;19.12.2025;Kainuu
2394;5902210;Ontojärvi, Paloniemi;W;Vedenkorkeus;59.911;Jatkuva;01.01.1957;18.12.2025;Kainuu
2397;5902400;Kaitainsalmi;W;Vedenkorkeus;59.822;Jatkuva;01.01.1962;19.12.2025;Kainuu
2399;5902530;Jormasjärvi;W;Vedenkorkeus;59.882;Jatkuva;17.11.1976;19.12.2025;Kainuu
2400;5902610;Nuasjärvi, Rehjanselkä;W;Vedenkorkeus;59.811;Jatkuva;25.11.1956;19.12.2025;Kainuu
2405;5903210;Oulujärvi, Melalahti;W;Vedenkorkeus;59.331;Jatkuva;01.01.1957;18.12.2025;Kainuu
2408;5903330;Oulujärvi, Vuottolahti;W;Vedenkorkeus;59.321;Jatkuva;01.01.1977;18.12.2025;Kainuu
2409;5903410;Oulujärvi, Vaala;W;Vedenkorkeus;59.311;Jatkuva;01.01.1950;18.12.2025;Pohjois-Pohjanmaa
2410;5903470;Otermajärvi;W;Vedenkorkeus;59.262;Jatkuva;18.03.1974;19.12.2025;Pohjois-Pohjanmaa
2415;6000100;Porkkalan silta;W;Vedenkorkeus;60.022;Jatkuva;01.12.1961;19.12.2025;Pohjois-Pohjanmaa
2416;6000110;Iso Puutiojärvi;W;Vedenkorkeus;60.052;Jatkuva;27.02.1974;19.12.2025;Kainuu
2418;6000200;Nuorittajoki;W;Vedenkorkeus;60.061;Jatkuva;01.01.1963;19.12.2025;Pohjois-Pohjanmaa
2420;6000410;Haukipudas;W;Vedenkorkeus;60.011;Jatkuva;01.01.1976;19.12.2025;Pohjois-Pohjanmaa
2423;6100200;Irnijärvi;W;Vedenkorkeus;61.321;Jatkuva;01.01.1967;18.12.2025;Pohjois-Pohjanmaa
2425;6100220;Tyräjärvi;W;Vedenkorkeus;61.381;Jatkuva;01.01.1961;19.12.2025;Pohjois-Pohjanmaa
2426;6100230;Jokijärvi;W;Vedenkorkeus;61.312;Jatkuva;19.02.1960;18.12.2025;Pohjois-Pohjanmaa
2428;6100300;Kostonjärvi;W;Vedenkorkeus;61.622;Jatkuva;01.01.1965;18.12.2025;Pohjois-Pohjanmaa
2431;6100340;Kynsijärvi;W;Vedenkorkeus;61.631;Jatkuva;21.01.1965;18.12.2025;Lappi
2433;6100500;Väätäjänsuvanto;W;Vedenkorkeus;61.231;Jatkuva;28.09.1955;19.12.2025;Pohjois-Pohjanmaa
2436;6100620;Suolijärvi;W;Vedenkorkeus;61.722;Jatkuva;01.01.1961;19.12.2025;Kainuu
2438;6100640;Jaurakkajärvi;W;Vedenkorkeus;61.712;Jatkuva;01.03.1960;19.12.2025;Pohjois-Pohjanmaa
2439;6100700;Jongunjärvi;W;Vedenkorkeus;61.214;Jatkuva;06.04.1984;19.12.2025;Pohjois-Pohjanmaa
2442;6101100;Livojärvi;W;Vedenkorkeus;61.533;Jatkuva;01.01.1960;19.12.2025;Lappi
2444;6101210;Livojoki, Hanhikoski;W;Vedenkorkeus;61.512;Jatkuva;27.09.1972;19.12.2025;Pohjois-Pohjanmaa
2446;6101600;Siuruanjoki, Leuvankoski;W;Vedenkorkeus;61.412;Jatkuva;09.09.1959;19.12.2025;Pohjois-Pohjanmaa
2450;6300100;Oijärvi;W;Vedenkorkeus;63.021;Jatkuva;01.01.1954;19.12.2025;Pohjois-Pohjanmaa
2452;6300210;Ravaska;W;Vedenkorkeus;63.012;Jatkuva;01.01.1965;19.12.2025;Pohjois-Pohjanmaa
2453;6400100;Simojärvi;W;Vedenkorkeus;64.051;Jatkuva;01.01.1962;19.12.2025;Lappi
2455;6400310;Hosionkoski;W;Vedenkorkeus;64.022;Jatkuva;17.01.1962;19.12.2025;Lappi
2457;6400410;Simo;W;Vedenkorkeus;64.012;Jatkuva;01.01.1965;19.12.2025;Lappi
2458;6500210;Porttipahta, ylä;W;Vedenkorkeus;65.822;Jatkuva;01.01.1971;19.12.2025;Lappi
2460;6500380;Sattasjoki;W;Vedenkorkeus;65.861;Jatkuva;11.10.1976;19.12.2025;Lappi
2461;6500410;Kitinen, Kurittukoski, ylä;W;Vedenkorkeus;65.822;Jatkuva;01.10.1987;19.12.2025;Lappi
2462;6500420;Kitinen, Vajukoski, ylä;W;Vedenkorkeus;65.822;Jatkuva;01.10.1984;19.12.2025;Lappi
2463;6500480;Kitinen, Kurkiaska, ylä;W;Vedenkorkeus;65.814;Jatkuva;01.01.1993;19.12.2025;Lappi
2466;6500520;Kitinen, Kokkosniva, ylä;W;Vedenkorkeus;65.813;Jatkuva;08.10.1990;19.12.2025;Lappi
2467;6500600;Vuotso;W;Vedenkorkeus;65.931;Jatkuva;01.10.1971;18.12.2025;Lappi
2468;6500610;Lokka, ylä;W;Vedenkorkeus;65.931;Jatkuva;01.01.1968;19.12.2025;Lappi
2469;6501400;Isojärvi;W;Vedenkorkeus;65.394;Jatkuva;16.03.1951;18.12.2025;Lappi
2471;6501530;Luksuan pato;W;Vedenkorkeus;65.393;Jatkuva;29.08.1973;18.12.2025;Lappi
2473;6501620;Räpsyn kanava;W;Vedenkorkeus;65.392;Jatkuva;12.02.1972;18.12.2025;Lappi
2474;6501700;Kemihaara;W;Vedenkorkeus;65.411;Jatkuva;24.08.1921;19.12.2025;Lappi
2475;6502000;Kemijärvi, Kemijärvi;W;Vedenkorkeus;65.311;Jatkuva;26.08.1918;19.12.2025;Lappi
2476;6502010;Kemijärvi, Kulmunki;W;Vedenkorkeus;65.311;Jatkuva;01.01.1965;19.12.2025;Lappi
2478;6502033;Seitakorva, ylä;W;Vedenkorkeus;65.311;Jatkuva;01.01.1971;19.12.2025;Lappi
2480;6502110;Iso-Kaihua;W;Vedenkorkeus;65.241;Jatkuva;01.01.1960;19.12.2025;Lappi
2481;6502113;Saukkojärvi;W;Vedenkorkeus;65.243;Jatkuva;01.01.1971;19.12.2025;Lappi
2482;6502114;Pikku-Kaarni;W;Vedenkorkeus;65.242;Jatkuva;01.01.1971;19.12.2025;Lappi
2483;6502116;Iso-Kaarni;W;Vedenkorkeus;65.242;Jatkuva;01.01.1971;19.12.2025;Lappi
2484;6502117;Vanttausjärvi;W;Vedenkorkeus;65.244;Jatkuva;01.11.1972;19.12.2025;Lappi
2485;6502118;Alalampi;W;Vedenkorkeus;65.22;Jatkuva;01.11.1972;19.12.2025;Lappi
2486;6502120;Pirttikoski, ylä;W;Vedenkorkeus;65.231;Jatkuva;01.01.1960;19.12.2025;Lappi
3779;4400450;Kangas–Annala-tien silta;W;Vedenkorkeus;44.022;Jatkuva;27.06.2019;19.12.2025;Etelä-Pohjanmaa
3782;6503225;Loukinen Tuohiranta;W;Vedenkorkeus;65.691;Jatkuva;08.08.2019;19.12.2025;Lappi
3783;3509108;Halinanlammi;W;Vedenkorkeus;35.964;Jatkuva;24.01.2018;04.01.2021;Kanta-Häme
3785;8401000;Pattijoki, Koskenkorvanperä;W;Vedenkorkeus;84.090;Jatkuva;30.08.2019;19.12.2025;Pohjois-Pohjanmaa
3787;0605800;Hounijoki,Myllymäenkoski;W;Vedenkorkeus;06.011;Jatkuva;10.10.2019;19.12.2025;Etelä-Karjala
3795;8310200;Hinjärv, Kamb;W;Vedenkorkeus;83.102;Jatkuva;02.09.2020;13.12.2025;Pohjanmaa
3836;1409150;Karhulanjärvi;W;Vedenkorkeus;14.182;Jatkuva;29.11.2016;19.12.2025;Kymenlaakso
3844;6701200;Muonionjoki, Kolari;W;Vedenkorkeus;67.321;Jatkuva;05.05.2020;19.12.2025;Lappi
3848;3400160;Kauttua, ala;W;Vedenkorkeus;34.022;Jatkuva;24.09.2020;19.12.2025;Satakunta
3849;3900501;Lintuluoma, Jurva;W;Vedenkorkeus;39.003;Jatkuva;05.08.1991;19.12.2025;Etelä-Pohjanmaa
3852;4700375;Välijoki, Lassilansilta, Evijärvi;W;Vedenkorkeus;47.022;Jatkuva;14.10.2020;19.12.2025;Etelä-Pohjanmaa
3853;1404170;Niemisjärvi;W;Vedenkorkeus;14.382;Jatkuva;17.09.2020;19.12.2025;Keski-Suomi
3854;4700350;Hattar, Ylävesi;W;Vedenkorkeus;47.013;Jatkuva;21.10.2020;19.12.2025;Pohjanmaa
3857;9651001;Västerfjärden ala, merenpinta;W;Vedenkorkeus;96.51;Jatkuva;01.02.2021;15.11.2025;Pohjanmaa
3865;0406460;Viannakoski pato, ylävesi;W;Vedenkorkeus;04.511;Jatkuva;14.01.2021;19.12.2025;Pohjois-Savo
3871;1406924;Iso-Kukkanen;W;Vedenkorkeus;14.163;Jatkuva;08.12.2020;19.12.2025;Päijät-Häme
3876;3600850;Karvianjoki, Vatajankoski, ala;W;Vedenkorkeus;36.022;Jatkuva;04.01.2021;19.12.2025;Satakunta
3877;5904450;Merikoski, ylävesi;W;Vedenkorkeus;59.111;Jatkuva;15.12.2020;18.12.2025;Pohjois-Pohjanmaa
3880;0411745;Vuoksi, Saunaranta;W;Vedenkorkeus;04.191;Jatkuva;15.12.2020;18.12.2025;Etelä-Karjala
3920;6501900;Naruskajoki, Naruska;W;Vedenkorkeus;65.472;Jatkuva;27.01.2022;19.12.2025;Lappi
3906;2900200;Hirvijoki, Nousiainen;W;Vedenkorkeus;29.002;Jatkuva;08.09.2014;19.12.2025;Varsinais-Suomi
3914;0300460;Hiitolanjoki, Kangaskoski, ylä;W;Vedenkorkeus;03.011;Jatkuva;12.05.2021;19.12.2025;Etelä-Karjala
3917;4900175;Veteli Haapajärvi, ylä;W;Vedenkorkeus;49.081;Jatkuva;02.06.2021;19.12.2025;Keski-Pohjanmaa
3918;4900185;Veteli Haapajärvi, ala;W;Vedenkorkeus;49.081;Jatkuva;02.06.2021;19.12.2025;Keski-Pohjanmaa
3921;5904053;Montta, ylä;W;Vedenkorkeus;59.121;Jatkuva;31.05.2022;18.12.2025;Pohjois-Pohjanmaa
3923;3901300;Närpes å, Skrivarsbäcken;W;Vedenkorkeus;39.001;Jatkuva;24.03.2022;19.12.2025;Pohjanmaa
3924;4900353;Sääkskoski;W;Vedenkorkeus;49.022;Jatkuva;07.04.2022;19.12.2025;Pohjanmaa
3927;3702500;Kangasjärvi;W;Vedenkorkeus;37.051;Jatkuva;25.05.2022;19.12.2025;Etelä-Pohjanmaa
3931;4400150;Lentilä;W;Vedenkorkeus;44.042;Jatkuva;23.06.2022;19.12.2025;Etelä-Pohjanmaa
3937;G617301;Eteläinen Julmalampi EJulmaAM;W;Vedenkorkeus;61.736;Jatkuva;05.09.2020;19.12.2025;Kainuu
3940;1401580;Hankajärvi;W;Vedenkorkeus;14.674;Jatkuva;;;Etelä-Pohjanmaa
3943;3510900;Varvoorinjuopa;W;Vedenkorkeus;35.111;Jatkuva;20.11.2022;01.07.2025;Satakunta
3959;3706400;Haapajärvi;W;Vedenkorkeus;37.065;Jatkuva;13.06.2016;26.09.2024;Etelä-Pohjanmaa
3961;0410404;Jukajärvi;W;Vedenkorkeus;04.176;Jatkuva;17.04.2019;01.08.2025;Etelä-Savo
3964;6502020;Kemijärvi, Lehtosalmi;W;Vedenkorkeus;65.311;Jatkuva;27.06.2023;19.12.2025;Lappi
3965;3502525;Lehijärvi;W;Vedenkorkeus;35.25;Jatkuva;27.07.2023;19.12.2025;Kanta-Häme
3966;4300500;Röukasträsket;W;Vedenkorkeus;43.003;Jatkuva;09.08.2024;19.12.2025;Pohjanmaa
3970;3900660;Tupenluoma, Teuvantien silta;W;Vedenkorkeus;39.007;Jatkuva;26.09.2023;19.12.2025;Etelä-Pohjanmaa
3971;3900650;Tupenluoman alaosa;W;Vedenkorkeus;39.003;Jatkuva;20.12.2023;19.12.2025;Etelä-Pohjanmaa
3972;3511101;Leineperin patosilta;W;Vedenkorkeus;35.142;Jatkuva;21.10.2020;19.12.2025;Satakunta
3979;1424600;Rutajärvi;W;Vedenkorkeus;14.236;Jatkuva;02.04.2024;19.12.2025;Keski-Suomi
3980;3509250;Loimijoki Hirvikoski;W;Vedenkorkeus;35.92;Jatkuva;11.06.2024;24.09.2025;Varsinais-Suomi
3982;1400750;Kannonjärvi;W;Vedenkorkeus;14.461;Jatkuva;18.10.1973;19.12.2025;Keski-Suomi
3983;4200409;Kyrkösjärvi, Sevo;W;Vedenkorkeus;42.071;Jatkuva;17.06.2024;19.12.2025;Etelä-Pohjanmaa
3984;0300420;Hiitolanjoki, Ritakoski, ylä;W;Vedenkorkeus;03.011;Jatkuva;01.01.2024;19.12.2025;Etelä-Karjala
3985;3400510;Eurajoki, Eurajoen vanha jvp;W;Vedenkorkeus;34.01;Jatkuva;18.09.2024;19.12.2025;Satakunta
3986;7101500;Inari, Partakko;W;Vedenkorkeus;71.111;Jatkuva;;;Lappi
3993;6502131;Näskäjärvi uusi;W;Vedenkorkeus;65.275;Jatkuva;13.04.2018;19.12.2025;Lappi
3994;1100700;Kantturakoski, patoallas;W;Vedenkorkeus;11.001;Jatkuva;30.04.2025;18.12.2025;Kymenlaakso
3996;3519000;Järvioja;W;Vedenkorkeus;35.111;Jatkuva;16.05.2025;19.12.2025;Satakunta
3999;3003000;Mynäjoki, Mietoinen Sillanpää;W;Vedenkorkeus;30.001;Jatkuva;21.08.2025;19.12.2025;Varsinais-Suomi
4007;0412500;Vuoksi, rajavyöhyke;W;Vedenkorkeus;04.191;Jatkuva;19.06.2025;19.12.2025;Etelä-Karjala
4008;0411920;Vuoksi, Kyyrönkoski;W;Vedenkorkeus;04.191;Jatkuva;10.09.2025;19.12.2025;Etelä-Karjala
4009;2603000;Halikonjoki, Sorensilta;W;Vedenkorkeus;26.001;Jatkuva;03.09.2025;19.12.2025;Varsinais-Suomi
4010;3505300;Keurusselkä, Keuruu;W;Vedenkorkeus;35.621;Jatkuva;15.09.2025;19.12.2025;Keski-Suomi
4011;1801500;Hahmajärvi;W;Vedenkorkeus;18.056;Jatkuva;01.10.2025;17.12.2025;Päijät-Häme
3859;4200460;Kuljunkoski, Peräseinäjoki;W;Vedenkorkeus;42.073;Jatkuva;08.04.2021;06.02.2025;Etelä-Pohjanmaa
3866;0406560;Viannankosken pato, alavesi;W;Vedenkorkeus;04.282;Jatkuva;14.01.2021;19.12.2025;Pohjois-Savo
3889;4700455;Kattilakoski, Alavesi;W;Vedenkorkeus;47.014;Jatkuva;03.03.2021;19.12.2025;Etelä-Pohjanmaa
3890;4700450;Kattilakoski, Ylävesi;W;Vedenkorkeus;47.015;Jatkuva;03.03.2021;19.12.2025;Etelä-Pohjanmaa
3863;0408090;Naapuskoski, ylävesi;W;Vedenkorkeus;04.272;Jatkuva;14.01.2021;19.12.2025;Pohjois-Savo
3936;G595301;Hossan pohjavesilampi 1212lampiAM;W;Vedenkorkeus;59.531;Jatkuva;04.07.2022;18.12.2025;Kainuu
3837;1408460;Iso-Kortejärvi;W;Vedenkorkeus;14.944;Jatkuva;06.10.2016;07.05.2025;Kymenlaakso
3856;3508900;Kokemäenjoki, Huittinen;W;Vedenkorkeus;35.122;Jatkuva;18.11.2020;19.12.2025;Satakunta
3887;4700335;Ähtävänjoki, Hanhikoski, AlaW;W;Vedenkorkeus;47.022;Jatkuva;03.03.2021;19.12.2025;Etelä-Pohjanmaa
3891;4700560;Björkfors, Ylävesi;W;Vedenkorkeus;47.014;Jatkuva;03.03.2021;19.12.2025;Pohjanmaa
3901;4700800;Värnum, Ylävesi;W;Vedenkorkeus;47.013;Jatkuva;04.03.2021;19.12.2025;Pohjanmaa
3903;4700805;Värnum, Alavesi;W;Vedenkorkeus;47.012;Jatkuva;04.03.2021;19.12.2025;Pohjanmaa
3951;4207200;Kyrkösjärven täyttökanava, Renko ala;W;Vedenkorkeus;42.071;Jatkuva;31.10.2022;19.12.2025;Etelä-Pohjanmaa
3833;4700605;Långfors, alavesi;W;Vedenkorkeus;47.012;Jatkuva;21.02.2020;19.12.2025;Pohjanmaa
3874;4207102;Kiikun pato;W;Vedenkorkeus;42.071;Jatkuva;20.07.2006;19.12.2025;Etelä-Pohjanmaa
3867;0406360;Nerohvirta, ala W;W;Vedenkorkeus;04.511;Jatkuva;14.01.2021;19.12.2025;Pohjois-Savo
3946;1900500;Tjusterbynkosken voimala, ylävesi;W;Vedenkorkeus;19.001;Jatkuva;21.11.2022;31.12.2024;Uusimaa
2487;6502130;Näskänjärvi;W;Vedenkorkeus;65.275;Jatkuva;01.01.1970;19.12.2025;Lappi
2488;6502140;Paattinkijärvi;W;Vedenkorkeus;65.275;Jatkuva;01.01.1970;19.12.2025;Lappi
2491;6502210;Vanttauskoski, ylä;W;Vedenkorkeus;65.212;Jatkuva;03.10.1971;19.12.2025;Lappi
2492;6502400;Vikajärvi;W;Vedenkorkeus;65.721;Jatkuva;25.05.1956;19.12.2025;Lappi
2494;6502510;Olkkajärvi, etelä;W;Vedenkorkeus;65.712;Jatkuva;01.01.1962;19.12.2025;Lappi
2495;6502520;Permantokoski, ylä;W;Vedenkorkeus;65.712;Jatkuva;01.01.1971;19.12.2025;Lappi
2496;6502540;Jyrhämäjärvi;W;Vedenkorkeus;65.711;Jatkuva;01.01.1971;19.12.2025;Lappi
2497;6503000;Ounasjärvi;W;Vedenkorkeus;65.632;Jatkuva;01.01.1950;19.12.2025;Lappi
2498;6503200;Ounasjoki, Köngäs;W;Vedenkorkeus;65.612;Jatkuva;01.01.1941;19.12.2025;Lappi
2499;6503300;Ounasjoki, Kaukonen;W;Vedenkorkeus;65.533;Jatkuva;11.04.1954;19.12.2025;Lappi
2501;6503510;Unari;W;Vedenkorkeus;65.592;Jatkuva;25.10.1956;19.12.2025;Lappi
2502;6503600;Ounasjoki, Marraskoski;W;Vedenkorkeus;65.521;Jatkuva;01.01.1969;19.12.2025;Lappi
2504;6503720;Sinettäjärvi;W;Vedenkorkeus;65.514;Jatkuva;01.01.1965;19.12.2025;Lappi
2506;6503910;Kirkonjyrhämä;W;Vedenkorkeus;65.132;Jatkuva;01.01.1971;19.12.2025;Lappi
2507;6504022;Valajaskoski, ylä;W;Vedenkorkeus;65.132;Jatkuva;01.01.1971;19.12.2025;Lappi
2509;6504033;Valajaskoski, ala;W;Vedenkorkeus;65.132;Jatkuva;01.01.1971;19.12.2025;Lappi
2510;6504066;Petäjäskoski, ylä;W;Vedenkorkeus;65.121;Jatkuva;01.01.1971;19.12.2025;Lappi
2513;6504211;Ossauskoski, ylä;W;Vedenkorkeus;65.121;Jatkuva;01.01.1970;19.12.2025;Lappi
2515;6504233;Tervola, Kirkkosuvanto;W;Vedenkorkeus;65.112;Jatkuva;01.01.1982;19.12.2025;Lappi
2518;6504255;Taivalkoski, ylä;W;Vedenkorkeus;65.112;Jatkuva;01.01.1981;19.12.2025;Lappi
2519;6504410;Isohaara, ylä;W;Vedenkorkeus;65.111;Jatkuva;01.01.1951;18.12.2025;Lappi
2521;6700100;Kilpisjärvi;W;Vedenkorkeus;67.64;Jatkuva;06.09.1952;19.12.2025;Lappi
2522;6700200;Peerajärvi;W;Vedenkorkeus;67.65;Jatkuva;15.04.1959;19.12.2025;Lappi
2528;6700510;Muonionjoki, Kaaresuvanto;W;Vedenkorkeus;67.511;Jatkuva;01.01.1966;19.12.2025;Lappi
2532;6700800;Muonionjoki, Muonio;W;Vedenkorkeus;67.422;Jatkuva;01.01.1938;19.12.2025;Lappi
2535;6701300;Naamijoki;W;Vedenkorkeus;67.821;Jatkuva;01.01.1959;19.12.2025;Lappi
2536;6701500;Pello;W;Vedenkorkeus;67.251;Jatkuva;09.09.1937;19.12.2025;Lappi
2538;6701700;Raanujärvi;W;Vedenkorkeus;67.962;Jatkuva;01.01.1957;18.12.2025;Lappi
2539;6701800;Vietonen;W;Vedenkorkeus;67.961;Jatkuva;01.01.1957;18.12.2025;Lappi
2540;6701840;Konttajärvi;W;Vedenkorkeus;67.951;Jatkuva;10.10.1984;19.12.2025;Lappi
2541;6701910;Miekojärvi;W;Vedenkorkeus;67.931;Jatkuva;01.01.1957;18.12.2025;Lappi
2544;6702011;Portimojärvi;W;Vedenkorkeus;67.912;Jatkuva;01.01.1988;18.12.2025;Lappi
2547;6702110;Matkakoski;W;Vedenkorkeus;67.12;Jatkuva;13.03.1961;19.12.2025;Lappi
2548;6702200;Kukkolankoski;W;Vedenkorkeus;67.111;Jatkuva;08.09.1911;19.12.2025;Lappi
2551;6800510;Inarijoki, Karigasniemi;W;Vedenkorkeus;68.031;Jatkuva;06.02.1975;19.12.2025;Lappi
2552;6801000;Onnelansuvanto;W;Vedenkorkeus;68.021;Jatkuva;20.09.1958;19.12.2025;Lappi
2553;6801100;Utsjoki, Kevoniemi;W;Vedenkorkeus;68.072;Jatkuva;08.06.1962;19.12.2025;Lappi
2554;6900100;Iijärvi;W;Vedenkorkeus;69.041;Jatkuva;01.01.1949;19.12.2025;Lappi
2555;7100700;Mutusjärvi;W;Vedenkorkeus;71.241;Jatkuva;21.10.1946;19.12.2025;Lappi
2556;7100800;Solojärvi;W;Vedenkorkeus;71.212;Jatkuva;01.08.1921;19.12.2025;Lappi
2557;7100900;Rahajärvi;W;Vedenkorkeus;71.61;Jatkuva;23.07.1951;19.12.2025;Lappi
2559;7101100;Repojoki;W;Vedenkorkeus;71.562;Jatkuva;07.08.1957;19.12.2025;Lappi
2561;7101320;Ivalojoki, Pajakoski;W;Vedenkorkeus;71.413;Jatkuva;10.05.1960;19.12.2025;Lappi
2562;7101400;Inari, Inari;W;Vedenkorkeus;71.111;Jatkuva;10.09.1947;19.12.2025;Lappi
2564;7101610;Inari, Nellim;W;Vedenkorkeus;71.111;Jatkuva;01.01.1938;19.12.2025;Lappi
2565;7101800;Nellimjoki;W;Vedenkorkeus;71.121;Jatkuva;01.02.1971;19.12.2025;Lappi
2568;7200500;Lutto;W;Vedenkorkeus;72.011;Jatkuva;01.08.1992;19.12.2025;Lappi
2569;7300100;Oulankajoki;W;Vedenkorkeus;73.011;Jatkuva;01.01.1966;19.12.2025;Pohjois-Pohjanmaa
2570;7300210;Ala-Kitka;W;Vedenkorkeus;73.024;Jatkuva;20.09.1928;19.12.2025;Pohjois-Pohjanmaa
2571;7300220;Kitkajoki, Käylä;W;Vedenkorkeus;73.023;Jatkuva;01.01.1971;19.12.2025;Pohjois-Pohjanmaa
2575;7301200;Ala-Vuotunki;W;Vedenkorkeus;73.042;Jatkuva;01.01.1963;30.04.2025;Pohjois-Pohjanmaa
2578;7401000;Muojärvi;W;Vedenkorkeus;74.021;Jatkuva;01.07.1971;19.12.2025;Pohjois-Pohjanmaa
2654;8300100;Otajärvi;W;Vedenkorkeus;83.002;Jatkuva;30.04.1980;19.12.2025;Varsinais-Suomi
2660;3509842;Kullaanjoki, Jokihaaran silta;W;Vedenkorkeus;35.142;Jatkuva;01.02.1967;31.01.2016;Satakunta
2661;3600510;Karhijärvenpato,ala;W;Vedenkorkeus;36.092;Jatkuva;01.01.1972;19.12.2025;Satakunta
2662;3600500;Karhijärvenpato,ylä;W;Vedenkorkeus;36.092;Jatkuva;01.01.1966;19.12.2025;Satakunta
2664;3601500;Harjakoski;W;Vedenkorkeus;36.021;Jatkuva;01.01.1969;19.12.2025;Satakunta
2667;3600910;Siikaisjärvi, Ahtola;W;Vedenkorkeus;36.065;Jatkuva;01.01.1992;19.12.2025;Satakunta
2669;3600100;Karvianjärvi, luusua;W;Vedenkorkeus;36.042;Jatkuva;01.01.1968;19.12.2025;Satakunta
2670;3600540;Maajärvi;W;Vedenkorkeus;36.017;Jatkuva;01.01.1979;19.12.2025;Satakunta
2671;3509810;Kiikoisjärvi;W;Vedenkorkeus;35.153;Jatkuva;01.01.1970;19.12.2025;Pirkanmaa
2672;3509720;Vuolle;W;Vedenkorkeus;35.914;Jatkuva;01.01.2000;14.11.2025;Varsinais-Suomi
2674;3600710;Valkjärvi isoselkä;W;Vedenkorkeus;36.019;Jatkuva;17.07.1996;31.10.2017;Satakunta
2677;3504010;Killinkoski;W;Vedenkorkeus;35.422;Jatkuva;01.05.1992;19.12.2025;Pirkanmaa
2679;3503910;Inhanjoki;W;Vedenkorkeus;35.432;Jatkuva;01.01.1984;19.12.2025;Etelä-Pohjanmaa
2680;3900100;Kivi- ja Levalammen tekojärvi;W;Vedenkorkeus;39.004;Jatkuva;04.10.1970;19.12.2025;Etelä-Pohjanmaa
2683;4200240;Pitkämön tekojärvi;W;Vedenkorkeus;42.041;Jatkuva;16.11.1970;19.12.2025;Etelä-Pohjanmaa
2684;4200270;Kauhajoen säänn.pato;W;Vedenkorkeus;42.091;Jatkuva;01.01.1972;19.12.2025;Etelä-Pohjanmaa
2686;4200280;Jalasjoen säänn.pato;W;Vedenkorkeus;42.042;Jatkuva;01.02.1972;19.12.2025;Etelä-Pohjanmaa
2688;4200431;Liikapuron tekojärvi;W;Vedenkorkeus;42.078;Jatkuva;30.12.1970;19.12.2025;Etelä-Pohjanmaa
2690;4200411;Kalajärven tekojärvi;W;Vedenkorkeus;42.073;Jatkuva;01.05.1957;19.12.2025;Etelä-Pohjanmaa
2691;4200410;Kyrkösjärven tekojärvi;W;Vedenkorkeus;42.071;Jatkuva;24.11.1980;19.12.2025;Etelä-Pohjanmaa
2693;4400400;Lapuanjoki, Liinamaa;W;Vedenkorkeus;44.022;Jatkuva;20.04.1955;19.12.2025;Etelä-Pohjanmaa
2696;4400140;Kätkänjärvi;W;Vedenkorkeus;44.073;Jatkuva;11.04.1958;19.12.2025;Etelä-Pohjanmaa
2699;4400112;Jääskänjärvi;W;Vedenkorkeus;44.097;Jatkuva;01.01.1965;19.12.2025;Etelä-Pohjanmaa
2701;4400113;Kuotesjärvi;W;Vedenkorkeus;44.095;Jatkuva;01.01.1966;19.12.2025;Etelä-Pohjanmaa
2703;4400114;Vähä-Allasjärvi;W;Vedenkorkeus;44.096;Jatkuva;01.01.1965;19.12.2025;Etelä-Pohjanmaa
2704;4400115;Iso-Allasjärvi;W;Vedenkorkeus;44.096;Jatkuva;01.01.1965;19.12.2025;Etelä-Pohjanmaa
2705;4400116;Kuorasjärvi;W;Vedenkorkeus;44.095;Jatkuva;01.01.1965;19.12.2025;Etelä-Pohjanmaa
2707;4400220;Varpulan tekojärvi;W;Vedenkorkeus;44.092;Jatkuva;13.01.1967;19.12.2025;Etelä-Pohjanmaa
2709;4400117;Saarijärvi;W;Vedenkorkeus;44.098;Jatkuva;11.04.1960;19.12.2025;Etelä-Pohjanmaa
2710;4400118;Saukkojärvi;W;Vedenkorkeus;44.095;Jatkuva;01.01.1965;19.12.2025;Etelä-Pohjanmaa
2711;3900200;Jurva;W;Vedenkorkeus;39.004;Jatkuva;07.09.2009;19.12.2025;Etelä-Pohjanmaa
2712;4200300;Ilmajoki, Nikkola;W;Vedenkorkeus;42.032;Jatkuva;20.03.1989;19.12.2025;Etelä-Pohjanmaa
2713;4900370;Ullavanjärvi;W;Vedenkorkeus;49.054;Jatkuva;01.01.1960;08.12.2013;Keski-Pohjanmaa
2715;4900320;Vissavesi;W;Vedenkorkeus;49.067;Jatkuva;01.01.1976;19.12.2025;Keski-Pohjanmaa
2718;4900200;Venetjärvi;W;Vedenkorkeus;49.072;Jatkuva;01.01.1976;19.12.2025;Keski-Pohjanmaa
2720;4900100;Patanan tekoallas;W;Vedenkorkeus;49.092;Jatkuva;01.01.1976;19.12.2025;Keski-Pohjanmaa
2722;4900120;Yrttikosken säänn. Pato;W;Vedenkorkeus;49.082;Jatkuva;01.01.1990;19.12.2025;Keski-Pohjanmaa
2724;4900330;Emmesin järvi;W;Vedenkorkeus;49.051;Jatkuva;30.12.1996;19.12.2025;Pohjanmaa
2727;4900340;Isojärvi;W;Vedenkorkeus;49.022;Jatkuva;01.01.1987;19.12.2025;Pohjanmaa
2728;4100800;Laihianjoki, Laihia, kk;W;Vedenkorkeus;41.003;Jatkuva;04.05.2012;19.12.2025;Pohjanmaa
2729;4400120;Karan silta;W;Vedenkorkeus;44.02;Jatkuva;05.09.2002;19.12.2025;Etelä-Pohjanmaa
2730;6500440;Kelukoski;W;Vedenkorkeus;65.821;Jatkuva;01.05.2002;19.12.2025;Lappi
2731;6500460;Lammasoja;W;Vedenkorkeus;65.821;Jatkuva;28.09.2001;18.12.2025;Lappi
2732;6500430;Matarakoski;W;Vedenkorkeus;65.821;Jatkuva;01.03.2000;19.12.2025;Lappi
2733;6500470;Kurkiaska, pato;W;Vedenkorkeus;65.814;Jatkuva;01.03.2000;19.12.2025;Lappi
2735;4400420;Lapuanjoki, Pouttu;W;Vedenkorkeus;44.023;Jatkuva;05.09.2002;19.12.2025;Etelä-Pohjanmaa
2736;4900110;Patanan alakanava;W;Vedenkorkeus;49.092;Jatkuva;01.11.1978;19.12.2025;Keski-Pohjanmaa
2737;4200430;Seinäjoki, Jouttikoski;W;Vedenkorkeus;42.072;Jatkuva;05.09.2002;19.12.2025;Etelä-Pohjanmaa
2742;6504333;Taivalkoski,ala;W;Vedenkorkeus;65.111;Jatkuva;01.03.2000;19.12.2025;Lappi
2780;0100800;Eimisjärvi;W;Vedenkorkeus;01.072;Jatkuva;01.01.1975;18.12.2025;Pohjois-Karjala
2784;0200300;Tohmajärvi;W;Vedenkorkeus;02.012;Jatkuva;09.04.1937;18.12.2025;Pohjois-Karjala
2813;0401310;Kuokkastenkoski y;W;Vedenkorkeus;04.411;Jatkuva;20.09.1971;17.12.2025;Pohjois-Karjala
2814;0401311;Haapajärvi Valtimo;W;Vedenkorkeus;04.462;Jatkuva;28.01.1989;18.12.2025;Pohjois-Karjala
1721;0101200;Melajärvi;W;Vedenkorkeus;01.021;Jatkuva;01.01.1959;18.12.2025;Pohjois-Karjala
1722;0101250;Vääräkoski, ylä;W;Vedenkorkeus;01.011;Jatkuva;01.01.1965;18.12.2025;Pohjois-Karjala
1724;0201000;Kontturi;W;Vedenkorkeus;02.021;Jatkuva;01.01.1976;19.12.2025;Pohjois-Karjala
1725;0300100;Simpelejärvi;W;Vedenkorkeus;03.031;Jatkuva;01.01.1913;19.12.2025;Etelä-Karjala
1732;0400520;Jongunjoki, Viitakoski;W;Vedenkorkeus;04.432;Jatkuva;18.04.1973;19.12.2025;Pohjois-Karjala
1733;0400600;Lieksanjoki, Ruunaa;W;Vedenkorkeus;04.492;Jatkuva;01.01.1931;19.12.2025;Pohjois-Karjala
1735;0400630;Pankajärvi, Kiviniemi;W;Vedenkorkeus;04.423;Jatkuva;01.01.1965;19.12.2025;Pohjois-Karjala
1739;0400740;Lieksankosken Pato,Y;W;Vedenkorkeus;04.422;Jatkuva;01.01.1971;30.11.2025;Pohjois-Karjala
1742;0400810;Lieksanjoki, Lieksankoski, ala;W;Vedenkorkeus;04.421;Jatkuva;01.01.1964;30.11.2025;Pohjois-Karjala
1745;0401110;Saramojoki, Roukkajankoski;W;Vedenkorkeus;04.472;Jatkuva;01.10.1973;19.12.2025;Pohjois-Karjala
1748;0401320;Valtimonjoki, Nuolikoski;W;Vedenkorkeus;04.463;Jatkuva;07.04.1975;19.12.2025;Pohjois-Karjala
1749;0401410;Pielinen, Nurmes;W;Vedenkorkeus;04.411;Jatkuva;26.09.1911;19.12.2025;Pohjois-Karjala
1753;0401710;Pielinen, Ahveninen;W;Vedenkorkeus;04.411;Jatkuva;14.02.1974;19.12.2025;Pohjois-Karjala
1755;0401920;Haapajoki, Hiisjärvi;W;Vedenkorkeus;04.953;Jatkuva;15.03.1975;19.12.2025;Pohjois-Karjala
1757;0402120;Koitajoki, Möhkönkoski;W;Vedenkorkeus;04.931;Jatkuva;02.09.1965;19.12.2025;Pohjois-Karjala
1758;0402200;Viiksinselkä, Mutalahti;W;Vedenkorkeus;04.991;Jatkuva;01.01.1950;19.12.2025;Pohjois-Karjala
1764;0402420;Koitajoki, Lylykoski;W;Vedenkorkeus;04.921;Jatkuva;01.05.1977;19.12.2025;Pohjois-Karjala
1766;0402600;Palojärvi, Pamilo, ylä;W;Vedenkorkeus;04.912;Jatkuva;01.01.1956;19.12.2025;Pohjois-Karjala
1767;0402610;Pamilon voimalaitos, ala;W;Vedenkorkeus;04.911;Jatkuva;01.01.1971;19.12.2025;Pohjois-Karjala
1770;0402711;Koitere, Surinkivi;W;Vedenkorkeus;04.941;Jatkuva;01.01.1956;19.12.2025;Pohjois-Karjala
1771;0402720;Koitajoki, Hiiskosken silta;W;Vedenkorkeus;04.941;Jatkuva;01.01.1956;19.12.2025;Pohjois-Karjala
1775;0402910;Pielisjoki, Hiirenvesi;W;Vedenkorkeus;04.342;Jatkuva;01.01.1959;18.12.2025;Pohjois-Karjala
1778;0403110;Pielisjoki, Kaltimo, ylä;W;Vedenkorkeus;04.342;Jatkuva;01.07.1959;18.12.2025;Pohjois-Karjala
1780;0403210;Pielisjoki, Kaltimo, ala;W;Vedenkorkeus;04.341;Jatkuva;01.01.1960;18.12.2025;Pohjois-Karjala
1786;0403710;Pielisjoki, Jakokoski, ylä;W;Vedenkorkeus;04.341;Jatkuva;01.01.1972;18.12.2025;Pohjois-Karjala
1793;0404310;Pielisjoki, Kuurna, ylä;W;Vedenkorkeus;04.332;Jatkuva;01.01.1972;18.12.2025;Pohjois-Karjala
1795;0404410;Pielisjoki, Kuurna, ala;W;Vedenkorkeus;04.331;Jatkuva;01.01.1972;18.12.2025;Pohjois-Karjala
1799;0404700;Pielisjoki, Joensuu, ylä;W;Vedenkorkeus;04.331;Jatkuva;01.01.1877;19.12.2025;Pohjois-Karjala
1802;0404813;Rauanjoki;W;Vedenkorkeus;04.831;Jatkuva;01.01.1977;19.12.2025;Pohjois-Karjala
1806;0404910;Viinijärvi, Vaivio;W;Vedenkorkeus;04.352;Jatkuva;16.02.1974;19.12.2025;Pohjois-Karjala
1808;0405000;Pyhäjärvi, Syrjäsalmi;W;Vedenkorkeus;04.391;Jatkuva;01.01.1913;18.12.2025;Pohjois-Karjala
1809;0405100;Pyhäselkä, Joensuu, ala;W;Vedenkorkeus;04.331;Jatkuva;01.01.1877;19.12.2025;Pohjois-Karjala
1812;0405140;Orivesi-Pyhäselkä, Arvinsalmi;W;Vedenkorkeus;04.321;Jatkuva;21.08.1976;19.12.2025;Pohjois-Karjala
1816;0405400;Kiuruvesi;W;Vedenkorkeus;04.523;Jatkuva;01.01.1986;19.12.2025;Pohjois-Savo
1820;0405700;Salahminjärvi;W;Vedenkorkeus;04.541;Jatkuva;01.01.1967;16.12.2025;Pohjois-Savo
1822;0406010;Sonkajärvi;W;Vedenkorkeus;04.583;Jatkuva;15.03.1972;19.12.2025;Pohjois-Savo
1824;0406200;Porovesi, Nerkoo, ylä;W;Vedenkorkeus;04.512;Jatkuva;01.03.1868;19.12.2025;Pohjois-Savo
1826;0406400;Onkivesi, Ahkionlahti, ylä;W;Vedenkorkeus;04.511;Jatkuva;01.01.1874;19.12.2025;Pohjois-Savo
2157;2700120;Someronjärvi;W;Vedenkorkeus;27.032;Jatkuva;01.01.1971;30.06.2025;Varsinais-Suomi
2158;2700160;Hovirinnankoski, ala;W;Vedenkorkeus;27.032;Jatkuva;01.01.1971;30.06.2025;Varsinais-Suomi
2159;2700170;Hovirinnankoski, ylä;W;Vedenkorkeus;27.032;Jatkuva;01.01.1970;30.06.2025;Varsinais-Suomi
2161;2800300;Hypöistenkoski, Aura;W;Vedenkorkeus;28.002;Jatkuva;01.07.1943;19.12.2025;Varsinais-Suomi
2162;2800700;Halinen;W;Vedenkorkeus;28.001;Jatkuva;01.01.1961;18.12.2025;Varsinais-Suomi
2164;3100200;Laajoki;W;Vedenkorkeus;31.002;Jatkuva;01.09.1986;19.12.2025;Varsinais-Suomi
2165;3200400;Puttakoski;W;Vedenkorkeus;32.002;Jatkuva;01.01.1970;19.12.2025;Varsinais-Suomi
2166;3300100;Koskeljärvi;W;Vedenkorkeus;33.005;Jatkuva;01.01.1976;19.12.2025;Satakunta
2167;3300400;Lapinjoki, Ylinenkoski;W;Vedenkorkeus;33.001;Jatkuva;01.01.1969;19.12.2025;Satakunta
2168;3400100;Pyhäjärvi;W;Vedenkorkeus;34.031;Jatkuva;01.01.1914;19.12.2025;Satakunta
2169;3400130;Yläneenjoki;W;Vedenkorkeus;34.042;Jatkuva;01.01.1971;19.12.2025;Varsinais-Suomi
2170;3400140;Pyhäjoki;W;Vedenkorkeus;34.061;Jatkuva;01.01.1973;19.12.2025;Satakunta
2173;3400210;Köyliönjärvi;W;Vedenkorkeus;34.054;Jatkuva;01.01.1970;19.12.2025;Satakunta
2175;3400310;Panelia, ylä;W;Vedenkorkeus;34.021;Jatkuva;01.01.1970;19.07.2023;Satakunta
2176;3400430;Pappilankoski, ylä;W;Vedenkorkeus;34.012;Jatkuva;01.01.1971;19.07.2023;Satakunta
2179;3500110;Äväntäjärvi;W;Vedenkorkeus;35.724;Jatkuva;01.06.1983;19.12.2025;Pirkanmaa
2180;3500300;Vesijärvi;W;Vedenkorkeus;35.731;Jatkuva;02.11.1999;19.12.2025;Pirkanmaa
2184;3500600;Längelmävesi, Kaivanto;W;Vedenkorkeus;35.721;Jatkuva;01.01.1911;19.12.2025;Pirkanmaa
2185;3501000;Vesijako;W;Vedenkorkeus;35.784;Jatkuva;01.01.1911;19.12.2025;Päijät-Häme
2187;3501200;Kukkia;W;Vedenkorkeus;35.781;Jatkuva;01.01.1911;19.12.2025;Pirkanmaa
2188;3501300;Iso-Roine;W;Vedenkorkeus;35.773;Jatkuva;13.02.1961;19.12.2025;Kanta-Häme
2189;3501600;Mallasvesi, Apia;W;Vedenkorkeus;35.711;Jatkuva;01.01.1896;19.12.2025;Pirkanmaa
2191;3501800;Pääjärvi;W;Vedenkorkeus;35.833;Jatkuva;01.01.1972;19.12.2025;Päijät-Häme
2192;3501810;Haarajoki;W;Vedenkorkeus;35.835;Jatkuva;01.01.1972;19.12.2025;Kanta-Häme
2193;3501820;Mustajoki;W;Vedenkorkeus;35.836;Jatkuva;01.01.1972;18.12.2025;Päijät-Häme
2194;3501880;Teuronjoki, Jokelankoski;W;Vedenkorkeus;35.832;Jatkuva;12.01.1971;19.12.2025;Päijät-Häme
2195;3501910;Puujoki, Varunteenkoski;W;Vedenkorkeus;35.822;Jatkuva;03.04.1978;19.12.2025;Kanta-Häme
2196;3502300;Haapaniemenjärvi;W;Vedenkorkeus;35.882;Jatkuva;01.01.1911;19.12.2025;Kanta-Häme
2198;3502400;Kernaalanjärvi;W;Vedenkorkeus;35.811;Jatkuva;24.09.1945;19.12.2025;Kanta-Häme
2199;3502500;Vanajavesi, Hämeenlinna;W;Vedenkorkeus;35.233;Jatkuva;01.01.1885;19.12.2025;Kanta-Häme
2200;3502800;Vanajavesi, Valkeakoski, ala;W;Vedenkorkeus;35.222;Jatkuva;01.01.1870;19.12.2025;Pirkanmaa
2202;3503010;Vanajavesi, Konhonselkä;W;Vedenkorkeus;35.222;Jatkuva;01.01.1962;19.12.2025;Pirkanmaa
2203;3503100;Jalantijärvi;W;Vedenkorkeus;35.281;Jatkuva;26.09.1910;19.12.2025;Pirkanmaa
2204;3503300;Vanajavesi, Lempäälä, ylä;W;Vedenkorkeus;35.221;Jatkuva;24.02.1874;19.12.2025;Pirkanmaa
2205;3503320;Vanajavesi, Koivunokka;W;Vedenkorkeus;35.221;Jatkuva;14.05.1942;19.12.2025;Pirkanmaa
2208;3503410;Pyhäjärvi, Näppilä;W;Vedenkorkeus;35.211;Jatkuva;08.01.1962;19.12.2025;Pirkanmaa
2209;3503710;Ähtärinjärvi;W;Vedenkorkeus;35.433;Jatkuva;01.01.1911;19.12.2025;Etelä-Pohjanmaa
2210;3503810;Hankavesi;W;Vedenkorkeus;35.432;Jatkuva;01.01.1983;19.12.2025;Etelä-Pohjanmaa
2214;3504400;Toisvesi;W;Vedenkorkeus;35.421;Jatkuva;01.05.1903;19.12.2025;Pirkanmaa
2216;3504700;Pihlajavesi;W;Vedenkorkeus;35.483;Jatkuva;13.08.1910;19.12.2025;Keski-Suomi
2217;3504800;Kitusjärvi;W;Vedenkorkeus;35.482;Jatkuva;01.01.1911;19.12.2025;Pirkanmaa
2218;3505000;Visuvesi;W;Vedenkorkeus;35.412;Jatkuva;16.09.1864;19.12.2025;Pirkanmaa
2221;3505600;Keurusselkä, Mänttä;W;Vedenkorkeus;35.621;Jatkuva;01.01.1911;19.12.2025;Pirkanmaa
2222;3505800;Vilppulankoski, Kotaselkä;W;Vedenkorkeus;35.611;Jatkuva;01.01.1911;19.12.2025;Pirkanmaa
2225;3506200;Palovesi, Murole, ylä;W;Vedenkorkeus;35.321;Jatkuva;01.01.1863;19.12.2025;Pirkanmaa
2226;3506500;Näsijärvi, Murole, ala;W;Vedenkorkeus;35.312;Jatkuva;01.01.1863;19.12.2025;Pirkanmaa
2227;3506610;Kuusjärvi;W;Vedenkorkeus;35.341;Jatkuva;01.01.1986;19.12.2025;Pirkanmaa
2230;3506920;Näsijärvi, Tampere;W;Vedenkorkeus;35.311;Jatkuva;01.01.1971;18.12.2025;Pirkanmaa
2232;3507210;Pyhäjärvi, Nokia;W;Vedenkorkeus;35.211;Jatkuva;01.01.1961;18.12.2025;Pirkanmaa
2234;3507410;Melo, ylä;W;Vedenkorkeus;35.211;Jatkuva;01.11.1993;18.12.2025;Pirkanmaa
2235;3507420;Melo, ala;W;Vedenkorkeus;35.132;Jatkuva;01.11.1993;18.12.2025;Pirkanmaa
2236;3507600;Linnanjärvi;W;Vedenkorkeus;35.533;Jatkuva;01.08.1910;19.12.2025;Pirkanmaa
2238;3507710;Parkanonjärvi;W;Vedenkorkeus;35.532;Jatkuva;01.01.1981;19.12.2025;Pirkanmaa
2239;3507900;Leppäsjärvi;W;Vedenkorkeus;35.571;Jatkuva;01.03.1933;19.12.2025;Pirkanmaa
2240;3508000;Jämijärvi;W;Vedenkorkeus;35.542;Jatkuva;01.01.1911;19.12.2025;Satakunta
2242;3508210;Kyrösjärvi, etelä;W;Vedenkorkeus;35.521;Jatkuva;01.07.1925;19.12.2025;Pirkanmaa
2243;3508400;Siuro, ylä;W;Vedenkorkeus;35.511;Jatkuva;01.01.1894;19.12.2025;Pirkanmaa
2246;3508610;Kulovesi;W;Vedenkorkeus;35.132;Jatkuva;01.01.1959;18.12.2025;Pirkanmaa
2247;3508700;Rautavesi;W;Vedenkorkeus;35.131;Jatkuva;22.06.1910;18.12.2025;Pirkanmaa
2248;3508720;Liekovesi;W;Vedenkorkeus;35.131;Jatkuva;01.01.1957;18.12.2025;Pirkanmaa
2249;3508730;Hartolankoski, ylä;W;Vedenkorkeus;35.123;Jatkuva;01.01.1956;18.12.2025;Pirkanmaa
2250;3508740;Hartolankoski, ala;W;Vedenkorkeus;35.123;Jatkuva;01.01.1957;18.12.2025;Pirkanmaa
2251;3508800;Kiikka;W;Vedenkorkeus;35.123;Jatkuva;01.01.1903;19.12.2025;Pirkanmaa
2252;3509000;Äetsä, ylä;W;Vedenkorkeus;35.123;Jatkuva;01.01.1935;18.12.2025;Pirkanmaa
2253;3509010;Äetsä, ala;W;Vedenkorkeus;35.122;Jatkuva;01.01.1933;18.12.2025;Pirkanmaa
2254;3509110;Pyhäjärvi, Saari;W;Vedenkorkeus;35.931;Jatkuva;01.01.1926;19.12.2025;Kanta-Häme
2256;3509140;Liesjärvi;W;Vedenkorkeus;35.982;Jatkuva;01.01.1963;19.12.2025;Kanta-Häme
2259;3509210;Kuhalankoski, ylä;W;Vedenkorkeus;35.931;Jatkuva;22.03.1937;19.12.2025;Kanta-Häme
2260;3509220;Kuhalankoski, ala;W;Vedenkorkeus;35.931;Jatkuva;14.06.1937;28.02.2015;Kanta-Häme
2262;3509310;Loimijoki, Sallila, ylä;W;Vedenkorkeus;35.913;Jatkuva;15.09.1954;14.11.2025;Satakunta
2263;3509320;Loimijoki, Sallila, ala;W;Vedenkorkeus;35.913;Jatkuva;01.01.1956;14.11.2025;Satakunta
2265;3509410;Loimijoki, Maurialankoski;W;Vedenkorkeus;35.912;Jatkuva;01.08.1984;19.12.2025;Satakunta
2267;3509800;Sääksjärvi;W;Vedenkorkeus;35.152;Jatkuva;15.07.1910;19.12.2025;Satakunta
2270;3509911;Syyränsuu;W;Vedenkorkeus;35.122;Jatkuva;01.01.1970;18.12.2025;Satakunta
2275;3510111;Pahakoski, 780;W;Vedenkorkeus;35.122;Jatkuva;01.01.1958;18.12.2025;Satakunta
2276;3510130;Upas, 730;W;Vedenkorkeus;35.122;Jatkuva;01.01.1970;18.12.2025;Satakunta
2277;3510330;Kolsi, ylä;W;Vedenkorkeus;35.122;Jatkuva;01.01.1971;18.12.2025;Satakunta
2278;3510340;Kolsi, ala;W;Vedenkorkeus;35.121;Jatkuva;01.11.1993;18.12.2025;Satakunta
2279;3510400;Harjavalta, ylä;W;Vedenkorkeus;35.121;Jatkuva;01.01.1981;18.12.2025;Satakunta
2285;3602100;Isojärvi;W;Vedenkorkeus;36.014;Jatkuva;01.01.1960;19.12.2025;Satakunta
2286;3602200;Eteläjoki, Paratiisikoski;W;Vedenkorkeus;36.016;Jatkuva;01.01.1970;19.12.2025;Satakunta
2288;3602300;Pohjajoki;W;Vedenkorkeus;36.012;Jatkuva;01.01.1968;19.12.2025;Satakunta
2289;3602500;Lankoski, ylä;W;Vedenkorkeus;36.011;Jatkuva;01.01.1970;19.12.2025;Satakunta
2290;3700300;Perus;W;Vedenkorkeus;37.013;Jatkuva;01.08.1978;19.12.2025;Pohjanmaa
2294;3800910;Puskamarkki;W;Vedenkorkeus;38.001;Jatkuva;08.08.1985;19.12.2025;Pohjanmaa
2295;3900800;Allmänningsforsen;W;Vedenkorkeus;39.001;Jatkuva;01.02.1981;19.12.2025;Pohjanmaa
2298;4000910;Malax;W;Vedenkorkeus;40.002;Jatkuva;01.06.1978;19.12.2025;Pohjanmaa
2299;4100900;Karkkimala;W;Vedenkorkeus;41.001;Jatkuva;01.01.1972;19.12.2025;Pohjanmaa
2304;4200420;Seinäjärvi;W;Vedenkorkeus;42.074;Jatkuva;01.06.1957;19.12.2025;Pirkanmaa
2306;4200600;Kyrönjoki, Hanhikoski;W;Vedenkorkeus;42.023;Jatkuva;01.05.1951;19.12.2025;Etelä-Pohjanmaa
2307;4200800;Pappilankoski;W;Vedenkorkeus;42.021;Jatkuva;23.03.1912;19.12.2025;Etelä-Pohjanmaa
2308;4201000;Skatila;W;Vedenkorkeus;42.012;Jatkuva;01.01.1911;19.12.2025;Pohjanmaa
2309;4400100;Kuortaneenjärvi;W;Vedenkorkeus;44.033;Jatkuva;19.11.1929;19.12.2025;Etelä-Pohjanmaa
2310;4400110;Töysänjoki;W;Vedenkorkeus;44.081;Jatkuva;01.05.1980;19.12.2025;Etelä-Pohjanmaa
2312;4400210;Hirvijärvi;W;Vedenkorkeus;44.092;Jatkuva;01.05.1984;19.12.2025;Etelä-Pohjanmaa
2314;4400310;Tampparinkoski;W;Vedenkorkeus;44.031;Jatkuva;01.05.1980;19.12.2025;Etelä-Pohjanmaa
2315;4400320;Kauhavanjoki;W;Vedenkorkeus;44.061;Jatkuva;21.04.1955;19.12.2025;Etelä-Pohjanmaa
2318;4400610;Keppo;W;Vedenkorkeus;44.011;Jatkuva;04.02.1935;19.12.2025;Pohjanmaa
2835;0402740;Iso-Hietajärvi;W;Vedenkorkeus;04.963;Jatkuva;29.04.1988;05.03.2018;Pohjois-Karjala
2836;0402770;Pieni-Hietajärvi;W;Vedenkorkeus;04.963;Jatkuva;05.05.1988;05.03.2018;Pohjois-Karjala
2862;0405421;Osmanginjärvi;W;Vedenkorkeus;04.562;Jatkuva;02.01.1960;30.08.2006;Pohjois-Savo
2866;0405412;Kilpijärvi;W;Vedenkorkeus;04.581;Jatkuva;01.04.1982;19.12.2025;Pohjois-Savo
2885;0407927;Pöljänjärvi;W;Vedenkorkeus;04.652;Jatkuva;07.05.1975;19.12.2025;Pohjois-Savo
2914;1403020;Ahveninen;W;Vedenkorkeus;14.722;Jatkuva;02.09.1975;19.12.2025;Pohjois-Savo
2951;0403031;Naarajärvi;W;Vedenkorkeus;04.284;Jatkuva;06.04.2001;18.12.2025;Pohjois-Savo
2953;1700500;Ilolanjoki, Ilolan silta;W;Vedenkorkeus;17.001;Jatkuva;08.01.1996;19.12.2025;Uusimaa
2961;8102600;Pitkäjärvi;W;Vedenkorkeus;81.055;Jatkuva;02.04.1946;03.12.2025;Uusimaa
2966;1700600;Tiiläänjärvi;W;Vedenkorkeus;17.005;Jatkuva;27.01.1983;19.12.2025;Uusimaa
2973;2300210;Pitkäjärvi, meijerin laituri;W;Vedenkorkeus;23.071;Jatkuva;07.01.1998;19.12.2025;Uusimaa
2976;2300200;Pusulanjärvi eli Jäämäjärvi, luusua;W;Vedenkorkeus;23.062;Jatkuva;01.01.1977;19.12.2025;Uusimaa
2978;1500600;Taasianjoki, Holmankoski;W;Vedenkorkeus;15.002;Jatkuva;01.01.1980;19.12.2025;Uusimaa
2980;1601100;Koskenkylänjoki, Niinikoski;W;Vedenkorkeus;16.001;Jatkuva;25.03.1981;19.12.2025;Uusimaa
2985;8102000;Loviisanjoki, urheilukenttä;W;Vedenkorkeus;81.027;Jatkuva;02.02.1996;19.12.2025;Uusimaa
2986;2200100;Enäjärvi, Hulttilanjoki;W;Vedenkorkeus;22.004;Jatkuva;01.01.1977;19.12.2025;Uusimaa
2990;2300240;Nummenjoki, Pirkkula;W;Vedenkorkeus;23.061;Jatkuva;09.06.1981;19.12.2025;Uusimaa
2992;2300340;Vihtijärvi, Sorvarinjoki;W;Vedenkorkeus;23.092;Jatkuva;08.01.1983;19.12.2025;Uusimaa
3002;2000200;Sipoonjoki, Brobölen pato;W;Vedenkorkeus;20.001;Jatkuva;19.05.1981;19.12.2025;Uusimaa
3005;8102800;Espoonjoki;W;Vedenkorkeus;81.055;Jatkuva;24.03.1995;19.12.2025;Uusimaa
3015;2104700;Luhtajoki (Hagalund);W;Vedenkorkeus;21.051;Jatkuva;07.01.1997;19.12.2025;Uusimaa
3017;2104900;Lepsämänjoki;W;Vedenkorkeus;21.041;Jatkuva;01.04.1996;19.12.2025;Uusimaa
3021;0410440;Purnujärvi;W;Vedenkorkeus;04.193;Jatkuva;15.05.1977;19.12.2025;Etelä-Karjala
3025;0900100;Urpalanjärvi;W;Vedenkorkeus;09.006;Jatkuva;01.03.1964;19.12.2025;Etelä-Karjala
3026;0900200;Suurijärvi;W;Vedenkorkeus;09.002;Jatkuva;01.01.1965;19.12.2025;Etelä-Karjala
3027;1300200;Enäjärvi-Sanijärvi;W;Vedenkorkeus;13.002;Jatkuva;01.10.1973;19.12.2025;Kymenlaakso
3028;1300100;Saaramaanjärvi;W;Vedenkorkeus;13.003;Jatkuva;01.10.1973;19.12.2025;Kymenlaakso
3031;1411210;Ahvenkoski ylä;W;Vedenkorkeus;14.111;Jatkuva;01.03.2001;18.12.2025;Kymenlaakso
3032;1411240;Ahvenkoski ala;W;Vedenkorkeus;81V024;Jatkuva;01.03.2001;18.12.2025;Kymenlaakso
3034;1409710;Värälä;W;Vedenkorkeus;14.113;Jatkuva;03.01.1974;18.12.2025;Kymenlaakso
3035;1410910;Ediskoski ylä (stockfors);W;Vedenkorkeus;14.111;Jatkuva;01.03.1975;18.12.2025;Kymenlaakso
3036;1411140;Stråka ylä;W;Vedenkorkeus;14.111;Jatkuva;01.03.1975;18.12.2025;Kymenlaakso
3037;1411100;Klåsarö, ylävesi;W;Vedenkorkeus;14.111;Jatkuva;01.03.1975;18.12.2025;Kymenlaakso
3040;1408910;Kannus- eli Ruokokoski, ylä;W;Vedenkorkeus;14.183;Jatkuva;01.03.1975;18.12.2025;Kymenlaakso
3041;1408920;Kannus- eli  Ruokokoski, ala;W;Vedenkorkeus;14.183;Jatkuva;01.03.1975;18.12.2025;Kymenlaakso
3045;2101500;Vantaa, Ylikylä;W;Vedenkorkeus;21.021;Jatkuva;19.03.2002;19.12.2025;Uusimaa
3049;5300110;Reis-Vuohtajärvi;W;Vedenkorkeus;53.053;Jatkuva;01.01.1976;19.12.2025;Pohjois-Pohjanmaa
3050;5300330;Settijärvi;W;Vedenkorkeus;53.072;Jatkuva;01.01.1976;19.12.2025;Pohjois-Pohjanmaa
3051;5300230;Kuonanjärvi;W;Vedenkorkeus;53.082;Jatkuva;01.01.1976;19.12.2025;Pohjois-Pohjanmaa
3052;5300120;Kiljanjärvi;W;Vedenkorkeus;53.057;Jatkuva;01.01.1976;19.12.2025;Pohjois-Pohjanmaa
3053;5300410;Pidisjärvi;W;Vedenkorkeus;53.033;Jatkuva;01.01.1992;19.12.2025;Pohjois-Pohjanmaa
3055;5300130;Korpinen;W;Vedenkorkeus;53.058;Jatkuva;25.01.1969;19.12.2025;Pohjois-Pohjanmaa
3056;5300140;Iso-Juurikka;W;Vedenkorkeus;53.059;Jatkuva;09.01.1969;19.12.2025;Pohjois-Pohjanmaa
3062;8103200;Ingarskilaån;W;Vedenkorkeus;81.064;Jatkuva;13.06.2001;19.12.2025;Uusimaa
3068;2100210;Vantaanjoki, Paloheimo;W;Vedenkorkeus;21.023;Jatkuva;01.09.2001;19.12.2025;Kanta-Häme
3072;3602110;Salmus ala;W;Vedenkorkeus;36.013;Jatkuva;08.09.1999;19.12.2025;Satakunta
3075;1300101;Reitkalli, Puutarhak. silta;W;Vedenkorkeus;13.001;Jatkuva;02.04.2003;19.12.2025;Kymenlaakso
3078;6100222;Turpeisenjärvi;W;Vedenkorkeus;61.313;Jatkuva;29.06.1965;30.06.2012;Pohjois-Pohjanmaa
3079;6100710;Pudasjärvi, Tuulisalmi;W;Vedenkorkeus;61.133;Jatkuva;08.04.1959;19.12.2025;Pohjois-Pohjanmaa
3082;8102510;Nuuksion Pitkäjärvi;W;Vedenkorkeus;81.057;Jatkuva;01.01.1973;30.10.2025;Uusimaa
3084;2300944;Kirkkojärvi, Karjaa;W;Vedenkorkeus;23.012;Jatkuva;02.01.1975;19.12.2025;Uusimaa
3093;8102520;Bodom;W;Vedenkorkeus;81.055;Jatkuva;01.01.1973;19.12.2025;Uusimaa
3095;5902240;Katerma, ylä;W;Vedenkorkeus;59.911;Jatkuva;;;Kainuu
3100;3510730;Pori, Rauman silta;W;Vedenkorkeus;35.111;Jatkuva;;;Satakunta
3103;3509112;Koijärvi;W;Vedenkorkeus;35.965;Jatkuva;18.01.1983;19.12.2025;Kanta-Häme
3104;3509111;Pehkijärvi;W;Vedenkorkeus;35.933;Jatkuva;01.04.1971;19.12.2025;Kanta-Häme
3107;3502530;Äimäjärvi;W;Vedenkorkeus;35.262;Jatkuva;24.08.1982;19.12.2025;Kanta-Häme
3108;3509130;Kaartjärvi;W;Vedenkorkeus;35.887;Jatkuva;10.03.1938;19.12.2025;Kanta-Häme
3113;3502310;Alajärvi;W;Vedenkorkeus;35.892;Jatkuva;01.01.2007;18.12.2025;Kanta-Häme
3114;3502200;Loppijärvi;W;Vedenkorkeus;35.874;Jatkuva;28.10.1943;19.12.2025;Kanta-Häme
3116;3502420;Ojajärvi;W;Vedenkorkeus;35.876;Jatkuva;01.01.1992;18.12.2025;Kanta-Häme
3117;3502540;Katumajärvi, uimarannan laituri;W;Vedenkorkeus;35.236;Jatkuva;30.11.1953;19.12.2025;Kanta-Häme
3118;3502410;Alasjärvi;W;Vedenkorkeus;35.872;Jatkuva;01.12.1995;19.12.2025;Kanta-Häme
3119;3501320;Eteläistenjärvi;W;Vedenkorkeus;35.775;Jatkuva;01.03.1948;19.12.2025;Kanta-Häme
3120;2100230;Arolammen silta;W;Vedenkorkeus;21.023;Jatkuva;01.11.1999;19.12.2025;Kanta-Häme
3127;3501010;Vehkajärvi;W;Vedenkorkeus;35.784;Jatkuva;10.04.1947;19.12.2025;Päijät-Häme
3131;3501940;Haminanvuolle (Teuronjoki-Puujoki);W;Vedenkorkeus;35.823;Jatkuva;22.12.1954;19.12.2025;Kanta-Häme
3132;3501931;Oriharonjärvi;W;Vedenkorkeus;35.834;Jatkuva;02.04.1959;18.12.2025;Päijät-Häme
3136;3501930;Valkjärvi;W;Vedenkorkeus;35.838;Jatkuva;11.04.1958;19.12.2025;Päijät-Häme
3145;3600600;Karvian Kirkkojärvi;W;Vedenkorkeus;36.042;Jatkuva;01.01.1968;19.12.2025;Satakunta
3146;5700120;Iso-Lamujärvi;W;Vedenkorkeus;57.063;Jatkuva;01.01.1971;19.12.2025;Pohjois-Pohjanmaa
3147;4700110;Alajärvi;W;Vedenkorkeus;47.043;Jatkuva;01.01.1982;19.12.2025;Etelä-Pohjanmaa
3152;3600530;Riuttan pato, ala;W;Vedenkorkeus;36.015;Jatkuva;19.08.2003;19.12.2025;Satakunta
3163;1402211;Keitele, Äänekoski;W;Vedenkorkeus;14.411;Jatkuva;01.07.2003;30.11.2025;Keski-Suomi
3164;3508520;Mouhijärvi;W;Vedenkorkeus;35.155;Jatkuva;01.01.1995;19.12.2025;Pirkanmaa
3176;2200200;Poikkipuoliainen;W;Vedenkorkeus;22.004;Jatkuva;01.04.1977;19.12.2025;Uusimaa
3188;2101320;Rusutjärvi;W;Vedenkorkeus;21.083;Jatkuva;21.05.1992;18.12.2025;Uusimaa
3199;2400710;Saarenjärvi, etelä;W;Vedenkorkeus;24.012;Jatkuva;06.09.1999;18.12.2025;Varsinais-Suomi
3200;2400700;Perniönjoki, Pesän silta;W;Vedenkorkeus;24.041;Jatkuva;23.04.2015;19.12.2025;Varsinais-Suomi
3201;2400200;Hirsjärvi, Kirveslahti;W;Vedenkorkeus;24.062;Jatkuva;12.04.1995;19.12.2025;Varsinais-Suomi
3207;3600930;Niemijärvi, oik;W;Vedenkorkeus;36.061;Jatkuva;01.01.1979;19.12.2025;Satakunta
3212;5700162;Kortteinen pato;W;Vedenkorkeus;57.062;Jatkuva;01.12.1966;19.12.2025;Pohjois-Pohjanmaa
3217;5703100;Lämsänkoski;W;Vedenkorkeus;57.031;Jatkuva;01.12.1973;19.12.2025;Pohjois-Pohjanmaa
3219;5800100;Tyrnävänjoki, lm;W;Vedenkorkeus;58.052;Jatkuva;10.04.1989;19.12.2025;Pohjois-Pohjanmaa
3222;6500720;Pyhäjoki;W;Vedenkorkeus;65.652;Jatkuva;08.09.2004;19.12.2025;Lappi
3225;8400800;Haapajärven tekoallas;W;Vedenkorkeus;84.088;Jatkuva;30.10.1966;19.12.2025;Pohjois-Pohjanmaa
3232;6500710;Pallasjärvi;W;Vedenkorkeus;65.652;Jatkuva;07.09.2004;19.12.2025;Lappi
3233;5400150;Venetpalo,ylä;W;Vedenkorkeus;54.041;Jatkuva;26.09.2004;19.12.2025;Pohjois-Pohjanmaa
3234;8400900;Pattijoki;W;Vedenkorkeus;84.090;Jatkuva;07.06.1984;19.12.2025;Pohjois-Pohjanmaa
3242;5300150;Jalkakosken sp;W;Vedenkorkeus;53.043;Jatkuva;04.10.2004;19.12.2025;Pohjois-Pohjanmaa
3243;5300164;Haittaperän sp;W;Vedenkorkeus;53.082;Jatkuva;04.10.2004;19.12.2025;Pohjois-Pohjanmaa
3256;2100300;Ridasjärvi, Pohjapato;W;Vedenkorkeus;21.094;Jatkuva;01.01.1994;18.12.2025;Uusimaa
3259;2101710;Vantaanjoki, Vanhakaupunki;W;Vedenkorkeus;21.011;Jatkuva;18.10.2004;05.08.2014;Uusimaa
3275;4900344;Kaitfors, Alavesi, Kvarnholm;W;Vedenkorkeus;49.021;Jatkuva;01.01.1987;31.12.2018;Pohjanmaa
3276;4900345;Kaitfors;W;Vedenkorkeus;49.021;Jatkuva;01.01.1987;19.12.2025;Pohjanmaa
3278;3510771;Lukkarinsanta;W;Vedenkorkeus;35.111;Jatkuva;30.11.2004;19.12.2025;Satakunta
3279;1800110;Mallusjärvi;W;Vedenkorkeus;18.033;Jatkuva;01.01.1977;18.12.2025;Päijät-Häme
3310;8400910;Pattijoen säännöstelypato, ylävesi;W;Vedenkorkeus;84.090;Jatkuva;26.08.2008;19.12.2025;Pohjois-Pohjanmaa
3311;8400920;Pattijoen säännöstelypato, alavesi;W;Vedenkorkeus;84.090;Jatkuva;26.08.2008;19.12.2025;Pohjois-Pohjanmaa
3312;6300101;Kivijoki;W;Vedenkorkeus;63.031;Jatkuva;05.11.2005;19.12.2025;Pohjois-Pohjanmaa
3313;4700325;Ähtävänjoki, Hanhikoski;W;Vedenkorkeus;47.023;Jatkuva;24.09.2005;19.12.2025;Etelä-Pohjanmaa
3314;6702520;Tornionjoki, Tornion kaupunki;W;Vedenkorkeus;67.111;Jatkuva;17.11.2005;19.12.2025;Lappi
3315;6503220;Ounasjoki, Kittilä kirkonkylä;W;Vedenkorkeus;65.542;Jatkuva;17.11.2005;19.12.2025;Lappi
3316;7101340;Ivalojoki Ivalo kirkonkylä;W;Vedenkorkeus;71.412;Jatkuva;26.10.2005;19.12.2025;Lappi
3321;3510721;Porin vanha silta;W;Vedenkorkeus;35.111;Jatkuva;10.08.2005;19.12.2025;Satakunta
3322;0410441;Kärinki;W;Vedenkorkeus;04.119;Jatkuva;09.02.2000;19.12.2025;Etelä-Karjala
3327;3501201;Nerosjärvi;W;Vedenkorkeus;35.783;Jatkuva;06.04.1981;19.12.2025;Kanta-Häme
3781;3502550;Matkolammi;W;Vedenkorkeus;35.236;Jatkuva;17.11.2020;19.12.2025;Kanta-Häme
3786;5600500;Piehinkijoki;W;Vedenkorkeus;56.001;Jatkuva;05.09.2019;19.12.2025;Pohjois-Pohjanmaa
3799;3510440;Harjavalta, ala;W;Vedenkorkeus;35.121;Jatkuva;12.01.2020;25.03.2020;Satakunta
3838;3503420;Lempäälä, ala;W;Vedenkorkeus;35.211;Jatkuva;15.08.2007;19.12.2025;Pirkanmaa
3855;4700355;Hattar, Alavesi;W;Vedenkorkeus;47.013;Jatkuva;21.10.2020;19.12.2025;Pohjanmaa
3864;0408190;Naapuskoski, alavesi;W;Vedenkorkeus;04.271;Jatkuva;14.01.2021;19.12.2025;Pohjois-Savo
3873;4207103;Seinäjoen ohjauspato, oikaisu-uoman suuosa;W;Vedenkorkeus;42.071;Jatkuva;21.03.2016;19.12.2025;Etelä-Pohjanmaa
3928;3606000;Kodesjärvi;W;Vedenkorkeus;36.034;Jatkuva;31.05.2022;19.12.2025;Etelä-Pohjanmaa
3897;4700655;Herrfors, Alavesi;W;Vedenkorkeus;47.011;Jatkuva;04.03.2021;19.12.2025;Pohjanmaa
3899;4700705;Finnholm, Alavesi;W;Vedenkorkeus;47.013;Jatkuva;03.03.2021;19.12.2025;Pohjanmaa
3916;3400000;Ahmasoja;W;Vedenkorkeus;34.024;Jatkuva;01.06.2020;19.12.2025;Satakunta
3938;G617302;Pohjoinen Julmalampi PJulmaAM;W;Vedenkorkeus;61.737;Jatkuva;04.09.2020;19.12.2025;Kainuu
3941;4400180;Alavudenjärvi;W;Vedenkorkeus;44.051;Jatkuva;03.11.2022;19.12.2025;Etelä-Pohjanmaa
3953;4207302;Kiikun pato, alavesi;W;Vedenkorkeus;42.071;Jatkuva;31.10.2022;19.12.2025;Etelä-Pohjanmaa
3958;3509870;Piilijoki;W;Vedenkorkeus;35.153;Jatkuva;04.04.2023;04.10.2023;Satakunta
3962;0410427;Saarijärvi, Juva;W;Vedenkorkeus;04.163;Jatkuva;09.04.2022;21.07.2025;Etelä-Savo
3967;4802000;Djupsjön;W;Vedenkorkeus;48.004;Jatkuva;09.08.2024;19.12.2025;Pohjanmaa
3974;0912000;Urpalanjoki, Tohmonsilta;W;Vedenkorkeus;09.001;Jatkuva;02.09.1970;19.12.2025;Kymenlaakso
3981;1404850;Kuusjärvi;W;Vedenkorkeus;14.281;Jatkuva;18.03.2014;19.12.2025;Keski-Suomi
3997;2700172;Hovirinnankoski, ylä;W;Vedenkorkeus;27.032;Jatkuva;19.06.2025;19.12.2025;Varsinais-Suomi
3998;2700112;Painionkoski, Painion luusua;W;Vedenkorkeus;27.042;Jatkuva;19.06.2025;19.12.2025;Varsinais-Suomi
4012;3505620;Kuorevesi, Vuohiselkä;W;Vedenkorkeus;35.611;Jatkuva;;;Keski-Suomi
1828;0406500;Maaninkajärvi, Ahkionlahti, ala;W;Vedenkorkeus;04.282;Jatkuva;16.03.1863;19.12.2025;Pohjois-Savo
1830;0406610;Pulkonkoski;W;Vedenkorkeus;04.287;Jatkuva;06.04.1982;19.12.2025;Pohjois-Savo
1831;0406700;Laakajärvi;W;Vedenkorkeus;04.644;Jatkuva;01.01.1960;16.12.2025;Pohjois-Savo
1832;0406800;Kiltuanjärvi;W;Vedenkorkeus;04.642;Jatkuva;01.01.1960;16.12.2025;Pohjois-Savo
1833;0406900;Korpijärvi;W;Vedenkorkeus;04.631;Jatkuva;01.01.1917;16.12.2025;Pohjois-Savo
1834;0406910;Sälevä;W;Vedenkorkeus;04.642;Jatkuva;01.01.1981;16.12.2025;Pohjois-Savo
1835;0407000;Atron voimalaitos, ylä;W;Vedenkorkeus;04.631;Jatkuva;01.01.1957;16.12.2025;Pohjois-Savo
1836;0407200;Syväri, Lastukoski, ylä;W;Vedenkorkeus;04.631;Jatkuva;23.05.1906;16.12.2025;Pohjois-Savo
1839;0407410;Keyritty;W;Vedenkorkeus;04.673;Jatkuva;04.11.1986;19.12.2025;Pohjois-Savo
1841;0407610;Vuotjärvi, Irvinlahti;W;Vedenkorkeus;04.621;Jatkuva;12.06.1931;16.12.2025;Pohjois-Savo
1845;0407640;Paasikoski,Y;W;Vedenkorkeus;04.612;Jatkuva;03.04.1930;16.12.2025;Pohjois-Savo
1846;0407700;Karjalankoski,Ylä,Y;W;Vedenkorkeus;04.612;Jatkuva;01.01.1962;16.12.2025;Pohjois-Savo
1848;0407720;Vehkalahti,Y;W;Vedenkorkeus;04.612;Jatkuva;01.01.1962;16.12.2025;Pohjois-Savo
1849;0407730;Karjalankoski,Ala,Y;W;Vedenkorkeus;04.611;Jatkuva;01.01.1962;16.12.2025;Pohjois-Savo
1851;0407920;Kallavesi, Itkonniemi;W;Vedenkorkeus;04.272;Jatkuva;01.01.1912;19.12.2025;Pohjois-Savo
1853;0407940;Suuri-Pieksä;W;Vedenkorkeus;04.616;Jatkuva;01.01.1982;19.12.2025;Pohjois-Savo
1855;0408000;Kallavesi, Konnus, ylä;W;Vedenkorkeus;04.272;Jatkuva;01.01.1864;19.12.2025;Pohjois-Savo
1856;0408100;Konnuksen kanava, ala;W;Vedenkorkeus;04.271;Jatkuva;01.01.1864;19.12.2025;Pohjois-Savo
1862;0408200;Unnukka, Taipale, ylä;W;Vedenkorkeus;04.271;Jatkuva;01.04.1863;19.12.2025;Pohjois-Savo
1863;0408300;Saarijärvi;W;Vedenkorkeus;04.741;Jatkuva;01.01.1961;19.12.2025;Pohjois-Savo
1865;0408320;Vaikonjoki, Kajoonjärvi;W;Vedenkorkeus;04.761;Jatkuva;01.10.1974;19.12.2025;Pohjois-Karjala
1869;0408520;Juojärvi, Juurikkasalmi;W;Vedenkorkeus;04.711;Jatkuva;01.01.1963;18.12.2025;Pohjois-Karjala
1873;0408700;Varisvesi, Karvio, ylä;W;Vedenkorkeus;04.273;Jatkuva;01.01.1897;19.12.2025;Pohjois-Karjala
1875;0408900;Kermajärvi, Kerma, ylä;W;Vedenkorkeus;04.274;Jatkuva;01.01.1903;19.12.2025;Pohjois-Karjala
1881;0409500;Sorsavesi, Sorsakoski, ylä;W;Vedenkorkeus;04.263;Jatkuva;17.06.1911;16.12.2025;Pohjois-Savo
1884;0409800;Maavesi;W;Vedenkorkeus;04.251;Jatkuva;01.01.1960;16.12.2025;Pohjois-Savo
1886;0409910;Sysmäjärvi;W;Vedenkorkeus;04.251;Jatkuva;01.01.1960;16.12.2025;Pohjois-Savo
1889;0410200;Haukivesi, Oravi;W;Vedenkorkeus;04.211;Jatkuva;01.01.1885;19.12.2025;Etelä-Savo
1891;0410400;Kuhakoski;W;Vedenkorkeus;04.172;Jatkuva;08.07.1916;19.12.2025;Etelä-Savo
1892;0410410;Kuolimo;W;Vedenkorkeus;04.141;Jatkuva;16.10.1931;19.12.2025;Etelä-Karjala
1894;0410510;Pihlajavesi, Savonlinna, ala;W;Vedenkorkeus;04.121;Jatkuva;01.01.1912;19.12.2025;Etelä-Savo
1895;0410600;Suurijärvi;W;Vedenkorkeus;04.124;Jatkuva;08.06.1982;19.12.2025;Etelä-Savo
1898;0411010;Saimaa, Ristiina;W;Vedenkorkeus;04.112;Jatkuva;26.05.1987;19.12.2025;Etelä-Savo
1900;0411200;Saimaa, Lauritsala;W;Vedenkorkeus;04.112;Jatkuva;01.01.1847;19.12.2025;Etelä-Karjala
1913;1100500;Salmen silta;W;Vedenkorkeus;11.002;Jatkuva;01.03.1966;19.12.2025;Kymenlaakso
1914;1400100;Muurasjärvi;W;Vedenkorkeus;14.482;Jatkuva;01.01.1910;19.12.2025;Keski-Suomi
1916;1400300;Saanijärvi;W;Vedenkorkeus;14.491;Jatkuva;26.07.1909;19.12.2025;Keski-Suomi
1920;1400500;Kolima, etelä;W;Vedenkorkeus;14.472;Jatkuva;01.01.1910;19.12.2025;Keski-Suomi
1921;1400520;Kärnäjärvi;W;Vedenkorkeus;14.471;Jatkuva;01.01.1940;19.12.2025;Keski-Suomi
1926;1400840;Pudasjärvi;W;Vedenkorkeus;14.442;Jatkuva;01.03.1940;19.12.2025;Keski-Suomi
1927;1400850;Kivijärvi, Huhmarlahti;W;Vedenkorkeus;14.443;Jatkuva;01.01.1958;19.12.2025;Keski-Suomi
1928;1400900;Vuosjärvi;W;Vedenkorkeus;14.441;Jatkuva;01.01.1910;19.12.2025;Keski-Suomi
1930;1401000;Muuruejärvi;W;Vedenkorkeus;14.432;Jatkuva;01.01.1910;19.12.2025;Keski-Suomi
1931;1401100;Keitele, Viitasaari;W;Vedenkorkeus;14.421;Jatkuva;01.01.1886;19.12.2025;Keski-Suomi
1936;1401410;Kyyjärvi;W;Vedenkorkeus;14.643;Jatkuva;01.01.1999;16.10.2025;Keski-Suomi
1938;1401500;Pääjärvi;W;Vedenkorkeus;14.631;Jatkuva;01.01.1910;19.12.2025;Keski-Suomi
1939;1401600;Karankajärvi;W;Vedenkorkeus;14.661;Jatkuva;01.01.1910;19.12.2025;Keski-Suomi
1940;1401700;Kalmarinjärvi;W;Vedenkorkeus;14.623;Jatkuva;01.01.1910;19.12.2025;Keski-Suomi
1941;1401800;Saarijärvi;W;Vedenkorkeus;14.614;Jatkuva;28.08.1909;19.12.2025;Keski-Suomi
1943;1401900;Summasjärvi;W;Vedenkorkeus;14.613;Jatkuva;01.01.1910;19.12.2025;Keski-Suomi
1944;1401912;Lannevesi;W;Vedenkorkeus;14.651;Jatkuva;30.03.1962;19.12.2025;Keski-Suomi
1945;1402000;Pyhäjärvi, Parantala;W;Vedenkorkeus;14.681;Jatkuva;01.01.1910;19.12.2025;Keski-Suomi
1949;1402130;Kiimasjärvi;W;Vedenkorkeus;14.612;Jatkuva;01.01.1967;19.12.2025;Keski-Suomi
1951;1402210;Äänekoski, ala;W;Vedenkorkeus;14.332;Jatkuva;01.01.1900;30.11.2025;Keski-Suomi
1952;1402300;Vatianjärvi;W;Vedenkorkeus;14.331;Jatkuva;23.07.1908;19.12.2025;Keski-Suomi
1955;1402400;Saraavesi, Kuusaa;W;Vedenkorkeus;14.321;Jatkuva;01.01.1909;19.12.2025;Keski-Suomi
1956;1402500;Koivujärvi;W;Vedenkorkeus;14.753;Jatkuva;01.01.1910;19.12.2025;Pohjois-Savo
1961;1402710;Pielavesi, Säviä;W;Vedenkorkeus;14.741;Jatkuva;01.01.1934;19.12.2025;Pohjois-Savo
1966;1403300;Iisvesi;W;Vedenkorkeus;14.722;Jatkuva;07.07.1909;19.12.2025;Pohjois-Savo
1967;1403310;Niinivesi, Kerkonkoski, ala;W;Vedenkorkeus;14.721;Jatkuva;01.01.1928;30.12.2020;Pohjois-Savo
1968;1403400;Suonenjoki;W;Vedenkorkeus;14.782;Jatkuva;05.07.1909;19.12.2025;Pohjois-Savo
1971;1403430;Kiesimä, Kerkonkoski, ylä;W;Vedenkorkeus;14.761;Jatkuva;01.06.1927;31.12.2022;Pohjois-Savo
1974;1403600;Hankavesi;W;Vedenkorkeus;14.712;Jatkuva;03.07.1909;19.12.2025;Pohjois-Savo
1979;1403900;Konnevesi, etelä;W;Vedenkorkeus;14.711;Jatkuva;01.01.1910;19.12.2025;Keski-Suomi
1982;1404100;Kynsivesi;W;Vedenkorkeus;14.352;Jatkuva;19.06.1909;19.12.2025;Keski-Suomi
1984;1404120;Leivonvesi, Simuna;W;Vedenkorkeus;14.352;Jatkuva;01.03.1974;19.12.2025;Keski-Suomi
1985;1404210;Kuuhankavesi, Hankasalmi;W;Vedenkorkeus;14.371;Jatkuva;01.01.1910;19.12.2025;Keski-Suomi
1987;1404230;Armisvesi;W;Vedenkorkeus;14.373;Jatkuva;04.01.1974;19.12.2025;Keski-Suomi
1991;1404310;Kuusvesi, Simuna;W;Vedenkorkeus;14.351;Jatkuva;01.01.1951;19.12.2025;Keski-Suomi
3893;4700565;Björkfors, Alavesi;W;Vedenkorkeus;47.013;Jatkuva;03.03.2021;19.12.2025;Pohjanmaa
3894;4700600;Långfors, Ylävesi;W;Vedenkorkeus;47.012;Jatkuva;04.03.2021;19.12.2025;Pohjanmaa
3949;1405370;Arvajankosken ylävesi, Lehmijärvi;W;Vedenkorkeus;14.261;Jatkuva;24.10.2022;14.12.2025;Keski-Suomi
3341;8400200;Vörå å;W;Vedenkorkeus;84.009;Jatkuva;12.11.2005;19.12.2025;Pohjanmaa
3348;0100331;Ylinen;W;Vedenkorkeus;01.034;Jatkuva;01.01.1986;03.11.2025;Pohjois-Karjala
3358;2300402;Olkkalanjoki;W;Vedenkorkeus;23.091;Jatkuva;24.03.2006;18.12.2025;Uusimaa
3359;0404801;Pitkälampi;W;Vedenkorkeus;04.333;Jatkuva;01.01.1986;14.10.2025;Pohjois-Karjala
3360;0404811;Höytiäinen, Sorpanniemi;W;Vedenkorkeus;04.821;Jatkuva;01.01.1992;18.12.2025;Pohjois-Karjala
3361;6503810;Ounaskoski ylä;W;Vedenkorkeus;65.211;Jatkuva;17.04.2001;19.12.2025;Lappi
3362;6503110;Ounasjoki, Ketomella;W;Vedenkorkeus;65.623;Jatkuva;17.10.2006;19.12.2025;Lappi
3365;0406810;Haapajärvi;W;Vedenkorkeus;04.642;Jatkuva;08.01.2008;16.12.2025;Pohjois-Savo
3366;5904400;Sanginjoki;W;Vedenkorkeus;59.141;Jatkuva;02.06.2008;19.12.2025;Pohjois-Pohjanmaa
3367;3507800;Aurejärvi;W;Vedenkorkeus;35.573;Jatkuva;01.07.1995;19.12.2025;Pirkanmaa
3383;4900220;Halsuanjärvi;W;Vedenkorkeus;49.032;Jatkuva;14.10.2004;19.12.2025;Keski-Pohjanmaa
3384;3505400;Pohjoisjärvi;W;Vedenkorkeus;35.681;Jatkuva;25.09.2013;19.12.2025;Keski-Suomi
3385;5300201;Jämsänkosken ylävesi;W;Vedenkorkeus;53.081;Jatkuva;13.08.2007;19.12.2025;Pohjois-Pohjanmaa
3386;5300221;Hinkuan alavesi;W;Vedenkorkeus;53.081;Jatkuva;13.08.2007;19.12.2025;Pohjois-Pohjanmaa
3387;2400302;Kiskon Kirkkojärvi;W;Vedenkorkeus;24.021;Jatkuva;22.11.2005;19.12.2025;Varsinais-Suomi
3389;6503212;Ounasjoki Hossa;W;Vedenkorkeus;65.611;Jatkuva;12.09.2007;19.12.2025;Lappi
3391;6503230;Ounasjoki Särestö ylä;W;Vedenkorkeus;65.541;Jatkuva;13.09.2007;19.12.2025;Lappi
3392;6503221;Seurujoki talvitienmukka;W;Vedenkorkeus;65.697;Jatkuva;09.09.2007;19.12.2025;Lappi
3393;6503211;Ounasjoki Taalo;W;Vedenkorkeus;65.543;Jatkuva;11.09.2007;10.12.2024;Lappi
3407;3501112;Kuohijärvi C;W;Vedenkorkeus;35.782;Jatkuva;15.09.1910;18.12.2025;Kanta-Häme
3424;3507702;Käenkoski, ylä;W;Vedenkorkeus;35.533;Jatkuva;04.09.2008;19.12.2025;Pirkanmaa
3425;3507701;Käenkoski,ala;W;Vedenkorkeus;35.533;Jatkuva;04.09.2008;19.12.2025;Pirkanmaa
3426;3504001;Metterinjärvi;W;Vedenkorkeus;35.422;Jatkuva;04.09.2008;19.12.2025;Pirkanmaa
3427;3504101;Soininkoski, ylä;W;Vedenkorkeus;35.421;Jatkuva;04.09.2008;19.12.2025;Pirkanmaa
3435;3509115;Heinijärvi;W;Vedenkorkeus;35.973;Jatkuva;11.03.2009;18.12.2025;Kanta-Häme
3439;0404520;Pielisjoki, Jynkän vedenottamo;W;Vedenkorkeus;04.331;Jatkuva;05.12.2009;18.12.2025;Pohjois-Karjala
3465;0403032;Ruhtoma;W;Vedenkorkeus;04.284;Jatkuva;14.11.2009;13.07.2025;Pohjois-Savo
3468;2406000;Mellerinkoski;W;Vedenkorkeus;24.062;Jatkuva;25.08.2009;19.12.2025;Varsinais-Suomi
3469;0406260;Nerohvirta ylä W;W;Vedenkorkeus;04.52;Jatkuva;15.01.2021;19.12.2025;Pohjois-Savo
3486;3909900;Västerfjärden;W;Vedenkorkeus;39.001;Jatkuva;09.09.2010;15.11.2025;Pohjanmaa
3490;4400119;Ponnenjärvi;W;Vedenkorkeus;44.08;Jatkuva;01.01.2000;19.12.2025;Etelä-Pohjanmaa
3492;3501925;Vuolteenkoski, Ylä;W;Vedenkorkeus;35.822;Jatkuva;12.01.1938;19.12.2025;Kanta-Häme
3500;2100215;Vantaanjoki, Peltosaari;W;Vedenkorkeus;21.023;Jatkuva;08.11.2011;19.12.2025;Kanta-Häme
3502;0101300;Loitimo, Oskolankoski;W;Vedenkorkeus;01.021;Jatkuva;02.12.2011;07.06.2021;Pohjois-Karjala
3503;4600110;Purmojärvi;W;Vedenkorkeus;46.041;Jatkuva;22.11.2011;19.12.2025;Etelä-Pohjanmaa
3505;3504965;Kortessalmi;W;Vedenkorkeus;35.481;Jatkuva;11.06.2010;11.10.2017;Pirkanmaa
3506;3504975;Naurissalmi;W;Vedenkorkeus;35.411;Jatkuva;11.06.2010;23.07.2018;Pirkanmaa
3509;1405910;Nuoramoisjärvi;W;Vedenkorkeus;14.811;Jatkuva;01.01.1910;19.12.2025;Päijät-Häme
3510;3509230;Ypäjä, Loimijoki;W;Vedenkorkeus;35.92;Jatkuva;28.08.2012;19.12.2025;Kanta-Häme
3519;3509600;Punkalaitumenjoki;W;Vedenkorkeus;35.941;Jatkuva;10.10.2012;19.12.2025;Pirkanmaa
3522;1406923;Salajärvi;W;Vedenkorkeus;14.162;Jatkuva;14.04.2013;19.12.2025;Päijät-Häme
3528;8102850;Espoonjoki, moottoritien silta;W;Vedenkorkeus;81.055;Jatkuva;06.02.2013;19.12.2025;Uusimaa
3529;1403215;Keihäsjärvi, alaosa;W;Vedenkorkeus;14.725;Jatkuva;01.02.1992;24.11.1995;Pohjois-Savo
3530;1403216;Keihäsjärvi, yläosa;W;Vedenkorkeus;14.725;Jatkuva;02.02.1992;28.06.2022;Pohjois-Savo
3531;4200900;Hiirikoski;W;Vedenkorkeus;42.016;Jatkuva;01.01.2015;31.10.2022;Pohjanmaa
3534;4400121;Rantatöysänjärvi;W;Vedenkorkeus;44.071;Jatkuva;15.08.2012;19.12.2025;Etelä-Pohjanmaa
3535;4409110;Hourunkoski;W;Vedenkorkeus;44.031;Jatkuva;01.08.1999;19.12.2025;Etelä-Pohjanmaa
3537;4403200;Mäkelänkoski;W;Vedenkorkeus;44.033;Jatkuva;24.03.2013;19.12.2025;Etelä-Pohjanmaa
3539;3543100;Ryötönkoski;W;Vedenkorkeus;35.431;Jatkuva;24.03.2013;19.12.2025;Etelä-Pohjanmaa
3541;3542400;Vääräkoski;W;Vedenkorkeus;35.424;Jatkuva;24.03.2013;19.12.2025;Etelä-Pohjanmaa
3546;0606150;Telkjärvi;W;Vedenkorkeus;06.011;Jatkuva;12.11.2013;19.12.2025;Etelä-Karjala
3548;3503200;Kortejärvi;W;Vedenkorkeus;35.286;Jatkuva;10.01.2014;19.12.2025;Pirkanmaa
3550;4200432;Liikapuron tekojärvi pato;W;Vedenkorkeus;42.078;Jatkuva;17.04.2013;19.12.2025;Etelä-Pohjanmaa
3552;4200290;Jalasjoki, Jalasjärvi;W;Vedenkorkeus;42.043;Jatkuva;12.02.2014;19.12.2025;Etelä-Pohjanmaa
3556;3700600;Lapväärtinjoki Vt8;W;Vedenkorkeus;37.01;Jatkuva;27.05.2014;19.12.2025;Pohjanmaa
3557;8103700;Åminneforsin voimalaitoksen pato;W;Vedenkorkeus;81V078;Jatkuva;31.05.2014;19.12.2025;Uusimaa
3561;3509161;Kuivajärvi;W;Vedenkorkeus;35.973;Jatkuva;25.09.2014;14.11.2025;Kanta-Häme
3562;3509162;Kyynäräjärvi;W;Vedenkorkeus;35.973;Jatkuva;24.09.2014;22.11.2025;Kanta-Häme
3563;3509163;Saloistenjärvi;W;Vedenkorkeus;35.973;Jatkuva;25.09.2014;19.12.2025;Kanta-Häme
3569;3700200;Isojoki, Dagsmark;W;Vedenkorkeus;37.03;Jatkuva;27.09.2014;19.12.2025;Pohjanmaa
3570;4400230;Hipin allas, Kirkkosilta;W;Vedenkorkeus;44.091;Jatkuva;01.01.2013;19.12.2025;Etelä-Pohjanmaa
3573;4701100;Kuninkaanjoki;W;Vedenkorkeus;47.052;Jatkuva;11.12.2014;19.12.2025;Etelä-Pohjanmaa
3577;5300650;Hamari;W;Vedenkorkeus;53.031;Jatkuva;03.03.2015;19.12.2025;Pohjois-Pohjanmaa
3579;3900150;Jurva, Tainuskylä;W;Vedenkorkeus;39.005;Jatkuva;25.03.2015;19.12.2025;Etelä-Pohjanmaa
3591;3510800;Forssa, Loimijoki W;W;Vedenkorkeus;35.923;Jatkuva;19.08.2015;19.12.2025;Kanta-Häme
3594;0407991;Vaahtovankoski;W;Vedenkorkeus;04.273;Jatkuva;05.04.2015;26.12.2015;Pohjois-Savo
3596;3900910;Finby;W;Vedenkorkeus;39.001;Jatkuva;20.10.2015;19.12.2025;Pohjanmaa
3598;0601000;Rakkolanjoki, Vormuinmäki;W;Vedenkorkeus;06.021;Jatkuva;10.11.2015;19.12.2025;Etelä-Karjala
3599;5400160;Pyhäjärvi - luusua;W;Vedenkorkeus;54.051;Jatkuva;07.12.2015;19.12.2025;Pohjois-Pohjanmaa
3600;0409760;Liuna, ylävesi;W;Vedenkorkeus;04.251;Jatkuva;26.01.2016;16.12.2025;Pohjois-Savo
3601;0409770;Liuna, alavesi;W;Vedenkorkeus;04.251;Jatkuva;26.01.2016;16.12.2025;Pohjois-Savo
3603;0409750;Jokijärvi, Joroinen;W;Vedenkorkeus;04.251;Jatkuva;26.01.2016;16.12.2025;Pohjois-Savo
3606;4200451;Kärjenkosken pato;W;Vedenkorkeus;42.073;Jatkuva;24.03.2016;19.12.2025;Etelä-Pohjanmaa
3615;0411440;Vuoksi, Tainionkoski, ylävesi;W;Vedenkorkeus;04.111;Jatkuva;14.06.2016;18.12.2025;Etelä-Karjala
3616;0411530;Vuoksi, Tainionkoski, alavesi;W;Vedenkorkeus;04.111;Jatkuva;14.06.2016;18.12.2025;Etelä-Karjala
3617;0411600;Vuoksi, Imatran vl. ylävesi;W;Vedenkorkeus;04.111;Jatkuva;14.06.2016;18.12.2025;Etelä-Karjala
3618;0411730;Vuoksi, Imatran vl. alavesi;W;Vedenkorkeus;04.191;Jatkuva;14.06.2016;18.12.2025;Etelä-Karjala
3668;4209030;Kauhajoki, Lellava;W;Vedenkorkeus;42.096;Jatkuva;17.04.1984;19.12.2025;Etelä-Pohjanmaa
3669;4203300;Kurikka kk;W;Vedenkorkeus;42.033;Jatkuva;02.01.2017;19.12.2025;Etelä-Pohjanmaa
3672;7100600;Juutuajoki Inari kvl yläp;W;Vedenkorkeus;71.211;Jatkuva;20.01.2017;19.12.2025;Lappi
3675;2801200;Savojärvi;W;Vedenkorkeus;28.005;Jatkuva;11.03.2017;19.12.2025;Varsinais-Suomi
3676;2700355;Paimionjoki, Juntolan yläpuoli;W;Vedenkorkeus;27.02;Jatkuva;09.03.2017;19.12.2025;Varsinais-Suomi
3677;2801000;Paattistenjoki mittapato;W;Vedenkorkeus;28.004;Jatkuva;11.03.2017;19.12.2025;Varsinais-Suomi
3679;0600200;Kalliokoskenoja;W;Vedenkorkeus;06.022;Jatkuva;24.02.2017;19.12.2025;Etelä-Karjala
3680;0600800;Haapajärvi;W;Vedenkorkeus;06.022;Jatkuva;24.02.2017;19.12.2025;Etelä-Karjala
3684;3502314;Katiskoski;W;Vedenkorkeus;35.892;Jatkuva;31.05.2017;18.12.2025;Kanta-Häme
3685;3502316;Suojärvi;W;Vedenkorkeus;35.891;Jatkuva;31.05.2017;18.12.2025;Kanta-Häme
3687;3509850;Kauvatsanjoki, Ahvenuksen silta;W;Vedenkorkeus;35.15;Jatkuva;02.08.1997;19.12.2025;Satakunta
3688;3594000;Punkalaitumenjoki Huittinen;W;Vedenkorkeus;35.941;Jatkuva;03.04.2015;19.12.2025;Satakunta
3689;2400000;Perniönjoki Pohjankoski;W;Vedenkorkeus;24.042;Jatkuva;23.04.2015;19.12.2025;Varsinais-Suomi
3691;3402200;Euran keskusta;W;Vedenkorkeus;34.022;Jatkuva;10.02.2009;19.12.2025;Satakunta
3692;3500003;Luotsinmäki;W;Vedenkorkeus;35.11;Jatkuva;09.04.2015;19.12.2025;Satakunta
3693;3511100;Launainen;W;Vedenkorkeus;35.11;Jatkuva;01.06.2007;19.12.2025;Satakunta
3694;3514200;Harjunpäänjoki, Äijän myllypato;W;Vedenkorkeus;35.143;Jatkuva;01.01.2000;19.12.2025;Satakunta
3695;3613001;Poosjärvi;W;Vedenkorkeus;36.013;Jatkuva;01.01.1966;19.12.2025;Satakunta
3696;3601100;Merikarvia_keskusta;W;Vedenkorkeus;36.011;Jatkuva;20.11.2008;19.12.2025;Satakunta
3697;0411650;Vuoksi, Imatra, padon yläpuoli;W;Vedenkorkeus;04.111;Jatkuva;24.05.2017;18.12.2025;Etelä-Karjala
3702;3700100;Villamo;W;Vedenkorkeus;37.031;Jatkuva;08.11.2017;19.12.2025;Etelä-Pohjanmaa
3720;4200570;Kyrönjoki Malkakoski;W;Vedenkorkeus;42.03;Jatkuva;29.10.2009;19.12.2025;Etelä-Pohjanmaa
3724;0410700;Puruvesi, Kerimäki;W;Vedenkorkeus;04.181;Jatkuva;31.10.2017;19.12.2025;Etelä-Savo
3729;0401313;Valtimojärvi;W;Vedenkorkeus;04.469;Jatkuva;06.07.2021;18.12.2025;Pohjois-Karjala
3730;0407950;Ylä-Pieksä;W;Vedenkorkeus;04.617;Jatkuva;19.05.2018;19.12.2025;Pohjois-Savo
3737;0900400;Lastenlampi;W;Vedenkorkeus;09.002;Jatkuva;17.08.2018;19.12.2025;Etelä-Karjala
3739;2700250;Juvan voimala, ylävesi;W;Vedenkorkeus;27.021;Jatkuva;;;Varsinais-Suomi
3740;2700350;Juntolan voimala, ylävesi;W;Vedenkorkeus;27.013;Jatkuva;;;Varsinais-Suomi
3742;4600500;Kerttuanjärvi;W;Vedenkorkeus;46.061;Jatkuva;01.01.1985;19.12.2025;Etelä-Pohjanmaa
3744;3510500;Kojo_VT11;W;Vedenkorkeus;35.111;Jatkuva;07.09.2018;19.12.2025;Satakunta
3747;3542300;Vääräkoski alavesi;W;Vedenkorkeus;35.424;Jatkuva;12.09.2018;19.12.2025;Etelä-Pohjanmaa
3750;3900300;Säläisjärvi;W;Vedenkorkeus;39.003;Jatkuva;19.12.2018;19.12.2025;Etelä-Pohjanmaa
3773;3503335;Herralanvirran säännöstelypato;W;Vedenkorkeus;35.221;Jatkuva;;;Pirkanmaa
3774;5100900;Lestijoki;W;Vedenkorkeus;51.01;Jatkuva;21.02.2019;19.12.2025;Pohjois-Pohjanmaa
3777;1400870;Kivijärvi, Lokalahti;W;Vedenkorkeus;14.443;Jatkuva;17.12.2015;19.12.2025;Keski-Suomi
3778;3509119;Vähä-Ilmetty;W;Vedenkorkeus;35.984;Jatkuva;27.08.2019;17.12.2025;Kanta-Häme
3839;8312700;Långträsket, Iskmo;W;Vedenkorkeus;83V127;Jatkuva;24.03.2020;07.12.2022;Pohjanmaa
3862;0408080;Konnus, tulvakanava, ylä;W;Vedenkorkeus;04.272;Jatkuva;14.01.2021;19.12.2025;Pohjois-Savo
3929;3606100;Kodesjärvi, laskujoki;W;Vedenkorkeus;36.034;Jatkuva;31.05.2022;19.12.2025;Etelä-Pohjanmaa
3930;2406201;Kaunistonkoski y;W;Vedenkorkeus;24.062;Jatkuva;01.06.2022;15.12.2025;Varsinais-Suomi
3896;4700650;Herrfors, Ylävesi;W;Vedenkorkeus;47.012;Jatkuva;04.03.2021;19.12.2025;Pohjanmaa
3898;4700700;Finnholm, Ylävesi;W;Vedenkorkeus;47.013;Jatkuva;03.03.2021;19.12.2025;Pohjanmaa
3950;4207100;Rengon pato, yläveden pinta;W;Vedenkorkeus;42.072;Jatkuva;20.07.2006;19.12.2025;Etelä-Pohjanmaa
4003;8204701;Raisionjoki, Huhko;W;Vedenkorkeus;82.047;Jatkuva;20.08.2025;19.12.2025;Varsinais-Suomi
1992;1404392;Lankajärvi;W;Vedenkorkeus;14.356;Lopetettu;01.01.1970;31.12.1978;Keski-Suomi
1994;1404410;Saraavesi, Kuhankoski;W;Vedenkorkeus;14.321;Lopetettu;01.01.1910;31.12.1948;Keski-Suomi
1995;1404500;Leppävesi, Kaunisharju;W;Vedenkorkeus;14.311;Lopetettu;01.01.1910;31.12.1920;Keski-Suomi
1999;1404700;Jyväsjärvi;W;Vedenkorkeus;14.231;Lopetettu;01.01.1909;31.12.1956;Keski-Suomi
2005;1405100;Salosvesi;W;Vedenkorkeus;14.523;Lopetettu;18.09.1909;31.12.1991;Keski-Suomi
2006;1405200;Kankarisvesi;W;Vedenkorkeus;14.512;Lopetettu;01.01.1910;31.12.1965;Keski-Suomi
2008;1405220;Jämsänkoski, ala;W;Vedenkorkeus;14.512;Lopetettu;01.01.1923;31.08.1925;Keski-Suomi
2013;1405400;Lummene;W;Vedenkorkeus;14.254;Lopetettu;27.09.1909;31.12.1995;Pirkanmaa
2017;1405600;Jääsjärvi, Joutsa;W;Vedenkorkeus;14.831;Lopetettu;13.10.1909;30.06.1992;Keski-Suomi
2019;1405800;Joutsjärvi;W;Vedenkorkeus;14.812;Lopetettu;01.01.1910;31.12.1993;Päijät-Häme
2020;1405900;Nuoramoisjärvi;W;Vedenkorkeus;14.811;Lopetettu;01.01.1910;31.12.1942;Päijät-Häme
2021;1406000;Päijänne, Sysmä;W;Vedenkorkeus;14.221;Lopetettu;01.01.1910;31.12.1993;Päijät-Häme
2022;1406010;Päijänne, etelä;W;Vedenkorkeus;14.221;Lopetettu;09.08.1940;31.01.1971;Päijät-Häme
2023;1406020;Päijänne, Padasjoki;W;Vedenkorkeus;14.221;Lopetettu;21.01.1971;20.01.2024;Päijät-Häme
2025;1406200;Vesijärvi, Vääksy, ylä;W;Vedenkorkeus;14.241;Lopetettu;03.07.1870;31.12.1995;Päijät-Häme
2026;1406220;Vääksynjoki;W;Vedenkorkeus;14.241;Lopetettu;01.04.1973;31.12.1982;Päijät-Häme
2027;1406300;Päijänne, Vääksy, ala;W;Vedenkorkeus;14.241;Lopetettu;01.01.1871;31.12.1995;Päijät-Häme
2028;1406400;Päijänne, Kopsuo;W;Vedenkorkeus;14.211;Lopetettu;01.01.1909;31.12.1942;Päijät-Häme
2029;1406500;Päijänne, Kalkkinen;W;Vedenkorkeus;14.211;Lopetettu;01.01.1879;31.12.1965;Päijät-Häme
2032;1406600;Kalkkinen, ala;W;Vedenkorkeus;14.141;Lopetettu;01.01.1879;31.12.1965;Päijät-Häme
2042;1407011;Eskola;W;Vedenkorkeus;14.122;Lopetettu;01.01.1970;30.06.1981;Päijät-Häme
2043;1407100;Iso-Käyrä;W;Vedenkorkeus;14.122;Lopetettu;01.01.1909;30.04.1949;Päijät-Häme
2046;1407200;Pyhäjärvi, Virtasalmi;W;Vedenkorkeus;14.121;Lopetettu;01.01.1901;30.06.1992;Päijät-Häme
2047;1407300;Pyhäjärvi, Jaala;W;Vedenkorkeus;14.121;Lopetettu;10.09.1908;31.12.1962;Kymenlaakso
2051;1407500;Puulavesi, pohj.;W;Vedenkorkeus;14.923;Lopetettu;01.01.1910;31.12.1997;Etelä-Savo
2052;1407600;Puulavesi, Otava;W;Vedenkorkeus;14.923;Lopetettu;03.06.1909;31.12.1990;Etelä-Savo
2054;1407800;Ryökäsvesi, Hirvensalmi;W;Vedenkorkeus;14.922;Lopetettu;01.01.1885;31.12.1966;Etelä-Savo
2056;1407820;Liekune;W;Vedenkorkeus;14.922;Lopetettu;01.01.1927;31.12.1941;Etelä-Savo
2058;1407900;Tuusjärvi, Tuustaipale, ylä;W;Vedenkorkeus;14.914;Lopetettu;27.05.1909;31.12.1995;Etelä-Savo
2060;1408050;Saittalampi;W;Vedenkorkeus;14.916;Lopetettu;01.04.1979;27.04.2020;Etelä-Savo
2063;1408300;Vuohijärvi, Hillosensalmi;W;Vedenkorkeus;14.981;Lopetettu;25.05.1909;30.06.1992;Kymenlaakso
2070;1408500;Pyhäjärvi, Saukkola;W;Vedenkorkeus;14.121;Lopetettu;01.01.1910;31.05.1932;Kymenlaakso
2071;1408600;Voikkaa, ylä;W;Vedenkorkeus;14.121;Lopetettu;01.01.1909;31.12.1922;Kymenlaakso
2073;1408700;Voikkaa, ala;W;Vedenkorkeus;14.115;Lopetettu;16.09.1908;31.12.1922;Kymenlaakso
2076;1409000;Immasenjärvi;W;Vedenkorkeus;14.183;Lopetettu;24.08.1909;29.02.1948;Kymenlaakso
2077;1409010;Tirvanjärvi;W;Vedenkorkeus;14.182;Lopetettu;01.01.1961;31.12.1964;Kymenlaakso
2078;1409100;Haukkajärvi;W;Vedenkorkeus;14.182;Lopetettu;01.01.1910;31.12.1960;Kymenlaakso
2081;1409200;Lappalanjärvi;W;Vedenkorkeus;14.181;Lopetettu;07.08.1909;31.12.1937;Kymenlaakso
2082;1409210;Harju;W;Vedenkorkeus;14.181;Lopetettu;10.06.1901;31.12.1938;Kymenlaakso
2086;1409400;Kuusankoski, ala;W;Vedenkorkeus;14.114;Lopetettu;22.09.1908;31.12.1925;Kymenlaakso
2088;1409500;Keltti, ylä;W;Vedenkorkeus;14.114;Lopetettu;01.01.1910;31.12.1940;Kymenlaakso
2089;1409510;Keltti, ylä;W;Vedenkorkeus;14.114;Lopetettu;12.07.1900;31.12.1904;Kymenlaakso
2097;1410100;Huruksela;W;Vedenkorkeus;14.111;Lopetettu;01.01.1910;30.06.1992;Kymenlaakso
2098;1410110;Susikoski;W;Vedenkorkeus;14.111;Lopetettu;01.01.1934;31.12.2007;Kymenlaakso
2100;1410210;Ahvio, ala;W;Vedenkorkeus;14.111;Lopetettu;15.08.1900;31.12.1902;Kymenlaakso
2101;1410300;Ahvio, ala;W;Vedenkorkeus;14.111;Lopetettu;08.09.1909;28.03.1983;Kymenlaakso
2103;1410410;Ruhakoski;W;Vedenkorkeus;14.111;Lopetettu;12.02.1931;29.02.1984;Kymenlaakso
2104;1410500;Pernoo, ala;W;Vedenkorkeus;14.111;Lopetettu;14.09.1909;30.06.1992;Kymenlaakso
2106;1410700;Sutela;W;Vedenkorkeus;14.111;Lopetettu;16.09.1909;30.06.1992;Kymenlaakso
2107;1410800;Hirvikoski;W;Vedenkorkeus;14.111;Lopetettu;01.01.1910;31.12.1932;Kymenlaakso
2108;1410810;Hirvivuolle, ylä;W;Vedenkorkeus;14.111;Lopetettu;01.01.1933;30.09.1982;Kymenlaakso
2109;1410820;Hirvivuolle, ala;W;Vedenkorkeus;14.111;Lopetettu;07.04.1932;24.11.2000;Kymenlaakso
2112;1410920;Villikkalanjoki, Joensuu;W;Vedenkorkeus;14.116;Lopetettu;01.01.1952;31.12.1965;Kymenlaakso
2113;1410930;Villikkalanjoki, Ahola;W;Vedenkorkeus;14.116;Lopetettu;01.03.1966;15.07.1988;Kymenlaakso
2114;1410940;Villikkalanjoki, Raussila;W;Vedenkorkeus;14.116;Lopetettu;01.01.1970;31.08.1979;Kymenlaakso
2116;1411120;Strömfors, ala;W;Vedenkorkeus;14.111;Lopetettu;01.01.1926;31.12.1971;Uusimaa
2119;1600400;Rosilampi;W;Vedenkorkeus;16.002;Lopetettu;13.02.1958;31.12.1990;Uusimaa
2120;1800200;Kukonkoski;W;Vedenkorkeus;18.051;Lopetettu;01.01.1982;31.08.1992;Päijät-Häme
2121;1800300;Patomäenkoski;W;Vedenkorkeus;18.042;Lopetettu;01.01.1993;31.12.1995;Päijät-Häme
2134;2101510;Hanaböle;W;Vedenkorkeus;21.091;Lopetettu;01.01.1941;31.12.1968;Uusimaa
2136;2101700;Oulunkylä;W;Vedenkorkeus;21.011;Lopetettu;01.01.1912;30.11.1973;Uusimaa
2137;2200300;Palojärvi;W;Vedenkorkeus;22.003;Lopetettu;20.10.1910;31.08.1968;Uusimaa
2139;2200610;Siuntionjoki;W;Vedenkorkeus;22.001;Lopetettu;01.01.1969;14.08.1975;Uusimaa
2142;2300140;Keritty;W;Vedenkorkeus;23.054;Lopetettu;01.01.1971;31.12.1992;Kanta-Häme
2144;2300160;Sakara;W;Vedenkorkeus;23.052;Lopetettu;01.01.1971;31.12.1995;Kanta-Häme
2147;2300510;Hiidenvesi;W;Vedenkorkeus;23.031;Lopetettu;06.02.1958;30.06.1983;Uusimaa
2148;2300800;Sitarla;W;Vedenkorkeus;23.061;Lopetettu;01.01.1913;31.12.1990;Uusimaa
2150;2300910;Lohjanjärvi, Bällby;W;Vedenkorkeus;23.021;Lopetettu;01.08.1929;31.12.1989;Uusimaa
2151;2300930;Åkerfors, ala;W;Vedenkorkeus;23.012;Lopetettu;01.01.1938;31.12.1994;Uusimaa
2152;2400300;Koski, ylä;W;Vedenkorkeus;24.021;Lopetettu;01.01.1970;31.12.1987;Varsinais-Suomi
2153;2400400;Koski, ala;W;Vedenkorkeus;24.012;Lopetettu;01.01.1963;31.10.1998;Varsinais-Suomi
2155;2700100;Somero;W;Vedenkorkeus;27.032;Lopetettu;01.01.1963;31.12.1984;Varsinais-Suomi
2323;4700310;Lappajärvi, Halkosaari;W;Vedenkorkeus;47.031;Lopetettu;16.02.1939;31.12.1963;Etelä-Pohjanmaa
2325;4700410;Evijärvi, Kivisilta;W;Vedenkorkeus;47.021;Lopetettu;01.11.1932;30.04.1995;Etelä-Pohjanmaa
2329;4900240;Halsuanjoki, Polso;W;Vedenkorkeus;49.032;Lopetettu;01.07.1978;30.06.1992;Keski-Pohjanmaa
2331;4900400;Pelon silta;W;Vedenkorkeus;49.021;Lopetettu;01.01.1962;31.12.1982;Pohjanmaa
2333;4900500;Perho;W;Vedenkorkeus;49.012;Lopetettu;01.01.1912;31.12.1981;Keski-Pohjanmaa
2335;5000400;Jatkojoki;W;Vedenkorkeus;50.001;Lopetettu;01.01.1930;29.02.1964;Keski-Pohjanmaa
2337;5100300;Kannus;W;Vedenkorkeus;51.021;Lopetettu;05.08.1910;31.05.1975;Keski-Pohjanmaa
2339;5300100;Reisjärvi;W;Vedenkorkeus;53.053;Lopetettu;01.04.1912;31.12.1963;Pohjois-Pohjanmaa
2341;5300210;Haapajärvi;W;Vedenkorkeus;53.043;Lopetettu;01.01.1952;31.12.1963;Pohjois-Pohjanmaa
2344;5300500;Raudaskoski;W;Vedenkorkeus;53.032;Lopetettu;01.04.1912;31.12.1978;Pohjois-Pohjanmaa
2345;5300510;Raudaskoski;W;Vedenkorkeus;53.032;Lopetettu;01.08.1978;27.08.1979;Pohjois-Pohjanmaa
2346;5300600;Ylivieska;W;Vedenkorkeus;53.022;Lopetettu;14.09.1911;28.02.1981;Pohjois-Pohjanmaa
2347;5300700;Alavieska;W;Vedenkorkeus;53.022;Lopetettu;01.01.1913;31.12.1932;Pohjois-Pohjanmaa
2348;5300710;Alavieska;W;Vedenkorkeus;53.022;Lopetettu;01.07.1912;31.12.1979;Pohjois-Pohjanmaa
2350;5300800;Tynkä;W;Vedenkorkeus;53.012;Lopetettu;01.01.1911;31.12.1990;Pohjois-Pohjanmaa
2351;5301100;Vääräjoki, Rautio;W;Vedenkorkeus;53.091;Lopetettu;29.04.1913;31.12.1993;Pohjois-Pohjanmaa
2353;5400110;Pyhäjärvi, etelä;W;Vedenkorkeus;54.044;Lopetettu;24.09.1986;30.04.1992;Pohjois-Pohjanmaa
2354;5400120;Kuppaankoski;W;Vedenkorkeus;54.044;Lopetettu;01.01.1937;26.02.1959;Pohjois-Pohjanmaa
2356;5400210;Mieluskoski;W;Vedenkorkeus;54.022;Lopetettu;01.09.1979;30.06.1992;Pohjois-Pohjanmaa
2357;5400220;Haapakoski;W;Vedenkorkeus;54.031;Lopetettu;01.09.1993;31.12.1995;Pohjois-Pohjanmaa
2358;5400300;Napurinkallio;W;Vedenkorkeus;54.012;Lopetettu;22.06.1933;30.04.1971;Pohjois-Pohjanmaa
2359;5400400;Pyhänkoski;W;Vedenkorkeus;54.012;Lopetettu;01.01.1912;21.11.1984;Pohjois-Pohjanmaa
2362;5700200;Sipola;W;Vedenkorkeus;57.022;Lopetettu;26.10.1935;31.12.1970;Pohjois-Pohjanmaa
2364;5700300;Mankila;W;Vedenkorkeus;57.021;Lopetettu;01.11.1935;31.12.1974;Pohjois-Pohjanmaa
2370;5900200;Kiantajärvi, Suomussalmi;W;Vedenkorkeus;59.511;Lopetettu;01.01.1896;31.12.1962;Kainuu
2371;5900210;Kiantajärvi, Ämmänsaari;W;Vedenkorkeus;59.511;Lopetettu;01.01.1951;31.12.1957;Kainuu
2373;5900340;Iso Parvajärvi;W;Vedenkorkeus;59.651;Lopetettu;05.02.1976;19.06.2018;Kainuu
2376;5900500;Niemelänjärvi;W;Vedenkorkeus;59.721;Lopetettu;01.04.1951;17.06.1975;Kainuu
2382;5901000;Iijärvi;W;Vedenkorkeus;59.412;Lopetettu;01.01.1947;31.12.1967;Kainuu
2388;5901830;Alasjärvi;W;Vedenkorkeus;59.976;Lopetettu;12.10.1976;31.12.1993;Kainuu
2390;5902000;Lammasjärvi;W;Vedenkorkeus;59.912;Lopetettu;01.01.1896;31.12.1940;Kainuu
2392;5902110;Murtosalmi;W;Vedenkorkeus;59.941;Lopetettu;20.11.1938;31.03.1981;Kainuu
2393;5902200;Ontojärvi, Tervasalmi;W;Vedenkorkeus;59.911;Lopetettu;01.01.1912;31.12.1965;Kainuu
2395;5902230;Ontojärvi, Katerma;W;Vedenkorkeus;59.911;Lopetettu;15.11.1950;30.04.1981;Kainuu
2396;5902300;Iso-Kiimanen;W;Vedenkorkeus;59.823;Lopetettu;16.07.1910;30.01.1964;Kainuu
2398;5902500;Nuasjärvi, itä;W;Vedenkorkeus;59.811;Lopetettu;01.01.1896;15.10.1998;Kainuu
2401;5902700;Koivukoski, ylä;W;Vedenkorkeus;59.811;Lopetettu;01.01.1896;31.12.1995;Kainuu
2402;5902900;Ämmäkoski, ylä;W;Vedenkorkeus;59.331;Lopetettu;01.05.1891;31.12.1912;Kainuu
2403;5903100;Kajaani;W;Vedenkorkeus;59.331;Lopetettu;22.07.1910;31.12.1990;Kainuu
2404;5903200;Oulujärvi, Jormua;W;Vedenkorkeus;59.331;Lopetettu;04.06.1938;31.12.1969;Kainuu
2406;5903300;Oulujärvi, Vuolijoki;W;Vedenkorkeus;59.321;Lopetettu;01.06.1938;31.12.1963;Kainuu
2407;5903320;Oulujärvi, Manamansalo;W;Vedenkorkeus;59.311;Lopetettu;01.01.1970;31.12.1992;Pohjois-Pohjanmaa
2411;5903500;Vaala;W;Vedenkorkeus;59.311;Lopetettu;01.01.1896;19.10.1950;Pohjois-Pohjanmaa
2412;5903530;Alajärvi;W;Vedenkorkeus;59.261;Lopetettu;17.05.1949;31.12.1952;Pohjois-Pohjanmaa
2413;5904000;Sotkajärvi;W;Vedenkorkeus;59.131;Lopetettu;28.07.1910;31.12.1966;Pohjois-Pohjanmaa
2414;5904200;Muhos;W;Vedenkorkeus;59.112;Lopetettu;16.06.1910;31.12.1961;Pohjois-Pohjanmaa
2417;6000160;Auhojärvi;W;Vedenkorkeus;60.083;Lopetettu;11.01.1977;31.12.1993;Kainuu
2419;6000300;Kiiminki;W;Vedenkorkeus;60.011;Lopetettu;01.02.1962;31.08.1991;Pohjois-Pohjanmaa
2421;6100110;Poussunjärvi;W;Vedenkorkeus;61.333;Lopetettu;01.01.1961;31.12.1994;Pohjois-Pohjanmaa
2422;6100120;Keski-Kero;W;Vedenkorkeus;61.322;Lopetettu;01.01.1961;31.12.1965;Pohjois-Pohjanmaa
2424;6100210;Irnijärvi, Runtti;W;Vedenkorkeus;61.313;Lopetettu;01.01.1960;31.12.1964;Pohjois-Pohjanmaa
2427;6100240;Kurtinjärvi;W;Vedenkorkeus;61.392;Lopetettu;01.04.1980;30.04.1992;Pohjois-Pohjanmaa
2429;6100310;Kuoliojoki;W;Vedenkorkeus;61.671;Lopetettu;01.01.1965;30.04.1970;Pohjois-Pohjanmaa
2430;6100320;Kuoliojoki;W;Vedenkorkeus;61.671;Lopetettu;04.05.1970;31.12.1990;Pohjois-Pohjanmaa
2432;6100400;Koitijärvi;W;Vedenkorkeus;61.612;Lopetettu;01.10.1955;31.12.1991;Pohjois-Pohjanmaa
2434;6100610;Naamankajärvi;W;Vedenkorkeus;61.761;Lopetettu;08.08.1960;19.06.2018;Kainuu
2435;6100614;Näljänkäjärvi;W;Vedenkorkeus;61.771;Lopetettu;01.02.1977;31.12.1994;Kainuu
2437;6100630;Korvuanjärvi;W;Vedenkorkeus;61.753;Lopetettu;26.02.1960;18.06.2018;Kainuu
2440;6100900;Kurenalus;W;Vedenkorkeus;61.211;Lopetettu;01.01.1956;12.05.1975;Pohjois-Pohjanmaa
2441;6100910;Kurenalus;W;Vedenkorkeus;61.211;Lopetettu;08.10.1975;30.06.1985;Pohjois-Pohjanmaa
2443;6101200;Livojoki, Hanhikoski;W;Vedenkorkeus;61.512;Lopetettu;08.09.1959;31.08.1970;Pohjois-Pohjanmaa
2445;6101400;Kipinä;W;Vedenkorkeus;61.124;Lopetettu;20.09.1955;31.12.1995;Pohjois-Pohjanmaa
2447;6101700;Yli-Ii;W;Vedenkorkeus;61.121;Lopetettu;21.09.1959;31.12.1967;Pohjois-Pohjanmaa
2448;6101800;Maalismaa;W;Vedenkorkeus;61.121;Lopetettu;01.01.1968;31.12.1991;Pohjois-Pohjanmaa
2449;6101900;Merikoski;W;Vedenkorkeus;84V107;Lopetettu;01.01.1911;20.06.1971;Pohjois-Pohjanmaa
2451;6300200;Kuivaniemi;W;Vedenkorkeus;63.011;Lopetettu;01.01.1912;31.12.1979;Pohjois-Pohjanmaa
2454;6400300;Portimonsalmi;W;Vedenkorkeus;64.033;Lopetettu;03.05.1961;31.12.1995;Lappi
2456;6400400;Simo;W;Vedenkorkeus;64.012;Lopetettu;10.04.1912;31.12.1963;Lappi
2459;6500240;Angeljoki;W;Vedenkorkeus;65.929;Lopetettu;13.10.1976;31.12.1988;Lappi
2464;6500500;Kitinen, Kairala;W;Vedenkorkeus;65.812;Lopetettu;19.08.1921;31.12.1960;Lappi
2465;6500510;Kitinen, Kokkosniva;W;Vedenkorkeus;65.813;Lopetettu;22.03.1959;31.12.1989;Lappi
2470;6501500;Yli-Suolijärvi;W;Vedenkorkeus;65.393;Lopetettu;06.04.1948;31.12.1959;Lappi
2472;6501600;Ala-Suolijärvi;W;Vedenkorkeus;65.392;Lopetettu;02.04.1948;29.08.1973;Lappi
2477;6502011;Kemijärvi, Luusua;W;Vedenkorkeus;65.311;Lopetettu;01.01.1950;31.12.1965;Lappi
2479;6502040;Lautasalmi;W;Vedenkorkeus;65.311;Lopetettu;12.03.1954;31.12.1964;Lappi
3905;6501510;Yli-Suolijärvi;W;Vedenkorkeus;65.393;Lopetettu;01.05.1959;30.06.1976;Lappi
3860;4200435;Jouttikoski, Testiasema;W;Vedenkorkeus;42.072;Lopetettu;07.04.2021;05.05.2021;Etelä-Pohjanmaa
3816;2701400;Paimion Vähäjoki;W;Vedenkorkeus;27.014;Lopetettu;22.01.2020;17.10.2025;Varsinais-Suomi
2489;6502150;Juottaan tekojärvi;W;Vedenkorkeus;65.271;Lopetettu;01.01.1970;30.09.2015;Lappi
2490;6502200;Viiri;W;Vedenkorkeus;65.212;Lopetettu;15.08.1918;31.12.1967;Lappi
2493;6502500;Olkkajärvi;W;Vedenkorkeus;65.712;Lopetettu;01.11.1949;31.12.1969;Lappi
2500;6503400;Ounasjoki,;W;Vedenkorkeus;65.523;Lopetettu;27.11.1940;31.12.1964;Lappi
2503;6503700;Ounasjoki, Marraskoski;W;Vedenkorkeus;65.521;Lopetettu;01.01.1919;31.10.1970;Lappi
2505;6503800;Ounaskoski, ylä;W;Vedenkorkeus;65.211;Lopetettu;09.02.1935;28.02.1996;Lappi
2508;6504030;Rautionsuvanto;W;Vedenkorkeus;65.131;Lopetettu;15.04.1946;31.12.1965;Lappi
2511;6504080;Narkauskoski, ylä;W;Vedenkorkeus;65.121;Lopetettu;14.09.1940;29.12.1963;Lappi
2512;6504088;Narkauskoski, ylä;W;Vedenkorkeus;65.121;Lopetettu;01.01.1971;30.04.1977;Lappi
2514;6504222;Ossauskoski, ala;W;Vedenkorkeus;65.112;Lopetettu;01.01.1968;31.12.1970;Lappi
2516;6504244;Paakkola;W;Vedenkorkeus;65.112;Lopetettu;21.09.1949;19.01.1963;Lappi
2517;6504250;Taivalkoski, ylä;W;Vedenkorkeus;65.112;Lopetettu;27.09.1940;30.11.1967;Lappi
2520;6504420;Isohaara, ala;W;Vedenkorkeus;65.111;Lopetettu;01.01.1970;29.02.1992;Lappi
2523;6700300;Könkämäeno, Ropinsalmi;W;Vedenkorkeus;67.67;Lopetettu;01.07.1971;31.12.1990;Lappi
2524;6700400;Könkämäeno, Luspajärämä;W;Vedenkorkeus;67.61;Lopetettu;01.07.1971;31.12.1990;Lappi
2525;6700420;Rommaeno;W;Vedenkorkeus;67.761;Lopetettu;01.07.1971;31.08.1977;Lappi
2526;6700440;Poroeno, Munnikurkkio;W;Vedenkorkeus;67.73;Lopetettu;01.07.1971;31.05.1979;Lappi
2527;6700500;Muonionjoki, Kaaresuvanto;W;Vedenkorkeus;67.531;Lopetettu;26.08.1958;22.10.1963;Lappi
2529;6700540;Palojoki;W;Vedenkorkeus;67.571;Lopetettu;01.07.1971;30.06.1992;Lappi
2530;6700600;Muonionjoki, Kätkäsuvanto;W;Vedenkorkeus;67.431;Lopetettu;01.07.1971;30.11.1989;Lappi
2531;6700700;Jerisjärvi;W;Vedenkorkeus;67.473;Lopetettu;12.09.1938;12.08.2015;Lappi
2533;6701000;Äkäsjoensuu;W;Vedenkorkeus;67.341;Lopetettu;04.09.1958;30.06.1992;Lappi
2534;6701100;Ylläsjoki;W;Vedenkorkeus;67.371;Lopetettu;24.09.1960;31.12.1972;Lappi
2537;6701600;Kattilakoski;W;Vedenkorkeus;67.211;Lopetettu;01.09.1937;31.12.1964;Lappi
2542;6702000;Portimojärvi;W;Vedenkorkeus;67.912;Lopetettu;28.04.1936;31.07.1986;Lappi
2543;6702010;Törmäslompolo;W;Vedenkorkeus;67.913;Lopetettu;01.01.1961;30.06.1988;Lappi
2545;6702020;Lohijärvi;W;Vedenkorkeus;67.922;Lopetettu;01.01.1963;31.12.1984;Lappi
2546;6702100;Vuennonkoski;W;Vedenkorkeus;67.131;Lopetettu;01.01.1960;31.12.1990;Lappi
2549;6702300;Liakanjoki;W;Vedenkorkeus;67.111;Lopetettu;14.09.1958;31.12.1993;Lappi
2550;6702510;Tornio;W;Vedenkorkeus;67.111;Lopetettu;01.01.1938;31.12.1995;Lappi
2558;7101000;Ukonjärvi;W;Vedenkorkeus;71.111;Lopetettu;23.07.1951;31.12.1995;Lappi
2560;7101300;Ivalojoki, Toloskoski;W;Vedenkorkeus;71.413;Lopetettu;01.08.1921;31.12.1980;Lappi
2563;7101600;Inari, Kessivuono;W;Vedenkorkeus;71.111;Lopetettu;24.07.1925;29.02.1980;Lappi
2566;7101900;Paatsjoki, Teproköngäs;W;Vedenkorkeus;71.;Lopetettu;01.01.1944;30.04.1951;Lappi
2567;7200100;Yli-Nuortti;W;Vedenkorkeus;72.044;Lopetettu;01.01.1987;31.05.1992;Lappi
2572;7300230;Yli-Kitka, Honkasalmi;W;Vedenkorkeus;73.025;Lopetettu;26.08.1986;31.12.1993;Lappi
2573;7300300;Ylä-Juumajärvi;W;Vedenkorkeus;73.022;Lopetettu;01.01.1968;30.06.1992;Pohjois-Pohjanmaa
2574;7301100;Vuotunki;W;Vedenkorkeus;73.042;Lopetettu;01.01.1963;31.12.1995;Pohjois-Pohjanmaa
2576;7301800;Suininki;W;Vedenkorkeus;73.043;Lopetettu;01.07.1971;31.12.1993;Pohjois-Pohjanmaa
2577;7400200;Kuusamojärvi;W;Vedenkorkeus;74.031;Lopetettu;01.01.1938;31.12.1996;Pohjois-Pohjanmaa
2579;8203000;Lemström;W;Vedenkorkeus;94.11;Lopetettu;01.01.1970;31.12.1988;Ahvenanmaa
2610;5900181;Hamppusperä;W;Vedenkorkeus;59.541;Lopetettu;31.12.1980;30.11.2007;Kainuu
2611;5900182;Itäjärvi;W;Vedenkorkeus;59.546;Lopetettu;31.12.1980;22.08.2005;Kainuu
2612;5900183;Pieni-Pesiöjärvi;W;Vedenkorkeus;59.542;Lopetettu;30.03.1981;22.08.2005;Kainuu
2613;5900184;Mustajärvi;W;Vedenkorkeus;59.543;Lopetettu;31.12.1980;31.08.2005;Kainuu
2614;5900185;Lapinlampi;W;Vedenkorkeus;59.542;Lopetettu;31.12.1980;30.11.2007;Kainuu
2615;5900186;Vaatojärvi;W;Vedenkorkeus;59.541;Lopetettu;30.11.1980;01.08.2001;Kainuu
2616;5900187;Rapuanlampi;W;Vedenkorkeus;59.544;Lopetettu;27.01.1990;31.12.2009;Kainuu
2617;5900188;Tuomijoki;W;Vedenkorkeus;59.544;Lopetettu;17.04.1991;22.08.2005;Kainuu
2618;5902131;Alajärvi;W;Vedenkorkeus;59.991;Lopetettu;02.04.1984;09.02.1994;Kainuu
2619;5900101;Iijärvi;W;Vedenkorkeus;59.531;Lopetettu;15.01.1991;23.05.1993;Pohjois-Pohjanmaa
2620;5901301;Iivantiira;W;Vedenkorkeus;59.922;Lopetettu;03.04.1984;16.08.1984;Kainuu
2621;5902281;Iso-tipasjärvi;W;Vedenkorkeus;59.853;Lopetettu;14.12.1982;30.11.1985;Kainuu
2622;5901601;Juolunkajärvi;W;Vedenkorkeus;59.952;Lopetettu;30.12.1988;19.12.1991;Kainuu
2623;5902121;Jämäsjärvi;W;Vedenkorkeus;59.981;Lopetettu;03.04.1984;15.08.1984;Kainuu
2624;5901121;Kaihlanen;W;Vedenkorkeus;59.342;Lopetettu;20.10.1988;03.11.1999;Pohjois-Pohjanmaa
2625;5901611;Kaurojärvi;W;Vedenkorkeus;59.953;Lopetettu;04.01.1989;01.12.1991;Kainuu
2626;5901401;Luulajanjärvi;W;Vedenkorkeus;59.962;Lopetettu;04.04.1984;15.08.1984;Kainuu
2627;5902541;Särämäjärvi;W;Vedenkorkeus;59.813;Lopetettu;19.12.1990;22.09.1993;Kainuu
2628;5901612;Veräinen;W;Vedenkorkeus;59.953;Lopetettu;10.01.1989;08.12.1991;Kainuu
2629;5900189;Heinäjoki;W;Vedenkorkeus;59.545;Lopetettu;11.06.1993;30.06.2003;Kainuu
2630;5901211;Mainuanjärvi;W;Vedenkorkeus;59.371;Lopetettu;02.01.1955;30.05.1983;Kainuu
2631;5903441;Paatinjärvi;W;Vedenkorkeus;59.265;Lopetettu;08.02.1989;13.01.2001;Pohjois-Pohjanmaa
2632;6000111;Ristijärvi;W;Vedenkorkeus;60.052;Lopetettu;07.02.1985;31.12.1994;Kainuu
2633;6000112;Vihajärvi;W;Vedenkorkeus;60.053;Lopetettu;03.02.1987;29.12.1994;Kainuu
2634;6100641;Askanjärvi;W;Vedenkorkeus;61.782;Lopetettu;14.07.1988;27.12.1992;Kainuu
2635;6100602;Harjajärvi;W;Vedenkorkeus;61.762;Lopetettu;13.07.1988;12.05.1993;Kainuu
2636;6100612;Hietajärvi;W;Vedenkorkeus;61.732;Lopetettu;20.07.1988;08.05.1993;Kainuu
2637;6100604;Jokijärvi;W;Vedenkorkeus;61.762;Lopetettu;05.07.1988;15.12.1992;Kainuu
2638;6100603;Kaihlanen;W;Vedenkorkeus;61.762;Lopetettu;05.07.1988;15.12.1992;Kainuu
2639;6100601;Leväjärvi;W;Vedenkorkeus;61.762;Lopetettu;13.07.1988;12.05.1993;Kainuu
2640;6100611;Lylyjärvi;W;Vedenkorkeus;61.732;Lopetettu;06.07.1988;07.05.1993;Kainuu
2652;8201000;Myllyjärvi;W;Vedenkorkeus;82.058;Lopetettu;26.01.1988;28.01.2011;Varsinais-Suomi
2653;3509330;Loimijoki, Tammiaisten silta;W;Vedenkorkeus;35.914;Lopetettu;10.04.1969;29.06.2002;Varsinais-Suomi
2655;3509340;Loimijoki, Tamareen silta;W;Vedenkorkeus;35.914;Lopetettu;19.12.1960;31.01.2011;Satakunta
2656;8300200;Kaljasjärvi;W;Vedenkorkeus;83.012;Lopetettu;09.10.1980;31.10.2010;Varsinais-Suomi
2657;3100100;Elijärvi;W;Vedenkorkeus;31.003;Lopetettu;15.09.1960;31.12.2009;Varsinais-Suomi
2665;3600330;Ruokojärvi;W;Vedenkorkeus;36.027;Lopetettu;01.01.1972;22.12.2020;Satakunta
2666;3600900;Hirvijärvi;W;Vedenkorkeus;36.062;Lopetettu;01.01.1963;26.12.2009;Satakunta
2668;3600210;Karvianjoki,Vahokoski, Kuusela;W;Vedenkorkeus;36.033;Lopetettu;01.01.1967;10.11.2009;Satakunta
2673;3509710;Vesikoski;W;Vedenkorkeus;35.922;Lopetettu;01.01.2000;31.12.2005;Varsinais-Suomi
2676;4600100;Purmojärvi;W;Vedenkorkeus;46.041;Lopetettu;05.02.1983;21.12.1998;Etelä-Pohjanmaa
2695;4400130;Kauhajärvi;W;Vedenkorkeus;44.063;Lopetettu;24.04.1961;29.12.1974;Etelä-Pohjanmaa
2698;4400111;Rantatöysänjärvi, mt.silta;W;Vedenkorkeus;44.071;Lopetettu;01.03.1963;31.12.2005;Etelä-Pohjanmaa
2717;4900210;Halsuanjoki, Lehtomaan silta;W;Vedenkorkeus;49.032;Lopetettu;01.01.1989;30.09.1996;Keski-Pohjanmaa
2738;4200412;Seinäjoki, Seinäjoen pato;W;Vedenkorkeus;42.071;Lopetettu;05.09.2002;17.10.2015;Etelä-Pohjanmaa
2765;0101100;Jänisjoki, Saario, ylä;W;Vedenkorkeus;01.012;Lopetettu;01.01.1965;31.08.2007;Pohjois-Karjala
2767;0101000;Jänisjoki, Vihtakoski, ylä;W;Vedenkorkeus;01.013;Lopetettu;01.01.1965;31.08.2007;Pohjois-Karjala
2770;0100300;Konnunniemenkoski y;W;Vedenkorkeus;01.031;Lopetettu;01.06.1977;06.11.1998;Pohjois-Karjala
2790;0405111;Täitimenjärvi;W;Vedenkorkeus;04.318;Lopetettu;11.04.1939;25.07.2012;Pohjois-Karjala
2792;0404510;Jukajärvi;W;Vedenkorkeus;04.337;Lopetettu;05.04.1948;31.05.2005;Pohjois-Karjala
2797;0404990;Suu-Särki;W;Vedenkorkeus;04.353;Lopetettu;16.12.1957;22.12.2005;Pohjois-Karjala
2798;0404991;Kaitalampi;W;Vedenkorkeus;04.353;Lopetettu;16.12.1957;22.12.2005;Pohjois-Karjala
2799;0408530;Särkiselkä;W;Vedenkorkeus;04.726;Lopetettu;04.01.1999;22.12.2005;Pohjois-Karjala
2805;0405115;Särkijärvi;W;Vedenkorkeus;04.376;Lopetettu;23.04.1969;16.06.2004;Pohjois-Karjala
2817;0401130;Saramojoki, Louhikoski;W;Vedenkorkeus;04.473;Lopetettu;01.04.2003;31.08.2021;Pohjois-Karjala
2820;0401520;Viekijärvi;W;Vedenkorkeus;04.482;Lopetettu;01.02.1991;18.08.2004;Pohjois-Karjala
2822;0408540;Kolmikanta;W;Vedenkorkeus;04.726;Lopetettu;30.12.1957;29.12.1993;Pohjois-Karjala
1723;0101410;Sääperi;W;Vedenkorkeus;01.011;Lopetettu;06.01.1980;31.12.1993;Pohjois-Karjala
1726;0300200;Iso-Kivijärvi;W;Vedenkorkeus;03.021;Lopetettu;01.01.1913;31.12.1939;Etelä-Karjala
1727;0300300;Pieni-Kivijärvi;W;Vedenkorkeus;03.021;Lopetettu;01.01.1914;31.12.1934;Etelä-Karjala
1728;0300400;Kokkolanjoki;W;Vedenkorkeus;03.011;Lopetettu;27.06.1931;31.08.1944;Etelä-Karjala
1729;0400400;Lieksanjoki, Kokkojärvi;W;Vedenkorkeus;04.492;Lopetettu;01.01.1969;31.05.1992;Pohjois-Karjala
1730;0400500;Jongunjoki, Kattilalampi;W;Vedenkorkeus;04.431;Lopetettu;01.01.1917;30.06.1963;Pohjois-Karjala
1731;0400510;Jongunjoki, Viitakoski;W;Vedenkorkeus;04.432;Lopetettu;15.11.1963;31.12.1972;Pohjois-Karjala
1734;0400620;Lieksanjoki, Pankakoski, Niska;W;Vedenkorkeus;04.423;Lopetettu;01.01.1952;31.10.2015;Pohjois-Karjala
1736;0400650;Lieksanjoki, Pankakoski, ylä;W;Vedenkorkeus;04.423;Lopetettu;01.01.1971;31.12.1995;Pohjois-Karjala
1737;0400700;Pankajärvi, Petronkoski;W;Vedenkorkeus;04.423;Lopetettu;28.09.1911;31.12.1952;Pohjois-Karjala
1738;0400710;Lieksanjoki, Pankakoski, ala;W;Vedenkorkeus;04.423;Lopetettu;19.03.1945;31.12.1995;Pohjois-Karjala
1740;0400750;Lieksanjoki, Lieksankoski, ylä;W;Vedenkorkeus;04.422;Lopetettu;01.01.1971;31.12.1995;Pohjois-Karjala
1741;0400800;Lieksanjoki, Höpöttäjänvirta;W;Vedenkorkeus;04.421;Lopetettu;01.01.1905;13.04.1961;Pohjois-Karjala
1743;0400900;Viekijoki;W;Vedenkorkeus;04.483;Lopetettu;01.01.1917;31.12.1919;Pohjois-Karjala
1744;0401100;Saramojoki, Roukkajankoski;W;Vedenkorkeus;04.472;Lopetettu;01.01.1917;25.09.1973;Pohjois-Karjala
1746;0401200;Saramojoki, Ylikylä;W;Vedenkorkeus;04.471;Lopetettu;01.01.1945;31.12.1950;Pohjois-Karjala
1747;0401300;Valtimonjoki, Kuokkastenkoski;W;Vedenkorkeus;04.461;Lopetettu;01.01.1944;07.03.1962;Pohjois-Karjala
1750;0401510;Pielinen, Lieksa;W;Vedenkorkeus;04.411;Lopetettu;01.01.1912;30.06.1992;Pohjois-Karjala
1751;0401600;Pielinen, Ahvenisenvirta, ylä;W;Vedenkorkeus;04.411;Lopetettu;17.08.1904;31.12.1925;Pohjois-Karjala
1752;0401700;Pielinen, Ahvenisenvirta, ala;W;Vedenkorkeus;04.411;Lopetettu;17.08.1904;31.12.1925;Pohjois-Karjala
1754;0401800;Pielisjoki, Uimasalmi;W;Vedenkorkeus;04.342;Lopetettu;01.01.1940;31.05.1992;Pohjois-Karjala
1756;0402100;Koitajoki, Möhkönkoski;W;Vedenkorkeus;04.922;Lopetettu;01.01.1962;31.12.1965;Pohjois-Karjala
1762;0402400;Koitajoki, Lylykoski;W;Vedenkorkeus;04.912;Lopetettu;01.01.1906;31.08.1958;Pohjois-Karjala
1763;0402410;Koitajoki, Lylykoski;W;Vedenkorkeus;04.921;Lopetettu;01.09.1958;31.10.1976;Pohjois-Karjala
1765;0402500;Koitajoki, Niemiskoski;W;Vedenkorkeus;04.913;Lopetettu;01.01.1954;27.04.1955;Pohjois-Karjala
1768;0402700;Koitere, Kohtavaara;W;Vedenkorkeus;04.941;Lopetettu;01.01.1912;31.12.1970;Pohjois-Karjala
1769;0402710;Pirttikoski,Ylä;W;Vedenkorkeus;04.941;Lopetettu;01.01.1939;31.12.1969;Pohjois-Karjala
1772;0402800;Koitajoki, Siikakoski;W;Vedenkorkeus;04.913;Lopetettu;12.08.1904;15.09.1955;Pohjois-Karjala
1773;0402820;Jäsysjärvi;W;Vedenkorkeus;04.911;Lopetettu;01.01.1965;31.12.1984;Pohjois-Karjala
1774;0402900;Pielisjoki, Häihä, ylä;W;Vedenkorkeus;04.342;Lopetettu;01.01.1877;09.07.1959;Pohjois-Karjala
1776;0403000;Pielisjoki, Häihä, ala;W;Vedenkorkeus;04.342;Lopetettu;01.01.1877;09.07.1959;Pohjois-Karjala
1777;0403100;Pielisjoki, Kaltimo, ylä;W;Vedenkorkeus;04.342;Lopetettu;01.01.1877;31.12.1995;Pohjois-Karjala
1779;0403200;Pielisjoki, Kaltimo, ala;W;Vedenkorkeus;04.342;Lopetettu;01.01.1932;31.12.1995;Pohjois-Karjala
1781;0403300;Pielisjoki, Nesterinsaari, ylä;W;Vedenkorkeus;04.342;Lopetettu;01.01.1877;12.07.1956;Pohjois-Karjala
1782;0403400;Pielisjoki, Nesterinsaari, ala;W;Vedenkorkeus;04.341;Lopetettu;01.01.1877;12.07.1956;Pohjois-Karjala
1783;0403500;Pielisjoki, Saapaskoski, ylä;W;Vedenkorkeus;04.341;Lopetettu;01.01.1878;31.08.1959;Pohjois-Karjala
1784;0403600;Pielisjoki, Saapaskoski, ala;W;Vedenkorkeus;04.341;Lopetettu;01.01.1878;31.08.1959;Pohjois-Karjala
1785;0403700;Pielisjoki, Jakokoski, ylä;W;Vedenkorkeus;04.341;Lopetettu;01.01.1878;31.10.1970;Pohjois-Karjala
1787;0403800;Pielisjoki, Jakokoski, ala;W;Vedenkorkeus;04.332;Lopetettu;01.01.1878;31.10.1970;Pohjois-Karjala
1788;0403900;Pielisjoki, Haapavirta, ylä;W;Vedenkorkeus;04.332;Lopetettu;01.07.1882;30.11.1970;Pohjois-Karjala
1789;0404000;Pielisjoki, Haapavirta, ala;W;Vedenkorkeus;04.332;Lopetettu;01.01.1883;30.11.1970;Pohjois-Karjala
1790;0404100;Pielisjoki, Paihola, ylä;W;Vedenkorkeus;04.332;Lopetettu;01.08.1876;28.02.1995;Pohjois-Karjala
1791;0404200;Pielisjoki, Paihola, ala;W;Vedenkorkeus;04.332;Lopetettu;01.08.1876;30.11.1970;Pohjois-Karjala
1792;0404300;Pielisjoki, Kuurna, ylä;W;Vedenkorkeus;04.332;Lopetettu;01.08.1876;09.11.1970;Pohjois-Karjala
1794;0404400;Pielisjoki, Kuurna, ala;W;Vedenkorkeus;04.331;Lopetettu;01.08.1876;09.11.1970;Pohjois-Karjala
1796;0404500;Pielisjoki, Utra, ylä;W;Vedenkorkeus;04.331;Lopetettu;01.07.1875;04.05.1971;Pohjois-Karjala
1797;0404600;Pielisjoki, Utra, ala;W;Vedenkorkeus;04.331;Lopetettu;01.01.1876;19.05.1971;Pohjois-Karjala
1798;0404610;Pielisjoki, Utra, ala;W;Vedenkorkeus;04.331;Lopetettu;01.01.1972;29.02.1992;Pohjois-Karjala
1800;0404800;Höytiäinen;W;Vedenkorkeus;04.821;Lopetettu;01.01.1913;31.03.1940;Pohjois-Karjala
1801;0404810;Höytiäinen;W;Vedenkorkeus;04.821;Lopetettu;05.03.1938;31.12.1991;Pohjois-Karjala
1803;0404820;Puntarikoski,Ala;W;Vedenkorkeus;04.81;Lopetettu;14.06.1950;09.11.1956;Pohjois-Karjala
1804;0404830;Höytiäinen, Puntarikoski, ylä;W;Vedenkorkeus;04.821;Lopetettu;01.01.1961;31.01.1982;Pohjois-Karjala
1805;0404900;Viinijärvi, Lamminniemi;W;Vedenkorkeus;04.352;Lopetettu;20.06.1912;31.12.1941;Pohjois-Karjala
1807;0404920;Taipaleenjoki;W;Vedenkorkeus;04.351;Lopetettu;15.04.1986;30.11.1993;Pohjois-Karjala
1810;0405110;Pyhäselkä, Tikka;W;Vedenkorkeus;04.321;Lopetettu;01.01.1937;30.09.1976;Pohjois-Karjala
1811;0405120;Pyhäselkä, Höytiäisenkanava;W;Vedenkorkeus;04.81;Lopetettu;06.01.1958;29.02.1996;Pohjois-Karjala
1813;0405200;Orivesi, Puhos;W;Vedenkorkeus;04.311;Lopetettu;01.01.1913;28.02.2005;Pohjois-Karjala
1814;0405300;Ylä-Enonvesi;W;Vedenkorkeus;04.291;Lopetettu;01.01.1980;31.12.1995;Etelä-Savo
1815;0405310;Ylä-Enonvesi, Enonkoski;W;Vedenkorkeus;04.221;Lopetettu;01.11.1984;31.12.1990;Etelä-Savo
1817;0405440;Luupujoki;W;Vedenkorkeus;04.572;Lopetettu;10.10.1974;03.01.1999;Pohjois-Savo
1818;0405500;Kiurujoki, Saarikoski, ylä;W;Vedenkorkeus;04.523;Lopetettu;01.01.1907;31.12.1950;Pohjois-Savo
1819;0405600;Kiurujoki, Saarikoski, ala;W;Vedenkorkeus;04.523;Lopetettu;01.07.1906;31.12.1934;Pohjois-Savo
1821;0406000;Sonkajärvi;W;Vedenkorkeus;04.583;Lopetettu;19.04.1962;31.12.1969;Pohjois-Savo
1823;0406100;Porovesi, Iisalmi;W;Vedenkorkeus;04.521;Lopetettu;16.08.1916;31.12.1995;Pohjois-Savo
1825;0406300;Onkivesi, Nerkoo, ala;W;Vedenkorkeus;04.511;Lopetettu;01.03.1868;31.12.1995;Pohjois-Savo
2160;2700180;Pusulanjärvi;W;Vedenkorkeus;27.032;Lopetettu;01.01.1971;31.12.2001;Varsinais-Suomi
2163;3000200;Mynäjoki;W;Vedenkorkeus;30.003;Lopetettu;01.09.1986;30.09.1998;Varsinais-Suomi
2171;3400150;Kauttua, ala;W;Vedenkorkeus;34.022;Lopetettu;03.01.1972;12.09.2021;Satakunta
2172;3400200;Köyliönjärvi;W;Vedenkorkeus;34.053;Lopetettu;06.02.1959;31.12.1970;Satakunta
2174;3400300;Köyliönjoki;W;Vedenkorkeus;34.051;Lopetettu;01.01.1970;30.04.1974;Satakunta
2177;3400500;Suutelankoski;W;Vedenkorkeus;34.011;Lopetettu;01.01.1961;31.12.1984;Satakunta
2178;3500100;Juupajoki;W;Vedenkorkeus;35.751;Lopetettu;01.09.1910;30.06.1952;Pirkanmaa
2181;3500400;Pitkävesi;W;Vedenkorkeus;35.761;Lopetettu;01.09.1910;31.12.1950;Pirkanmaa
2182;3500500;Orivesi;W;Vedenkorkeus;35.721;Lopetettu;01.01.1885;31.12.1957;Pirkanmaa
2183;3500510;Längelmävesi, Kuoresalmi;W;Vedenkorkeus;35.721;Lopetettu;01.01.1958;31.12.1991;Pirkanmaa
2186;3501100;Kuohijärvi;W;Vedenkorkeus;35.782;Lopetettu;15.09.1910;31.03.1933;Kanta-Häme
2190;3501700;Valkeakoski, ylä;W;Vedenkorkeus;35.222;Lopetettu;01.01.1870;29.12.1995;Pirkanmaa
2197;3502340;Hyvikkälänjoki;W;Vedenkorkeus;35.881;Lopetettu;03.11.1978;31.12.1991;Kanta-Häme
2201;3502809;Vanajavesi, Valkeakoski, ala;W;Vedenkorkeus;35.222;Lopetettu;01.01.1971;31.12.1982;Pirkanmaa
2206;3503330;Vanajavesi, Herralanvirta;W;Vedenkorkeus;35.221;Lopetettu;01.01.1970;31.12.1995;Pirkanmaa
2207;3503400;Lempäälä, ala;W;Vedenkorkeus;35.211;Lopetettu;01.01.1875;31.12.1965;Pirkanmaa
2211;3503900;Niemisvesi;W;Vedenkorkeus;35.472;Lopetettu;17.08.1910;31.12.1932;Etelä-Pohjanmaa
2212;3504000;Ouluvesi;W;Vedenkorkeus;35.431;Lopetettu;18.08.1910;31.10.1992;Etelä-Pohjanmaa
2213;3504100;Kahilanjärvi;W;Vedenkorkeus;35.421;Lopetettu;17.04.1956;31.10.1982;Pirkanmaa
2215;3504500;Vaskivesi, Herraskoski, ala;W;Vedenkorkeus;35.421;Lopetettu;01.05.1903;31.05.1998;Pirkanmaa
2219;3505200;Sinerväjärvi;W;Vedenkorkeus;35.672;Lopetettu;24.07.1915;31.12.1999;Keski-Suomi
2220;3505500;Keurusselkä, Kolho;W;Vedenkorkeus;35.621;Lopetettu;01.01.1897;31.12.1998;Pirkanmaa
2223;3505900;Paloselkä;W;Vedenkorkeus;35.332;Lopetettu;25.08.1910;30.06.1992;Pirkanmaa
2224;3506000;Kauttu;W;Vedenkorkeus;35.331;Lopetettu;16.03.1883;30.06.1992;Pirkanmaa
2228;3506800;Näsijärvi, Naistenlahti;W;Vedenkorkeus;35.311;Lopetettu;01.02.1877;31.12.1995;Pirkanmaa
2229;3506810;Näsijärvi, Mustalahti;W;Vedenkorkeus;35.311;Lopetettu;01.01.1961;31.12.1995;Pirkanmaa
2231;3507100;Pyhäjärvi, Pyynikki;W;Vedenkorkeus;35.211;Lopetettu;01.01.1878;31.12.1995;Pirkanmaa
2233;3507400;Nokia, ala;W;Vedenkorkeus;35.211;Lopetettu;01.01.1915;31.12.1961;Pirkanmaa
2237;3507700;Parkanonjärvi;W;Vedenkorkeus;35.532;Lopetettu;01.01.1931;31.12.1970;Pirkanmaa
2241;3508200;Kyrösjärvi, Ikaalinen;W;Vedenkorkeus;35.521;Lopetettu;01.01.1906;30.11.1993;Pirkanmaa
2244;3508500;Mätikkö;W;Vedenkorkeus;35.162;Lopetettu;20.06.1910;30.06.1992;Pirkanmaa
2245;3508600;Siuro, ala;W;Vedenkorkeus;35.132;Lopetettu;01.01.1894;31.12.1993;Pirkanmaa
2255;3509120;Salkolanjärvi;W;Vedenkorkeus;35.983;Lopetettu;01.01.1963;26.08.1991;Uusimaa
2257;3509150;Turpoonjoki;W;Vedenkorkeus;35.981;Lopetettu;01.01.1964;31.12.1967;Kanta-Häme
2258;3509200;Loimijoki, Loimaa;W;Vedenkorkeus;35.922;Lopetettu;01.07.1910;31.12.1941;Varsinais-Suomi
2261;3509300;Loimijoki, Vanhankirkonsilta;W;Vedenkorkeus;35.921;Lopetettu;01.01.1938;31.12.1959;Varsinais-Suomi
2264;3509400;Loimijoki, Maurialankoski;W;Vedenkorkeus;35.911;Lopetettu;01.01.1914;30.06.1985;Satakunta
2266;3509500;Loimijoki, Lauttakylä;W;Vedenkorkeus;35.911;Lopetettu;26.09.1902;31.12.1993;Satakunta
2268;3509900;Kyttälä;W;Vedenkorkeus;35.122;Lopetettu;01.01.1904;31.12.1993;Satakunta
2269;3509910;Syyränsuu;W;Vedenkorkeus;35.122;Lopetettu;27.04.1944;31.07.1976;Satakunta
2271;3509920;Kyttälänkoski;W;Vedenkorkeus;35.122;Lopetettu;09.10.1939;31.12.1993;Satakunta
2272;3509940;Raijala;W;Vedenkorkeus;35.122;Lopetettu;01.01.1944;24.12.2005;Satakunta
2273;3510000;Niskakoski;W;Vedenkorkeus;35.122;Lopetettu;24.10.1919;31.12.1976;Satakunta
2274;3510100;Pahakoski;W;Vedenkorkeus;35.122;Lopetettu;01.01.1904;31.12.1982;Satakunta
2280;3510600;Harjunpäänjoki;W;Vedenkorkeus;35.141;Lopetettu;01.01.1969;13.08.2012;Satakunta
2281;3510700;Pori;W;Vedenkorkeus;35.111;Lopetettu;01.01.1921;31.12.1973;Satakunta
2282;3510710;Lukkarinsanta;W;Vedenkorkeus;35.111;Lopetettu;01.01.1974;30.06.1977;Satakunta
2283;3510720;Seikun saha;W;Vedenkorkeus;35.111;Lopetettu;01.07.1977;31.12.1995;Satakunta
2284;3600800;Vatajankoski, ala;W;Vedenkorkeus;36.022;Lopetettu;01.01.1960;31.12.1989;Satakunta
2287;3602210;Eteläjoki;W;Vedenkorkeus;36.016;Lopetettu;08.09.1999;30.08.2013;Satakunta
2291;3700400;Perus;W;Vedenkorkeus;37.012;Lopetettu;13.02.1968;31.12.1979;Pohjanmaa
2292;3700510;Klofvus;W;Vedenkorkeus;37.011;Lopetettu;01.01.1972;31.12.1975;Pohjanmaa
2293;3800900;Tiukka;W;Vedenkorkeus;38.001;Lopetettu;01.01.1972;31.08.1985;Pohjanmaa
2296;3900900;Finby;W;Vedenkorkeus;39.001;Lopetettu;01.01.1972;28.02.1981;Pohjanmaa
2297;4000900;Köpingsbro;W;Vedenkorkeus;40.001;Lopetettu;01.01.1972;19.12.1978;Pohjanmaa
2300;4200100;Koskuejärvi;W;Vedenkorkeus;42.055;Lopetettu;01.01.1926;31.07.1982;Etelä-Pohjanmaa
2301;4200210;Jalasjoki, Luopa;W;Vedenkorkeus;42.042;Lopetettu;23.10.1958;31.07.1981;Etelä-Pohjanmaa
2302;4200220;Koskutjoki, Koskue;W;Vedenkorkeus;42.054;Lopetettu;22.06.1982;31.08.1984;Etelä-Pohjanmaa
2303;4200230;Koskutjoki;W;Vedenkorkeus;42.054;Lopetettu;01.09.1984;30.06.2013;Etelä-Pohjanmaa
2305;4200500;Munakka;W;Vedenkorkeus;42.031;Lopetettu;01.01.1912;31.03.1993;Etelä-Pohjanmaa
2311;4400200;Nurmonjoki, Nurmo;W;Vedenkorkeus;44.091;Lopetettu;04.07.1932;31.12.1978;Etelä-Pohjanmaa
2313;4400300;Lapua;W;Vedenkorkeus;44.031;Lopetettu;01.01.1912;30.06.1980;Etelä-Pohjanmaa
2316;4400500;Pappilankari;W;Vedenkorkeus;44.012;Lopetettu;11.11.1929;30.09.1993;Etelä-Pohjanmaa
2317;4400600;Keppo;W;Vedenkorkeus;44.011;Lopetettu;06.11.1929;31.12.1958;Pohjanmaa
2319;4400800;Uusikaarlepyy, ylä;W;Vedenkorkeus;44.011;Lopetettu;17.05.1916;31.12.2005;Pohjanmaa
2320;4400910;Uusikaarlepyy, ala;W;Vedenkorkeus;44.011;Lopetettu;05.01.1928;31.12.1995;Pohjanmaa
2321;4700200;Lappajärvi, etelä;W;Vedenkorkeus;47.031;Lopetettu;23.09.1986;31.05.1991;Etelä-Pohjanmaa
2826;0404974;Suurijärvi;W;Vedenkorkeus;04.792;Lopetettu;30.11.1976;23.11.2018;Pohjois-Karjala
2841;0408171;Ruokojärvi;W;Vedenkorkeus;04.261;Lopetettu;24.06.1986;21.11.2013;Pohjois-Savo
2842;0407921;Kohmanvesi;W;Vedenkorkeus;04.273;Lopetettu;07.02.1992;10.11.2002;Pohjois-Savo
2843;0407922;Summanlampi;W;Vedenkorkeus;04.273;Lopetettu;10.04.1991;23.12.2001;Pohjois-Savo
2844;0407923;Ala-Viitajärvi;W;Vedenkorkeus;04.273;Lopetettu;23.02.1999;30.09.2007;Pohjois-Savo
2845;0407924;Ylä-Viitajärvi;W;Vedenkorkeus;04.273;Lopetettu;23.02.1999;30.09.2007;Pohjois-Savo
2846;0407810;Väärä;W;Vedenkorkeus;04.284;Lopetettu;01.08.1984;25.02.1990;Pohjois-Savo
2847;0407931;Lyhyenjärvi;W;Vedenkorkeus;04.289;Lopetettu;18.05.1999;22.05.2000;Pohjois-Savo
2848;0406210;Pikku-Ahmo;W;Vedenkorkeus;04.516;Lopetettu;06.03.1990;24.02.1999;Pohjois-Savo
2849;0406220;Iso-Ahmo;W;Vedenkorkeus;04.516;Lopetettu;10.02.1988;24.02.1999;Pohjois-Savo
2850;0405410;Ala-Haajainen;W;Vedenkorkeus;04.529;Lopetettu;02.05.1989;26.12.1995;Pohjois-Savo
2851;0406110;Haapajärvi;W;Vedenkorkeus;04.522;Lopetettu;06.08.1976;25.02.2007;Pohjois-Savo
2852;0406120;Iso-Ii;W;Vedenkorkeus;04.531;Lopetettu;09.02.1981;28.12.1984;Pohjois-Savo
2853;0405800;Vieremänjärvi;W;Vedenkorkeus;04.532;Lopetettu;02.01.1985;28.12.1988;Pohjois-Savo
2854;0405420;Ryönänjärvi;W;Vedenkorkeus;04.551;Lopetettu;01.05.1984;25.12.2002;Pohjois-Savo
2855;0405430;Hautajärvi;W;Vedenkorkeus;04.551;Lopetettu;04.01.1974;31.12.2004;Pohjois-Savo
2856;0405470;Kilpijärvi;W;Vedenkorkeus;04.551;Lopetettu;27.01.1985;29.12.2004;Pohjois-Savo
2857;0405480;Niemisjärvi;W;Vedenkorkeus;04.556;Lopetettu;05.01.1982;26.12.2010;Pohjois-Savo
2858;0405490;Vaaksjärvi;W;Vedenkorkeus;04.557;Lopetettu;11.04.1994;31.12.1999;Pohjois-Savo
2859;0405491;Kalliojärvi;W;Vedenkorkeus;04.557;Lopetettu;01.05.1988;31.10.1996;Pohjois-Savo
2860;0405431;Rytkynjärvi;W;Vedenkorkeus;04.552;Lopetettu;17.09.1959;19.10.2001;Pohjois-Savo
2861;0405432;Savijärvi;W;Vedenkorkeus;04.553;Lopetettu;03.02.1979;26.01.1984;Pohjois-Savo
2863;0405422;Näläntöjärvi;W;Vedenkorkeus;04.563;Lopetettu;11.05.1977;31.12.1996;Pohjois-Savo
2864;0405441;Luupuvesi;W;Vedenkorkeus;04.572;Lopetettu;01.01.1980;02.01.2003;Pohjois-Savo
2865;0405411;Paloisjärvi;W;Vedenkorkeus;04.581;Lopetettu;14.04.1982;24.02.1999;Pohjois-Savo
2867;0405413;Viitaanjärvi;W;Vedenkorkeus;04.581;Lopetettu;07.04.1983;28.02.1999;Pohjois-Savo
2868;0405414;Niskajärvi,Pitkäkoski;W;Vedenkorkeus;04.581;Lopetettu;17.05.1992;13.07.2004;Pohjois-Savo
2869;0405415;Nieminen;W;Vedenkorkeus;04.581;Lopetettu;15.11.1994;30.09.2002;Pohjois-Savo
2870;0405416;Hernejärvi;W;Vedenkorkeus;04.581;Lopetettu;06.03.1979;20.02.1995;Pohjois-Savo
2871;0405417;Ala-Varpanen;W;Vedenkorkeus;04.589;Lopetettu;15.12.1999;23.10.2010;Pohjois-Savo
2872;0405418;Suuri-Luotonen;W;Vedenkorkeus;04.589;Lopetettu;01.12.1997;30.12.2011;Pohjois-Savo
2873;0406030;Väärä;W;Vedenkorkeus;04.582;Lopetettu;18.02.1993;30.12.2005;Pohjois-Savo
2874;0406040;Ala-Venäänjärvi;W;Vedenkorkeus;04.583;Lopetettu;26.09.1995;28.11.2001;Pohjois-Savo
2875;0406041;Ylä-Venäänjärvi;W;Vedenkorkeus;04.583;Lopetettu;26.09.1995;28.11.2001;Pohjois-Savo
2876;0406042;Sukevanjärvi,Tenetinvirta;W;Vedenkorkeus;04.584;Lopetettu;16.04.1987;31.12.1998;Pohjois-Savo
2877;0407100;Kivijärvi;W;Vedenkorkeus;04.595;Lopetettu;13.01.1998;14.07.2021;Pohjois-Savo
2878;0407310;Suuri-Säyneinen;W;Vedenkorkeus;04.625;Lopetettu;26.03.1993;28.12.1998;Pohjois-Savo
2879;0407320;Ryöpänjoki;W;Vedenkorkeus;04.625;Lopetettu;26.03.1993;28.12.1998;Pohjois-Savo
2880;0407110;Varpanen;W;Vedenkorkeus;04.634;Lopetettu;11.03.1983;30.12.1998;Pohjois-Savo
2881;0407120;Pieni-Juminen;W;Vedenkorkeus;04.635;Lopetettu;25.02.1997;31.12.2008;Pohjois-Savo
2882;0407130;Suuri-Juminen;W;Vedenkorkeus;04.635;Lopetettu;18.02.1997;31.12.2008;Pohjois-Savo
2883;0407925;Pieni-Sulkava;W;Vedenkorkeus;04.651;Lopetettu;09.06.1996;18.12.2003;Pohjois-Savo
2884;0407926;Sulkavanjärvi;W;Vedenkorkeus;04.651;Lopetettu;16.10.1975;26.03.1995;Pohjois-Savo
2886;0407928;Kevätön;W;Vedenkorkeus;04.652;Lopetettu;03.02.1990;26.10.2003;Pohjois-Savo
2887;0407420;Keyritty;W;Vedenkorkeus;04.673;Lopetettu;01.06.1979;27.12.2008;Pohjois-Savo
2888;0407430;Ylä-Keyritty;W;Vedenkorkeus;04.675;Lopetettu;25.02.1987;28.11.1995;Pohjois-Savo
2889;0407330;Kaitoonjoki,Ylä-Luosta;W;Vedenkorkeus;04.683;Lopetettu;02.01.1980;26.12.2003;Pohjois-Savo
2890;0407340;Kaitoo;W;Vedenkorkeus;04.683;Lopetettu;05.01.1996;26.12.2003;Pohjois-Savo
2891;0407370;Ylä-Luosta;W;Vedenkorkeus;04.683;Lopetettu;05.01.1996;27.12.2012;Pohjois-Savo
2892;0407910;Riistavesi;W;Vedenkorkeus;04.691;Lopetettu;01.11.1992;30.12.2001;Pohjois-Savo
2893;0407911;Keskimmäinen;W;Vedenkorkeus;04.692;Lopetettu;02.05.1989;06.05.1999;Pohjois-Savo
2894;0407912;Likolampi;W;Vedenkorkeus;04.692;Lopetettu;02.05.1989;25.01.1997;Pohjois-Savo
2895;0408311;Vaikonjoki,Rakkinekoski;W;Vedenkorkeus;04.742;Lopetettu;14.10.1982;29.09.1991;Pohjois-Savo
2897;1403610;Konnekoski;W;Vedenkorkeus;14.712;Lopetettu;01.01.1960;31.12.1995;Pohjois-Savo
2898;1403620;Rautalampi;W;Vedenkorkeus;14.712;Lopetettu;10.06.1998;29.12.2011;Pohjois-Savo
2899;1403630;Mehtiö;W;Vedenkorkeus;14.718;Lopetettu;09.12.1992;31.12.2005;Etelä-Savo
2900;1403640;Ahveninen;W;Vedenkorkeus;14.718;Lopetettu;05.10.1995;31.12.2004;Pohjois-Savo
2901;1403010;Pohjalampi;W;Vedenkorkeus;14.722;Lopetettu;24.01.1996;23.01.2001;Pohjois-Savo
2902;1403210;Luodejärvi;W;Vedenkorkeus;14.725;Lopetettu;01.02.1992;27.06.2015;Pohjois-Savo
2903;1403220;Pitkäjärvi;W;Vedenkorkeus;14.725;Lopetettu;01.02.1992;27.06.2015;Pohjois-Savo
2904;1402720;Hetejärvi;W;Vedenkorkeus;14.732;Lopetettu;26.04.1996;28.11.2009;Pohjois-Savo
2905;1402730;Iso Ahvenislampi;W;Vedenkorkeus;14.731;Lopetettu;04.04.1995;26.02.1998;Pohjois-Savo
2906;1402740;Alimmainen Lahnasjärvi;W;Vedenkorkeus;14.734;Lopetettu;17.04.1990;10.12.2006;Pohjois-Savo
2907;1402770;Keskimmäinen Lahnasjärvi;W;Vedenkorkeus;14.734;Lopetettu;17.04.1990;12.12.2005;Pohjois-Savo
2908;1402780;Ylimmäinen Lahnasjärvi;W;Vedenkorkeus;14.734;Lopetettu;01.01.1982;12.12.2005;Pohjois-Savo
2909;1402610;Savijärvi;W;Vedenkorkeus;14.743;Lopetettu;11.08.1993;30.10.1998;Pohjois-Savo
2910;1402620;Haapajärvi;W;Vedenkorkeus;14.746;Lopetettu;27.01.1992;26.10.1999;Pohjois-Savo
2911;1402640;Lampaanjärvi;W;Vedenkorkeus;14.746;Lopetettu;02.01.1988;31.12.1998;Pohjois-Savo
2912;1402630;Lampaanjoki,Pitkäkoski;W;Vedenkorkeus;14.746;Lopetettu;16.11.1988;29.11.1993;Pohjois-Savo
2913;1403440;Vesantojärvi;W;Vedenkorkeus;14.763;Lopetettu;16.03.1993;26.01.1999;Pohjois-Savo
2915;1403230;Liesjärvi;W;Vedenkorkeus;14.773;Lopetettu;29.04.1991;25.10.2004;Pohjois-Savo
2916;1403240;Saittajärvi;W;Vedenkorkeus;14.774;Lopetettu;07.05.1997;25.12.2001;Pohjois-Savo
2917;1403270;Ala-Muurainen,Välisalmi;W;Vedenkorkeus;14.771;Lopetettu;27.06.1985;24.09.2013;Pohjois-Savo
2918;1402790;Pieni Kiukoinen;W;Vedenkorkeus;14.746;Lopetettu;14.04.2000;31.10.2001;Pohjois-Savo
2919;0410402;Kontunen;W;Vedenkorkeus;04.178;Lopetettu;15.01.1971;10.12.2008;Etelä-Savo
2925;0405303;Kolvonen;W;Vedenkorkeus;04.297;Lopetettu;24.04.1989;28.08.2009;Etelä-Savo
2928;0410021;Putkilahti;W;Vedenkorkeus;04.212;Lopetettu;15.08.1985;15.04.2022;Etelä-Savo
2930;0410811;Naistinki;W;Vedenkorkeus;04.153;Lopetettu;08.04.1992;31.10.2000;Etelä-Savo
2935;1407412;Heiniöjärvi;W;Vedenkorkeus;14.937;Lopetettu;22.01.1998;31.08.2009;Etelä-Savo
2937;1407423;Paihmaa;W;Vedenkorkeus;14.964;Lopetettu;02.04.1970;29.07.2024;Etelä-Savo
2939;1407413;Säytjärvi;W;Vedenkorkeus;14.937;Lopetettu;23.03.1976;28.12.2009;Etelä-Savo
2940;1407411;Ala- Siili;W;Vedenkorkeus;14.935;Lopetettu;23.05.1979;30.06.2020;Etelä-Savo
2941;1406811;Ylä- Rääveli;W;Vedenkorkeus;14.172;Lopetettu;09.04.1981;30.09.2008;Etelä-Savo
2942;1403404;Tuomiojärvi;W;Vedenkorkeus;14.785;Lopetettu;16.05.1990;30.12.2009;Etelä-Savo
2943;1407422;Asonlampi;W;Vedenkorkeus;14.964;Lopetettu;05.09.1983;31.10.2009;Etelä-Savo
2944;1407421;Iso- Kylmä;W;Vedenkorkeus;14.964;Lopetettu;01.04.1985;10.12.2009;Etelä-Savo
2945;1403521;Vehkalampi;W;Vedenkorkeus;14.795;Lopetettu;01.04.1985;21.11.2008;Etelä-Savo
2946;1403522;Uuhilampi;W;Vedenkorkeus;14.795;Lopetettu;04.04.1985;27.09.2022;Etelä-Savo
2949;0406130;Kangaslampi;W;Vedenkorkeus;04.516;Lopetettu;21.02.2002;30.12.2009;Pohjois-Savo
2950;0408210;Immolanjärvi;W;Vedenkorkeus;04.214;Lopetettu;01.03.2002;31.12.2008;Pohjois-Savo
2952;1403030;Tallusjärvi;W;Vedenkorkeus;14.772;Lopetettu;01.04.2002;15.11.2014;Pohjois-Savo
2955;1800100;Kanteleenjärvi;W;Vedenkorkeus;18.036;Lopetettu;02.08.2000;01.12.2010;Uusimaa
2958;8103500;Tampaja;W;Vedenkorkeus;81.057;Lopetettu;04.07.1994;20.11.2005;Uusimaa
2960;1500400;Taasianjoki, Heikinkylä;W;Vedenkorkeus;15.002;Lopetettu;24.10.1989;30.09.2015;Uusimaa
2962;1600200;Sävträsk, ylä;W;Vedenkorkeus;16.001;Lopetettu;17.04.1985;29.12.2015;Uusimaa
2963;2300120;Saarijärvi;W;Vedenkorkeus;23.063;Lopetettu;03.09.1947;20.11.2008;Uusimaa
2964;1600800;Syväjärvi;W;Vedenkorkeus;16.002;Lopetettu;15.07.1993;13.12.2015;Uusimaa
2965;2300330;Ylimmäinen, Ali-Kärrinjoki;W;Vedenkorkeus;23.096;Lopetettu;27.03.1987;26.04.2011;Uusimaa
2967;1900600;Suojärvi;W;Vedenkorkeus;19.005;Lopetettu;13.04.1949;25.11.2000;Uusimaa
2968;2300230;Pusulanjoki, Hyvelän silta;W;Vedenkorkeus;23.061;Lopetettu;14.05.1997;30.07.2015;Uusimaa
2971;2200800;Lilla Lonoks, Harvsån;W;Vedenkorkeus;22.008;Lopetettu;19.05.1998;15.11.2010;Uusimaa
2972;2200900;Stora Lonoks;W;Vedenkorkeus;22.008;Lopetettu;01.01.1977;31.12.1995;Uusimaa
2974;2105000;Salmijärvi, luusua;W;Vedenkorkeus;21.045;Lopetettu;03.01.1999;27.02.2013;Uusimaa
2975;8103300;Djupström;W;Vedenkorkeus;81.061;Lopetettu;01.07.1998;30.12.2006;Uusimaa
2977;1800400;Porvoonjoki, Yrjölän ranta;W;Vedenkorkeus;18.022;Lopetettu;24.04.1986;31.05.2010;Uusimaa
2979;1601200;Koskenkylänjoki, Forsbynkoski;W;Vedenkorkeus;16.001;Lopetettu;08.06.1993;04.12.1998;Uusimaa
2983;2300130;Vanjärvi;W;Vedenkorkeus;23.042;Lopetettu;09.02.1999;14.11.2013;Uusimaa
2984;1500200;Taasianjoki, Lindkoski;W;Vedenkorkeus;15.002;Lopetettu;19.03.1977;31.07.2012;Uusimaa
2988;2200330;Palojärvi eli Palajärvi;W;Vedenkorkeus;22.003;Lopetettu;02.04.1977;31.12.2003;Uusimaa
2989;2300400;Averia;W;Vedenkorkeus;23.092;Lopetettu;05.01.1979;30.11.2012;Uusimaa
2991;2300280;Nummenjoki, Härkäjoen silta;W;Vedenkorkeus;23.061;Lopetettu;10.06.1981;16.09.2014;Uusimaa
2993;8103000;Finnträsk;W;Vedenkorkeus;81V060;Lopetettu;05.03.1985;30.09.2008;Uusimaa
2994;2300290;Koisjärvi, Koisjärvenojan mts;W;Vedenkorkeus;23.068;Lopetettu;16.04.1985;15.05.2014;Uusimaa
2995;2300291;Kyynäräjärvi, laskuojan rumpu;W;Vedenkorkeus;23.061;Lopetettu;14.04.1985;31.01.2018;Uusimaa
2996;1800410;Takajärvi, uimaranta;W;Vedenkorkeus;18.021;Lopetettu;04.11.1986;29.07.2016;Uusimaa
2997;1800420;Vahijärvi;W;Vedenkorkeus;18.013;Lopetettu;02.11.1989;31.12.2015;Uusimaa
2998;2300820;Puujärvi, säännöstelypato;W;Vedenkorkeus;23.023;Lopetettu;14.09.1991;31.12.2011;Uusimaa
3000;2300220;Kovelanjärvi eli Myllyjärvi;W;Vedenkorkeus;23.071;Lopetettu;12.09.1993;21.01.2004;Uusimaa
3003;8102900;Mankinjoki, kehä III:n silta;W;Vedenkorkeus;81.057;Lopetettu;08.05.1995;29.10.2014;Uusimaa
3007;2300810;Vähäjärvi;W;Vedenkorkeus;23.022;Lopetettu;15.01.1995;18.04.2010;Uusimaa
3010;2200500;Petäjärvi;W;Vedenkorkeus;22.008;Lopetettu;18.08.1995;29.07.2003;Uusimaa
3011;2105100;Otalampi;W;Vedenkorkeus;21.045;Lopetettu;14.05.1997;12.01.2006;Uusimaa
3012;3501310;Vitsiälänvuolle, ala (Hauhonselkä);W;Vedenkorkeus;35.772;Lopetettu;01.05.1998;30.11.2009;Kanta-Häme
3013;8102500;Viikin luonnonsuojelualue;W;Vedenkorkeus;81V049;Lopetettu;22.06.1999;21.09.2007;Uusimaa
3014;2300410;Kotojärvi eli Lahnusta;W;Vedenkorkeus;23.092;Lopetettu;10.01.2000;13.09.2013;Uusimaa
3016;2104800;Luhtaanmäenjoki (Keimola);W;Vedenkorkeus;21.012;Lopetettu;07.01.1997;16.06.2025;Uusimaa
3022;0410470;Rautjärvi;W;Vedenkorkeus;04.193;Lopetettu;19.03.1979;10.01.2003;Etelä-Karjala
3043;1410931;Villikkalanjoki, pato;W;Vedenkorkeus;14.116;Lopetettu;17.09.1990;24.12.2007;Kymenlaakso
3046;0410812;Keskimmäinen;W;Vedenkorkeus;04.115;Lopetettu;11.05.1970;31.12.2009;Etelä-Savo
3047;0410423;Nevajärvi;W;Vedenkorkeus;04.253;Lopetettu;20.03.1970;28.12.2008;Etelä-Savo
3054;5300910;Vääräjoki, Torvenperän silta;W;Vedenkorkeus;53.094;Lopetettu;05.05.1975;31.12.1995;Pohjois-Pohjanmaa
3057;5400130;Parkkimanjärvi;W;Vedenkorkeus;54.059;Lopetettu;24.01.1978;31.12.2001;Pohjois-Pohjanmaa
3058;5400140;Komujärvi;W;Vedenkorkeus;54.053;Lopetettu;01.01.1981;31.12.1988;Pohjois-Pohjanmaa
3059;5300810;Siiponjoki, Kurikkala;W;Vedenkorkeus;53.016;Lopetettu;05.05.1975;31.01.1998;Pohjois-Pohjanmaa
3063;1800430;Sääksjärvi, Mäntsälä;W;Vedenkorkeus;18.062;Lopetettu;31.05.2002;28.12.2015;Uusimaa
3064;2300241;Valkjärvi, Sammatti;W;Vedenkorkeus;23.074;Lopetettu;16.11.2000;19.12.2008;Uusimaa
3065;2300242;Ruokjärvi;W;Vedenkorkeus;23.074;Lopetettu;14.12.2000;19.12.2008;Uusimaa
3066;2300243;Haarjärvi;W;Vedenkorkeus;23.074;Lopetettu;17.11.2000;30.09.2008;Uusimaa
3067;2300244;Kirmustenjärvi;W;Vedenkorkeus;23.024;Lopetettu;16.11.2000;13.12.2013;Uusimaa
3069;2300231;Ruutinlampi;W;Vedenkorkeus;23.061;Lopetettu;12.04.2002;25.12.2008;Uusimaa
3076;1300102;Keisarinkoski;W;Vedenkorkeus;13.002;Lopetettu;02.04.2003;17.12.2008;Kymenlaakso
3105;3503110;Kalvola, Muulinjärvi;W;Vedenkorkeus;35.285;Lopetettu;01.04.1954;20.05.2014;Kanta-Häme
3106;3509113;Oksjärvi;W;Vedenkorkeus;35.937;Lopetettu;22.08.2001;26.11.2003;Kanta-Häme
3111;3502320;Torho;W;Vedenkorkeus;35.886;Lopetettu;05.04.1969;30.09.2004;Kanta-Häme
3112;3502520;Lehijärvi;W;Vedenkorkeus;35.237;Lopetettu;22.09.1971;02.02.2009;Kanta-Häme
3115;3502510;Hattelmalanjärvi;W;Vedenkorkeus;35.233;Lopetettu;29.07.1953;30.09.2012;Kanta-Häme
3124;3501211;Kuohijärvi;W;Vedenkorkeus;35.782;Lopetettu;10.05.1993;23.09.2007;Kanta-Häme
3126;3501920;Puujoki, kartanon silta, (koiravuolle);W;Vedenkorkeus;35.822;Lopetettu;10.03.1939;24.04.1964;Kanta-Häme
3128;3501840;Ormajärvi;W;Vedenkorkeus;35.792;Lopetettu;30.08.2001;27.04.2022;Kanta-Häme
3130;3501220;Ekojärvi, ekojoki, vähä-evo;W;Vedenkorkeus;35.787;Lopetettu;16.10.2000;27.11.2013;Kanta-Häme
3135;3501830;Viipsjärvi;W;Vedenkorkeus;35.836;Lopetettu;14.09.2003;27.02.2005;Kanta-Häme
3137;1405820;Salaksjärvi;W;Vedenkorkeus;14.221;Lopetettu;;;Päijät-Häme
3139;1405810;Kirkjärvi;W;Vedenkorkeus;14.228;Lopetettu;14.01.1980;28.01.1999;Päijät-Häme
3140;1406922;Kärkjärvi, herneniemen luoteisranta;W;Vedenkorkeus;14.163;Lopetettu;24.10.2000;28.11.2003;Päijät-Häme
3144;1405710;Iso Suojärvi;W;Vedenkorkeus;14.823;Lopetettu;09.05.1996;21.07.2019;Keski-Suomi
3148;8101800;Lapinjärvi;W;Vedenkorkeus;81.027;Lopetettu;04.01.2003;28.12.2011;Uusimaa
3149;1500100;Taasianjoki, Kimonkylä;W;Vedenkorkeus;15.003;Lopetettu;17.05.1989;30.09.2015;Uusimaa
3150;2300830;Hormajärvi;W;Vedenkorkeus;23.025;Lopetettu;03.06.2003;27.12.2015;Uusimaa
3151;2300245;Raatinjoki;W;Vedenkorkeus;23.024;Lopetettu;05.07.2001;19.04.2005;Uusimaa
3154;1405010;Suolivesi;W;Vedenkorkeus;14.524;Lopetettu;18.04.2004;30.04.2010;Keski-Suomi
3161;2300246;Raatinjoki;W;Vedenkorkeus;23.024;Lopetettu;15.01.2004;22.08.2014;Uusimaa
3165;3505610;Harahuhta, Kuorevesi;W;Vedenkorkeus;35.611;Lopetettu;01.09.2004;28.02.2007;Pirkanmaa
3167;0405702;Rotimojärvi;W;Vedenkorkeus;04.546;Lopetettu;05.01.2004;31.12.2008;Pohjois-Savo
3168;1600120;Siippo eli Niemenjärvi, pato;W;Vedenkorkeus;16.005;Lopetettu;29.04.1986;24.11.1995;Uusimaa
3169;1600130;Sopajärvi, laskujoki;W;Vedenkorkeus;16.005;Lopetettu;23.04.1986;24.11.1995;Uusimaa
3170;1601210;Koskenkylänjoki, Hammarfors;W;Vedenkorkeus;16.001;Lopetettu;19.03.1986;08.04.1991;Uusimaa
3171;1700700;Kotojärvi, Myrskylä;W;Vedenkorkeus;17.006;Lopetettu;01.06.1955;24.09.1995;Uusimaa
3172;1900410;Kotojärvi, lintutorni;W;Vedenkorkeus;19.004;Lopetettu;04.04.1984;30.12.1996;Uusimaa
3173;1900420;Kotojärvi, Luhtaanoja;W;Vedenkorkeus;19.004;Lopetettu;04.04.1984;27.04.1997;Uusimaa
3174;2200630;Karhujärvi eli Björnträsk;W;Vedenkorkeus;22.003;Lopetettu;01.04.1995;26.09.2005;Uusimaa
3175;2200640;Siuntionjoki, Kvarnbyn pato;W;Vedenkorkeus;22.002;Lopetettu;12.10.1995;26.11.1995;Uusimaa
3177;2300111;Pyhäjärvi, Vanjoen silta;W;Vedenkorkeus;23.042;Lopetettu;01.01.1984;31.12.1992;Uusimaa
3178;2300401;Olkkalanjoki, myllypato;W;Vedenkorkeus;23.091;Lopetettu;05.01.1979;15.01.1993;Uusimaa
3179;2300247;Nummenjoki, Kuilunnokka;W;Vedenkorkeus;23.071;Lopetettu;09.04.1987;26.11.1991;Uusimaa
3181;8102010;Loviisanjoki, vikaksen silta;W;Vedenkorkeus;81.027;Lopetettu;02.01.1977;14.12.1992;Uusimaa
3183;8102820;Juusjärvi;W;Vedenkorkeus;81.057;Lopetettu;01.04.1962;15.10.1964;Uusimaa
3184;8102830;Lapinkylänjärvi;W;Vedenkorkeus;81.057;Lopetettu;01.03.1959;15.11.1964;Uusimaa
3202;2400500;Omenojärvi;W;Vedenkorkeus;24.063;Lopetettu;07.04.1983;31.01.2011;Varsinais-Suomi
3205;3510610;Kullaanjoki, jokihaaran silta;W;Vedenkorkeus;35.142;Lopetettu;01.02.1967;31.03.2002;Satakunta
3209;3600141;Suomijärvi, kattilajoen silta;W;Vedenkorkeus;36.084;Lopetettu;03.06.2001;29.11.2005;Satakunta
3210;5400310;Piipsjärvi;W;Vedenkorkeus;54.071;Lopetettu;19.02.1986;28.12.1999;Pohjois-Pohjanmaa
3220;1405520;Viheri;W;Vedenkorkeus;14.831;Lopetettu;01.05.1999;30.11.2006;Keski-Suomi
3221;1401830;Horonalanen;W;Vedenkorkeus;14.622;Lopetettu;15.05.1987;19.06.2008;Keski-Suomi
3228;1401820;Vartejärvi;W;Vedenkorkeus;14.622;Lopetettu;15.05.1987;30.12.2008;Keski-Suomi
3229;1401720;Hepolampi;W;Vedenkorkeus;14.623;Lopetettu;13.05.1987;11.05.2003;Keski-Suomi
3230;1400720;Ala-Viivajärvi;W;Vedenkorkeus;14.445;Lopetettu;01.07.2000;29.10.2004;Keski-Suomi
3231;1400730;Ylä-Viivajärvi;W;Vedenkorkeus;14.445;Lopetettu;08.10.1999;26.10.2001;Keski-Suomi
3261;8101920;Savijärvi, Sipoo;W;Vedenkorkeus;81.043;Lopetettu;04.01.1983;29.11.1995;Uusimaa
3268;4900430;Rauman silta;W;Vedenkorkeus;49.023;Lopetettu;;;Keski-Pohjanmaa
3269;4900420;Kattilakoski;W;Vedenkorkeus;49.023;Lopetettu;03.12.1970;31.12.1987;Keski-Pohjanmaa
3270;4900421;Haaviston silta;W;Vedenkorkeus;49.022;Lopetettu;01.01.1971;27.12.1979;Pohjanmaa
3271;4900422;Laiskaniemi;W;Vedenkorkeus;49.022;Lopetettu;;;Pohjanmaa
3272;4900342;Paasilan silta;W;Vedenkorkeus;49.022;Lopetettu;11.12.1970;31.12.1985;Pohjanmaa
3273;4900343;Tastin sillan yläp.;W;Vedenkorkeus;49.021;Lopetettu;01.01.1971;30.04.1983;Pohjanmaa
3274;5100340;Sykäräinen;W;Vedenkorkeus;51.031;Lopetettu;07.05.1975;31.08.1983;Keski-Pohjanmaa
3281;3509170;Tammela, Talpianjärvi;W;Vedenkorkeus;35.938;Lopetettu;23.04.2004;06.10.2010;Kanta-Häme
3282;0406412;Patalahti-ylä;W;Vedenkorkeus;04.282;Lopetettu;11.04.2003;31.12.2008;Pohjois-Savo
3283;0406411;Patalahti-ala;W;Vedenkorkeus;04.282;Lopetettu;11.04.2003;31.12.2008;Pohjois-Savo
3284;1402741;Korppinen;W;Vedenkorkeus;14.734;Lopetettu;14.12.2004;28.10.2020;Pohjois-Savo
3285;3502620;Hattula, Lepaa-Vanajanselkä;W;Vedenkorkeus;35.232;Lopetettu;24.04.2005;10.08.2016;Kanta-Häme
3286;3502610;Hattula, Mierola;W;Vedenkorkeus;35.232;Lopetettu;22.05.2005;17.07.2006;Kanta-Häme
3304;2105200;Tuusulanjoki, Jokitien silta;W;Vedenkorkeus;21.081;Lopetettu;12.01.2005;20.12.2011;Uusimaa
3305;2105500;Tuusulanjoki, Katriinantiensilta;W;Vedenkorkeus;21.081;Lopetettu;01.04.2005;20.12.2011;Uusimaa
3306;2105400;Tuusulanjoki, Myllykylä;W;Vedenkorkeus;21.081;Lopetettu;05.04.2005;20.08.2012;Uusimaa
3307;2105410;Tuusulanjoki, Soiniityntien silta;W;Vedenkorkeus;21.081;Lopetettu;01.04.2005;20.12.2011;Uusimaa
3317;0407913;Keskimmäinen;W;Vedenkorkeus;04.692;Lopetettu;01.11.2004;30.08.2008;Pohjois-Savo
3318;3509114;Jänijärvi;W;Vedenkorkeus;35.973;Lopetettu;26.10.1938;30.01.2022;Kanta-Häme
3323;2400111;Lohilampi;W;Vedenkorkeus;24.033;Lopetettu;05.06.2005;19.11.2008;Uusimaa
3325;3502430;Joutjärvi;W;Vedenkorkeus;35.882;Lopetettu;;;Kanta-Häme
3332;0300451;Kangaskoski, ala;W;Vedenkorkeus;03.011;Lopetettu;01.01.2006;31.07.2021;Etelä-Karjala
1827;0406410;Onkivesi, Vianto, ylä;W;Vedenkorkeus;04.511;Lopetettu;16.03.1863;31.12.1873;Pohjois-Savo
1829;0406600;Kallavesi, Ruokovirta, ylä;W;Vedenkorkeus;04.282;Lopetettu;01.03.1868;31.12.1965;Pohjois-Savo
1837;0407300;Alaluostanjärvi;W;Vedenkorkeus;04.681;Lopetettu;09.08.1916;30.06.1992;Pohjois-Savo
1838;0407400;Keyritynjoki;W;Vedenkorkeus;04.672;Lopetettu;01.01.1966;31.12.1987;Pohjois-Savo
1840;0407600;Vuotjärvi, Lastukoski, ala;W;Vedenkorkeus;04.621;Lopetettu;01.01.1907;31.07.1992;Pohjois-Savo
1842;0407620;Vuotjärvi, Niskakoski;W;Vedenkorkeus;04.621;Lopetettu;01.01.1920;31.12.1958;Pohjois-Savo
1843;0407622;Juankoski, Uittoruuhi;W;Vedenkorkeus;04.621;Lopetettu;01.01.1932;31.12.1958;Pohjois-Savo
1844;0407630;Juankosken voimalaitos, ala;W;Vedenkorkeus;04.612;Lopetettu;02.01.1929;30.09.2008;Pohjois-Savo
1847;0407710;Lammensalmi,Y;W;Vedenkorkeus;04.612;Lopetettu;01.01.1962;31.12.1995;Pohjois-Savo
1850;0407800;Kallavesi, Ruokovirta, ala;W;Vedenkorkeus;04.281;Lopetettu;01.01.1880;31.12.1990;Pohjois-Savo
1852;0407930;Räimänkoski;W;Vedenkorkeus;04.281;Lopetettu;29.03.1982;11.01.2018;Pohjois-Savo
1854;0407980;Suvasvesi;W;Vedenkorkeus;04.273;Lopetettu;20.12.1971;31.12.1972;Pohjois-Savo
1857;0408110;Leppävirta;W;Vedenkorkeus;04.271;Lopetettu;01.01.1925;31.12.1990;Pohjois-Savo
1858;0408140;Unnukka, Kopolanvirta 4;W;Vedenkorkeus;04.271;Lopetettu;01.01.1945;28.12.1971;Pohjois-Savo
1859;0408150;Unnukka, Kopolanvirta 5;W;Vedenkorkeus;04.271;Lopetettu;01.01.1945;31.12.1974;Pohjois-Savo
1860;0408160;Unnukka, Kopolanvirta 6;W;Vedenkorkeus;04.271;Lopetettu;01.01.1945;31.12.1974;Pohjois-Savo
1861;0408170;Unnukka, Pitkälänniemi;W;Vedenkorkeus;04.271;Lopetettu;10.01.1945;31.10.1974;Pohjois-Savo
1864;0408310;Vaikonjoki, Kärenjärvi;W;Vedenkorkeus;04.742;Lopetettu;26.05.1986;31.08.1993;Pohjois-Savo
1866;0408410;Kaavinjärvi, Kaavinkoski;W;Vedenkorkeus;04.731;Lopetettu;01.01.1960;15.01.2018;Pohjois-Savo
1867;0408500;Juojärvi, Pölläsenlahti;W;Vedenkorkeus;04.711;Lopetettu;18.06.1912;31.03.1933;Pohjois-Karjala
1868;0408510;Juojärvi, Ohtaansalmi;W;Vedenkorkeus;04.711;Lopetettu;01.01.1959;30.06.1992;Pohjois-Karjala
1870;0408600;Juojärvi, Patoonkoski;W;Vedenkorkeus;04.711;Lopetettu;01.01.1908;31.12.1930;Pohjois-Karjala
1871;0408610;Juojärvi, Taivallahti, ylä;W;Vedenkorkeus;04.711;Lopetettu;01.01.1928;31.12.1995;Pohjois-Karjala
1872;0408620;Varisvesi, Varistaipale, ala;W;Vedenkorkeus;04.273;Lopetettu;01.08.1927;31.12.1995;Pohjois-Karjala
1874;0408800;Kermajärvi, Karvio, ala;W;Vedenkorkeus;04.274;Lopetettu;01.01.1897;31.12.1995;Pohjois-Karjala
1876;0409000;Kerman kanava, ala;W;Vedenkorkeus;04.274;Lopetettu;02.04.1902;31.12.1995;Pohjois-Karjala
1877;0409100;Vihovuonteen kanava, ylä;W;Vedenkorkeus;04.274;Lopetettu;01.01.1903;31.12.1995;Pohjois-Karjala
1878;0409200;Ruokovesi, Vihovuonne, ala;W;Vedenkorkeus;04.274;Lopetettu;02.04.1902;31.12.1995;Pohjois-Karjala
1879;0409300;Ruokovesi, Pilppa, ylä;W;Vedenkorkeus;04.221;Lopetettu;01.01.1903;30.11.1999;Pohjois-Karjala
1880;0409400;Pilpan kanava, ala;W;Vedenkorkeus;04.221;Lopetettu;01.04.1902;31.12.1995;Pohjois-Karjala
1882;0409600;Osmajärvi, Sorsakoski, ala;W;Vedenkorkeus;04.262;Lopetettu;01.01.1926;31.12.1993;Pohjois-Savo
1883;0409700;Kuvansi, Kuvansinjoki;W;Vedenkorkeus;04.261;Lopetettu;01.01.1913;28.02.1978;Pohjois-Savo
1885;0409900;Sysmäjärvi;W;Vedenkorkeus;04.251;Lopetettu;01.01.1912;31.12.1956;Pohjois-Savo
1887;0410000;Kolkonjärvi;W;Vedenkorkeus;04.242;Lopetettu;01.07.1911;31.03.1933;Etelä-Savo
1888;0410100;Haukivesi, Taipale, ala;W;Vedenkorkeus;04.211;Lopetettu;01.01.1864;31.01.2010;Pohjois-Savo
1890;0410310;Haukivesi, Savonlinna, ylä;W;Vedenkorkeus;04.211;Lopetettu;11.07.1911;31.12.1993;Etelä-Savo
1893;0410420;Rautjärvi, Siikakoski;W;Vedenkorkeus;04.112;Lopetettu;07.01.1975;31.12.1993;Etelä-Savo
1896;0410800;Saimaa, Mikkeli;W;Vedenkorkeus;04.151;Lopetettu;04.06.1909;30.09.1992;Etelä-Savo
1897;0411000;Louhivesi, Juurisalmi;W;Vedenkorkeus;04.151;Lopetettu;01.07.1867;31.12.1987;Etelä-Savo
1899;0411100;Saimaa, Puumala;W;Vedenkorkeus;04.112;Lopetettu;01.01.1885;31.12.1931;Etelä-Savo
1901;0411210;Saimaa, Lauritsala;W;Vedenkorkeus;04.112;Lopetettu;01.01.1968;31.12.1984;Etelä-Karjala
1902;0411300;Saimaa, Vuoksenniska;W;Vedenkorkeus;04.112;Lopetettu;01.01.1931;31.12.1936;Etelä-Karjala
1903;0411310;Saimaa, Niskalampi;W;Vedenkorkeus;04.112;Lopetettu;01.04.1931;31.01.1987;Etelä-Karjala
1904;0411410;Vuoksi, Tainionkoski, pato;W;Vedenkorkeus;04.112;Lopetettu;01.01.1932;30.06.1987;Etelä-Karjala
1905;0411430;Vuoksi, Tainionkoski, ylä;W;Vedenkorkeus;04.111;Lopetettu;01.01.1971;31.12.1995;Etelä-Karjala
1906;0411520;Vuoksi, Tainionkoski, ala;W;Vedenkorkeus;04.111;Lopetettu;01.01.1932;31.12.1995;Etelä-Karjala
1907;0411710;Vuoksi, Mellonlahti;W;Vedenkorkeus;04.191;Lopetettu;01.01.1939;31.12.1980;Etelä-Karjala
1908;0411740;Vuoksi, Saunaranta;W;Vedenkorkeus;04.191;Lopetettu;01.01.1981;30.04.1994;Etelä-Karjala
1909;0411800;Vuoksi, Kyyrönkoski;W;Vedenkorkeus;04.191;Lopetettu;01.01.1936;31.12.1964;Etelä-Karjala
1910;0411910;Vuoksi, Kyyrönkoski, ala;W;Vedenkorkeus;04.191;Lopetettu;01.01.1945;31.10.1947;Etelä-Karjala
1911;0412000;Vuoksi, Myllykoski, ala;W;Vedenkorkeus;04.191;Lopetettu;01.01.1911;31.12.1943;Etelä-Karjala
1912;0412200;Vuoksi, Vallinkoski, ala;W;Vedenkorkeus;04.191;Lopetettu;01.01.1911;04.11.1925;Etelä-Karjala
1915;1400200;Alvajärvi;W;Vedenkorkeus;14.481;Lopetettu;01.01.1910;30.06.1932;Keski-Suomi
1917;1400310;Elämäjärvi;W;Vedenkorkeus;14.493;Lopetettu;01.01.1947;31.12.1969;Keski-Suomi
1918;1400400;Kolima, pohj.;W;Vedenkorkeus;14.472;Lopetettu;01.01.1910;31.12.1950;Keski-Suomi
1919;1400410;Löytänä;W;Vedenkorkeus;14.438;Lopetettu;01.01.1941;30.06.1948;Keski-Suomi
1922;1400600;Jäppäjärvi;W;Vedenkorkeus;14.452;Lopetettu;01.01.1910;31.12.1950;Keski-Suomi
1923;1400700;Kivijärvi, pohj.;W;Vedenkorkeus;14.443;Lopetettu;16.08.1909;31.12.2010;Keski-Suomi
1924;1400710;Heitjärvi;W;Vedenkorkeus;14.446;Lopetettu;01.01.1941;31.12.1999;Keski-Suomi
1925;1400800;Kivijärvi, etelä;W;Vedenkorkeus;14.443;Lopetettu;01.01.1910;30.04.1992;Keski-Suomi
1929;1400910;Hilmon voimalaitos, ala;W;Vedenkorkeus;14.441;Lopetettu;01.01.1958;31.03.1999;Keski-Suomi
1932;1401200;Keitele, itä;W;Vedenkorkeus;14.421;Lopetettu;01.01.1910;31.12.1931;Pohjois-Savo
1933;1401210;Keitele, Neiturintaipale, ylä;W;Vedenkorkeus;14.421;Lopetettu;01.01.1928;30.04.1994;Keski-Suomi
1934;1401300;Keitele, Suolahti;W;Vedenkorkeus;14.411;Lopetettu;01.01.1909;31.12.1993;Keski-Suomi
1935;1401400;Kyyjärvi;W;Vedenkorkeus;14.643;Lopetettu;01.01.1910;31.12.1998;Keski-Suomi
1937;1401420;Vahanka;W;Vedenkorkeus;14.672;Lopetettu;01.01.1963;31.10.1993;Keski-Suomi
1942;1401810;Mahlunjärvi;W;Vedenkorkeus;14.621;Lopetettu;01.01.1964;01.06.2003;Keski-Suomi
1946;1402100;Kiimasjärvi;W;Vedenkorkeus;14.612;Lopetettu;02.09.1909;28.02.1982;Keski-Suomi
1947;1402110;Naarajärvi;W;Vedenkorkeus;14.611;Lopetettu;01.01.1910;06.11.2006;Keski-Suomi
1948;1402120;Kiimaskoski;W;Vedenkorkeus;14.612;Lopetettu;13.05.1936;22.12.1980;Keski-Suomi
1950;1402200;Kuhnamojärvi;W;Vedenkorkeus;14.332;Lopetettu;01.01.1909;30.04.1993;Keski-Suomi
1953;1402309;Vatianjärvi, Kuusaa;W;Vedenkorkeus;14.333;Lopetettu;01.01.1971;31.12.1981;Keski-Suomi
1954;1402310;Peurunka;W;Vedenkorkeus;14.333;Lopetettu;01.01.1946;30.06.1992;Keski-Suomi
1957;1402510;Koivujoki;W;Vedenkorkeus;14.751;Lopetettu;01.01.1962;14.04.1975;Pohjois-Savo
1958;1402520;Koivujoki;W;Vedenkorkeus;14.752;Lopetettu;15.04.1975;11.12.1994;Pohjois-Savo
1959;1402600;Pielavesi, länsi;W;Vedenkorkeus;14.741;Lopetettu;01.01.1910;31.12.1932;Pohjois-Savo
1960;1402700;Pielavesi, Säviä;W;Vedenkorkeus;14.741;Lopetettu;01.01.1891;31.12.1941;Pohjois-Savo
1962;1402900;Nilakka, Kolu, ylä;W;Vedenkorkeus;14.722;Lopetettu;01.01.1896;31.05.1994;Pohjois-Savo
1963;1403000;Rasvanki, Kolu, ala;W;Vedenkorkeus;14.722;Lopetettu;01.01.1896;31.05.1994;Pohjois-Savo
1964;1403100;Hirvijärvi;W;Vedenkorkeus;14.771;Lopetettu;12.07.1909;04.02.1935;Pohjois-Savo
1965;1403200;Virmasvesi;W;Vedenkorkeus;14.722;Lopetettu;07.07.1909;31.03.1933;Pohjois-Savo
1969;1403410;Kiesimä;W;Vedenkorkeus;14.761;Lopetettu;01.01.1918;31.12.1932;Pohjois-Savo
1970;1403420;Kiesimä, ylä;W;Vedenkorkeus;14.711;Lopetettu;08.06.1927;30.04.1994;Pohjois-Savo
1972;1403500;Pieksäjärvi;W;Vedenkorkeus;14.793;Lopetettu;01.01.1910;31.12.1953;Etelä-Savo
1973;1403510;Pieksäjärvi;W;Vedenkorkeus;14.796;Lopetettu;21.01.1957;31.12.1964;Etelä-Savo
1975;1403700;Konnevesi, Kivisalmi;W;Vedenkorkeus;14.711;Lopetettu;01.07.1909;31.12.1941;Pohjois-Savo
1976;1403800;Konnevesi, pohj.;W;Vedenkorkeus;14.711;Lopetettu;01.01.1910;07.02.1932;Pohjois-Savo
1977;1403810;Konnevesi, Neituri, ala;W;Vedenkorkeus;14.711;Lopetettu;01.01.1928;30.04.1994;Keski-Suomi
1978;1403820;Konnevesi, Kiesimä, ala;W;Vedenkorkeus;14.711;Lopetettu;01.01.1928;30.04.1994;Pohjois-Savo
1980;1404000;Vanginvesi;W;Vedenkorkeus;14.361;Lopetettu;20.06.1909;10.05.2023;Keski-Suomi
1981;1404010;Vanginvesi, Korhola;W;Vedenkorkeus;14.352;Lopetettu;01.01.1941;31.12.1959;Keski-Suomi
1983;1404110;Kynsivesi, Simuna;W;Vedenkorkeus;14.352;Lopetettu;20.06.1940;31.08.1978;Keski-Suomi
1986;1404211;Kuuhankavesi, länsi;W;Vedenkorkeus;14.371;Lopetettu;01.07.1974;31.12.1995;Keski-Suomi
1988;1404250;Venekosken voimalaitos, ylä;W;Vedenkorkeus;14.352;Lopetettu;01.01.1971;31.12.1995;Keski-Suomi
1989;1404260;Venekosken voimalaitos, ala;W;Vedenkorkeus;14.352;Lopetettu;01.01.1972;31.12.1995;Keski-Suomi
1990;1404300;Kuusvesi, Mannunlahti;W;Vedenkorkeus;14.351;Lopetettu;01.01.1910;31.12.1949;Keski-Suomi
3347;0406043;Sukevanjärvi;W;Vedenkorkeus;04.584;Lopetettu;11.04.2005;13.10.2015;Pohjois-Savo
3349;0406031;Harvanjärvi;W;Vedenkorkeus;04.582;Lopetettu;01.02.2006;26.10.2012;Pohjois-Savo
3379;0407010;Rahasjoki;W;Vedenkorkeus;04.633;Lopetettu;14.04.2005;30.11.2007;Pohjois-Savo
3380;0407011;Ruokosjärvi;W;Vedenkorkeus;04.633;Lopetettu;13.04.2005;07.11.2011;Pohjois-Savo
3382;1401801;Kallinjärvi;W;Vedenkorkeus;14.613;Lopetettu;17.05.2005;18.02.2014;Keski-Suomi
3395;3503111;Kalvola,Uurtaanjärvi;W;Vedenkorkeus;35.285;Lopetettu;24.05.2007;11.02.2020;Kanta-Häme
3397;3502531;Totunoja;W;Vedenkorkeus;35.263;Lopetettu;28.08.2003;17.09.2008;Kanta-Häme
3398;0405419;Ylä-Varpanen;W;Vedenkorkeus;04.589;Lopetettu;22.03.2007;27.06.2010;Pohjois-Savo
3399;0406044;Pienvesi;W;Vedenkorkeus;04.584;Lopetettu;13.06.2006;05.12.2009;Pohjois-Savo
3400;0405403;Tismiö;W;Vedenkorkeus;04.521;Lopetettu;05.04.2006;11.01.2009;Pohjois-Savo
3401;0405404;Keskimmäinen;W;Vedenkorkeus;04.521;Lopetettu;05.04.2006;11.01.2009;Pohjois-Savo
3402;0405405;Ylemmäinen;W;Vedenkorkeus;04.521;Lopetettu;05.04.2006;11.01.2009;Pohjois-Savo
3410;3601510;Harjakoski ala;W;Vedenkorkeus;36.021;Lopetettu;;;Satakunta
3413;1401411;Kiminkijärvi;W;Vedenkorkeus;14.642;Lopetettu;07.09.2006;25.10.2014;Keski-Suomi
3420;1404750;Puuppola;W;Vedenkorkeus;14.295;Lopetettu;19.05.2008;31.03.2023;Keski-Suomi
3422;2101331;Sarsalanoja;W;Vedenkorkeus;21.084;Lopetettu;19.06.2006;19.11.2015;Uusimaa
3423;2101341;Mäyränoja;W;Vedenkorkeus;21.085;Lopetettu;19.06.2006;19.11.2015;Uusimaa
3432;3505700;Mänttä,ala;W;Vedenkorkeus;35.62;Lopetettu;01.02.2000;30.11.2013;Pirkanmaa
3433;1405830;Ylä-Vehkajärvi;W;Vedenkorkeus;14.221;Lopetettu;25.02.2009;13.05.2013;Päijät-Häme
3434;3501890;Sairakkalanjärvi;W;Vedenkorkeus;35.837;Lopetettu;16.03.2009;27.09.2012;Päijät-Häme
3438;3501400;Hml, Hauho, Jokijärvi;W;Vedenkorkeus;35.771;Lopetettu;13.05.2009;11.02.2020;Kanta-Häme
3441;5903400;Oulujärvi;W;Vedenkorkeus;59.311;Lopetettu;25.10.1920;31.12.1950;Pohjois-Pohjanmaa
3467;3507300;Nokia, Vihnusjärvi;W;Vedenkorkeus;35.213;Lopetettu;27.11.2009;13.02.2017;Pirkanmaa
3474;5400170;Kalliokoski, ylä;W;Vedenkorkeus;54.043;Lopetettu;;;Pohjois-Pohjanmaa
3475;5400180;Kalliokoski, alavesi;W;Vedenkorkeus;54.043;Lopetettu;;;Pohjois-Pohjanmaa
3476;5700800;Pöyry,ylävesi;W;Vedenkorkeus;57.012;Lopetettu;;;Pohjois-Pohjanmaa
3477;5700900;Pöyry, alavesi;W;Vedenkorkeus;57.012;Lopetettu;;;Pohjois-Pohjanmaa
3481;0407140;Lahnajärvi;W;Vedenkorkeus;04.593;Lopetettu;14.06.2010;14.07.2012;Pohjois-Savo
3484;1200400;Valkjärvi;W;Vedenkorkeus;12.004;Lopetettu;23.11.2010;11.04.2018;Kymenlaakso
3491;0407929;Mikkajärvi;W;Vedenkorkeus;04.652;Lopetettu;05.09.2010;30.12.2013;Pohjois-Savo
3494;3502150;Sääjärvi;W;Vedenkorkeus;35.84;Lopetettu;28.09.2006;19.12.2019;Kanta-Häme
3495;3502155;Kempinpato;W;Vedenkorkeus;35.84;Lopetettu;28.09.2006;13.08.2025;Kanta-Häme
3496;3502160;Kesijärvi;W;Vedenkorkeus;35.84;Lopetettu;28.09.2006;13.08.2025;Kanta-Häme
3497;3502170;Isojärvi;W;Vedenkorkeus;35.84;Lopetettu;28.09.2006;12.08.2025;Kanta-Häme
3498;2300122;Saukonpää;W;Vedenkorkeus;23.063;Lopetettu;27.09.2011;28.11.2021;Uusimaa
3513;0401280;Petäisjärvi;W;Vedenkorkeus;04.476;Lopetettu;28.06.2011;06.03.2013;Pohjois-Karjala
3515;0404975;Sysmäjärvi;W;Vedenkorkeus;04.353;Lopetettu;31.07.2012;01.06.2018;Pohjois-Karjala
3520;3501250;Rautjärvi;W;Vedenkorkeus;35.786;Lopetettu;10.10.2012;18.02.2020;Päijät-Häme
3525;0407770;Ylä-Salmijärvi;W;Vedenkorkeus;04.619;Lopetettu;11.11.2013;26.12.2015;Pohjois-Savo
3545;2100250;Lallujärvi;W;Vedenkorkeus;21.023;Lopetettu;03.10.2013;04.04.2018;Kanta-Häme
3547;0402712;Koitere Piilovaara;W;Vedenkorkeus;04.941;Lopetettu;28.11.2013;01.10.2018;Pohjois-Karjala
3559;6800500;Karigasniemi;W;Vedenkorkeus;68.031;Lopetettu;17.09.1958;11.12.1973;Lappi
3572;3507510;Nerkoo, Kihniö;W;Vedenkorkeus;35.538;Lopetettu;19.11.2014;07.05.2017;Pirkanmaa
3575;6000400;Haukipudas;W;Vedenkorkeus;60.011;Lopetettu;01.01.1912;31.12.1975;Pohjois-Pohjanmaa
3582;4200610;Kyrönjoki, Hanhikoski, vanha asema;W;Vedenkorkeus;42.023;Lopetettu;01.01.1912;31.03.1926;Etelä-Pohjanmaa
3595;0407992;Vaahtovanlampi;W;Vedenkorkeus;04.278;Lopetettu;23.03.2015;29.10.2016;Pohjois-Savo
3597;3900400;Pirttikylä;W;Vedenkorkeus;39.002;Lopetettu;21.10.2015;15.06.2017;Pohjanmaa
3686;3515000;Kauvatsanjoki, Mutilahti;W;Vedenkorkeus;35.151;Lopetettu;27.10.2011;23.12.2021;Satakunta
3690;2500000;Uskelanjoki Moisionkoski ap;W;Vedenkorkeus;25.001;Lopetettu;07.04.2015;30.05.2023;Varsinais-Suomi
3514;0401270;Suuri Palojärvi;W;Vedenkorkeus;04.476;Määräaikainen;11.09.2012;26.11.2014;Pohjois-Karjala
3549;0405850;Pyöree;W;Vedenkorkeus;04.536;Määräaikainen;23.12.2013;22.12.2025;Pohjois-Savo
4013;1403405;Tuomiojärvi;W;Vedenkorkeus;14.785;Määräaikainen;;;Etelä-Savo
3963;1407980;Etelä-Tervajärvi,Mäntyharju;W;Vedenkorkeus;14.918;Määräaikainen;;;Etelä-Savo
2956;1600700;Kirkkojärvi, luusua;W;Vedenkorkeus;16.005;Määräaikainen;21.04.1986;15.06.2022;Uusimaa
3667;2101450;Keravanjoki, Kellokosken patohanke;W;Vedenkorkeus;21.093;Määräaikainen;08.12.2016;09.10.2025;Uusimaa
2999;2201200;Hepari;W;Vedenkorkeus;22.008;Määräaikainen;04.09.1966;22.02.2024;Uusimaa
2982;2300110;Vanjoki, Kutin silta;W;Vedenkorkeus;23.042;Määräaikainen;09.02.1999;22.12.2025;Uusimaa
3533;2300131;Vanjärvi, kunnostushanke;W;Vedenkorkeus;23.042;Määräaikainen;15.08.2013;17.02.2020;Uusimaa
3162;2300125;Tarkeelanjärvi;W;Vedenkorkeus;23.063;Määräaikainen;01.04.2004;28.12.2014;Uusimaa
3827;2403500;Enäjärvi, Uitsalmi;W;Vedenkorkeus;24.033;Määräaikainen;13.07.1977;29.12.2024;Varsinais-Suomi
3828;2403600;Enäjärvi, luusua;W;Vedenkorkeus;24.033;Määräaikainen;07.08.2018;06.10.2020;Uusimaa
3761;3504200;Peränne;W;Vedenkorkeus;35.424;Määräaikainen;10.01.2019;22.12.2025;Etelä-Pohjanmaa
3762;3504250;Vähä-Peränne;W;Vedenkorkeus;35.424;Määräaikainen;10.01.2019;22.12.2025;Etelä-Pohjanmaa
3935;5901200;Osmankajärvi;W;Vedenkorkeus;59.353;Määräaikainen;13.06.2022;22.12.2025;Kainuu
3846;6702090;Tengeliöjoki Pohjapato yläp;W;Vedenkorkeus;67.911;Määräaikainen;;;Lappi
3847;6702070;Tengeliöjoki silta yläp;W;Vedenkorkeus;67.911;Määräaikainen;;;Lappi
2769;0100200;Öllölänjärvi;W;Vedenkorkeus;01.022;Satunnainen;16.03.1993;09.07.2004;Pohjois-Karjala
2771;0100310;Haarajärvi;W;Vedenkorkeus;01.032;Satunnainen;11.01.1993;22.11.2006;Pohjois-Karjala
2772;0100320;Palojärvi;W;Vedenkorkeus;01.033;Satunnainen;27.08.1965;06.09.2004;Pohjois-Karjala
2773;0100330;Keskijärvi;W;Vedenkorkeus;01.033;Satunnainen;07.10.1977;21.10.2015;Pohjois-Karjala
2774;0100400;Kuusjärvi Eno;W;Vedenkorkeus;01.035;Satunnainen;14.11.1977;11.10.2006;Pohjois-Karjala
2775;0100500;Koveron Lastujärvi;W;Vedenkorkeus;01.036;Satunnainen;15.04.1955;27.08.2004;Pohjois-Karjala
2776;0100510;Lastujärvi;W;Vedenkorkeus;01.036;Satunnainen;27.04.1993;13.10.2006;Pohjois-Karjala
2777;0100600;Uramo;W;Vedenkorkeus;01.044;Satunnainen;06.05.1977;28.06.2004;Pohjois-Karjala
2778;0100700;Sonkajanrannanjärvi;W;Vedenkorkeus;01.046;Satunnainen;21.10.1977;31.05.2005;Pohjois-Karjala
2779;0100710;Suuri Hietajärvi;W;Vedenkorkeus;01.065;Satunnainen;15.10.1990;03.10.2010;Pohjois-Karjala
2781;0100210;Korpijärvi Hoilola;W;Vedenkorkeus;01.081;Satunnainen;12.05.1977;13.10.2006;Pohjois-Karjala
2782;0100900;Kaustajärvi;W;Vedenkorkeus;01.091;Satunnainen;20.09.1977;08.09.2004;Pohjois-Karjala
2783;0100910;Patson Pitkä;W;Vedenkorkeus;01.091;Satunnainen;25.12.1990;27.10.2006;Pohjois-Karjala
2785;0200800;Kiteenjärvi;W;Vedenkorkeus;02.022;Satunnainen;01.01.1954;18.07.2012;Pohjois-Karjala
2786;0200810;Säynejärvi;W;Vedenkorkeus;02.026;Satunnainen;13.04.1960;25.10.2006;Pohjois-Karjala
2787;0200820;Iso Heinäjärvi;W;Vedenkorkeus;02.027;Satunnainen;13.05.1977;22.07.2004;Pohjois-Karjala
3019;0300110;Siikalahti, patotie;W;Vedenkorkeus;03.031;Satunnainen;08.09.1987;31.10.2025;Etelä-Karjala
2921;0410413;Korpijärvi;W;Vedenkorkeus;04.143;Satunnainen;16.04.1970;10.08.2025;Etelä-Savo
3020;0410430;Säänjärvi;W;Vedenkorkeus;04.146;Satunnainen;21.04.1964;27.12.2015;Etelä-Karjala
2920;0410422;Syysjärvi;W;Vedenkorkeus;04.162;Satunnainen;20.03.1970;29.09.2017;Etelä-Savo
2929;0410421;Lylyjärvi;W;Vedenkorkeus;04.164;Satunnainen;04.07.1986;30.12.2011;Etelä-Savo
2926;0410401;Sääksjärvi;W;Vedenkorkeus;04.174;Satunnainen;03.05.1987;04.11.2024;Etelä-Savo
3023;0410480;Pitkäjärvi;W;Vedenkorkeus;04.199;Satunnainen;10.09.1981;29.11.2024;Etelä-Karjala
2924;0410011;Pieni- Raudanvesi;W;Vedenkorkeus;04.211;Satunnainen;11.06.1986;04.12.2024;Etelä-Savo
2922;0409712;Valvatus;W;Vedenkorkeus;04.213;Satunnainen;03.10.1983;22.11.2011;Pohjois-Savo
2931;0409711;Saarikkolampi;W;Vedenkorkeus;04.213;Satunnainen;22.04.1994;03.09.2012;Pohjois-Savo
2927;0405305;Pahkajärvi;W;Vedenkorkeus;04.229;Satunnainen;05.04.1983;23.12.2024;Etelä-Savo
2923;0405211;Vuokalanjärvi;W;Vedenkorkeus;04.234;Satunnainen;14.01.1976;29.09.2010;Etelä-Savo
3262;0410424;Haapajärvi;W;Vedenkorkeus;04.253;Satunnainen;11.08.2003;16.11.2011;Etelä-Savo
2932;0405301;Ylä-Enonvesi;W;Vedenkorkeus;04.291;Satunnainen;02.01.1996;22.12.2025;Etelä-Savo
2788;0404930;Korpijärvi Liperi;W;Vedenkorkeus;04.315;Satunnainen;15.09.1977;03.06.2005;Pohjois-Karjala
2789;0404940;Kuorinka;W;Vedenkorkeus;04.317;Satunnainen;29.05.1890;11.07.2014;Pohjois-Karjala
2791;0405112;Haapajärvi Pyhäselkä;W;Vedenkorkeus;04.326;Satunnainen;01.04.1953;16.06.2004;Pohjois-Karjala
2793;0403120;Hepolampi;W;Vedenkorkeus;04.342;Satunnainen;29.04.1992;13.12.2006;Pohjois-Karjala
2794;0403220;Ylimmäinen;W;Vedenkorkeus;04.348;Satunnainen;11.05.1977;27.08.2004;Pohjois-Karjala
2795;0404970;Sysmäjärvi, pato;W;Vedenkorkeus;04.353;Satunnainen;03.05.1932;31.07.2012;Pohjois-Karjala
2796;0404980;Kuusjärvi Outokumpu;W;Vedenkorkeus;04.353;Satunnainen;17.04.1946;15.11.2006;Pohjois-Karjala
2800;0404971;Polvijärvi;W;Vedenkorkeus;04.356;Satunnainen;16.09.1977;09.09.2008;Pohjois-Karjala
2801;0404972;Kuusijärvi, Liperi;W;Vedenkorkeus;04.359;Satunnainen;29.05.1992;10.06.2004;Pohjois-Karjala
2802;0404973;Leinonen;W;Vedenkorkeus;04.359;Satunnainen;19.09.1977;20.10.2006;Pohjois-Karjala
2803;0405113;Hammasjärvi;W;Vedenkorkeus;04.361;Satunnainen;26.09.1977;06.09.2004;Pohjois-Karjala
2804;0405114;Suuri-Onkamo;W;Vedenkorkeus;04.372;Satunnainen;25.04.1955;04.08.2021;Pohjois-Karjala
3364;0405117;Rauanjärvi;W;Vedenkorkeus;04.374;Satunnainen;18.12.2006;18.12.2006;Pohjois-Karjala
2806;0405116;Piimäjärvi;W;Vedenkorkeus;04.383;Satunnainen;27.09.1977;08.10.2008;Pohjois-Karjala
2807;0405010;Karjalanjoki;W;Vedenkorkeus;04.398;Satunnainen;14.05.1992;04.05.1993;Pohjois-Karjala
2809;0401420;Herajärvi;W;Vedenkorkeus;04.412;Satunnainen;27.05.1950;10.05.2005;Pohjois-Karjala
2810;0401430;Savijärvi;W;Vedenkorkeus;04.413;Satunnainen;15.01.1977;20.11.2006;Pohjois-Karjala
2811;0400770;Muntsurinjärvi;W;Vedenkorkeus;04.431;Satunnainen;10.12.1986;30.12.2008;Pohjois-Karjala
2812;0401440;Juuanjärvi;W;Vedenkorkeus;04.452;Satunnainen;28.10.1977;09.06.2005;Pohjois-Karjala
2815;0401312;Koppelojärvi;W;Vedenkorkeus;04.465;Satunnainen;24.05.1977;14.07.2004;Pohjois-Karjala
2816;0401120;Roukkajanjärvi;W;Vedenkorkeus;04.471;Satunnainen;16.04.1997;26.07.2004;Pohjois-Karjala
2819;0401210;Kuohattijärvi;W;Vedenkorkeus;04.478;Satunnainen;01.09.1977;12.12.2006;Pohjois-Karjala
3470;0405900;Koljonvirta;W;Vedenkorkeus;04.53;Satunnainen;;;Pohjois-Savo
3431;0406020;Mustanjoki;W;Vedenkorkeus;04.588;Satunnainen;16.01.2009;12.03.2018;Pohjois-Savo
3405;0407001;Somsankoski;W;Vedenkorkeus;04.631;Satunnainen;;;Pohjois-Savo
3331;0407500;Sammakkojärvi;W;Vedenkorkeus;04.664;Satunnainen;;;Pohjois-Savo
2821;0407380;Ala-Ruokonen;W;Vedenkorkeus;04.685;Satunnainen;23.05.1977;21.11.2006;Pohjois-Karjala
2823;0408312;Halijärvi;W;Vedenkorkeus;04.748;Satunnainen;25.10.1977;18.05.2005;Pohjois-Karjala
2824;0408330;Vaikkojärvi;W;Vedenkorkeus;04.752;Satunnainen;01.03.1974;21.11.2006;Pohjois-Karjala
2825;0408340;Saarijärvi;W;Vedenkorkeus;04.763;Satunnainen;25.10.1977;07.09.2004;Pohjois-Karjala
2827;0404840;Iso Polvijärvi;W;Vedenkorkeus;04.81;Satunnainen;17.10.1977;23.10.2006;Pohjois-Karjala
2828;0404870;Nisäjärvi;W;Vedenkorkeus;04.847;Satunnainen;22.02.1989;23.07.2004;Pohjois-Karjala
2829;0404880;Kuhnustanjärvi;W;Vedenkorkeus;04.851;Satunnainen;20.08.1947;11.05.2005;Pohjois-Karjala
2830;0402620;Ala-Kivilampi;W;Vedenkorkeus;04.914;Satunnainen;28.03.1993;08.09.2004;Pohjois-Karjala
1760;0402310;Ilomantsinjärvi;W;Vedenkorkeus;04.921;Satunnainen;01.01.1961;08.09.2004;Pohjois-Karjala
1761;0402320;Mekrijärvi;W;Vedenkorkeus;04.921;Satunnainen;01.01.1963;19.09.2011;Pohjois-Karjala
1759;0402300;Nuorajärvi, Oinassalmi;W;Vedenkorkeus;04.922;Satunnainen;01.01.1961;19.10.2015;Pohjois-Karjala
2831;0402110;Sysmä;W;Vedenkorkeus;04.925;Satunnainen;30.05.1977;18.10.2006;Pohjois-Karjala
2832;0402111;Syväjärvi;W;Vedenkorkeus;04.932;Satunnainen;27.05.1977;28.07.2004;Pohjois-Karjala
2833;0402112;Ilajanjärvi;W;Vedenkorkeus;04.933;Satunnainen;13.07.1961;17.10.2006;Pohjois-Karjala
2834;0402730;Suomunjärvi;W;Vedenkorkeus;04.962;Satunnainen;24.02.1993;29.07.2004;Pohjois-Karjala
2837;0402771;Harkkojärvi II;W;Vedenkorkeus;04.982;Satunnainen;26.05.1977;21.07.2004;Pohjois-Karjala
2838;0402772;Hattujärvi;W;Vedenkorkeus;04.983;Satunnainen;27.05.1977;28.07.2004;Pohjois-Karjala
2839;0402773;Harkkojärvi I;W;Vedenkorkeus;04.984;Satunnainen;26.05.1977;26.08.2004;Pohjois-Karjala
2840;0402330;Oskajärvi;W;Vedenkorkeus;04.992;Satunnainen;24.05.1994;20.07.2004;Pohjois-Karjala
3024;0900300;Väkevänjärvi;W;Vedenkorkeus;09.001;Satunnainen;06.04.1962;31.10.2025;Etelä-Karjala
2038;1406920;Sylvöjärvi;W;Vedenkorkeus;14.161;Satunnainen;01.01.1941;08.05.2014;Päijät-Häme
3138;1406921;Kymijärvi;W;Vedenkorkeus;14.164;Satunnainen;15.10.1960;01.11.2015;Päijät-Häme
3555;1406840;Tuusjärvi;W;Vedenkorkeus;14.173;Satunnainen;27.05.2014;27.05.2014;Päijät-Häme
3142;1406830;Viilajärvi;W;Vedenkorkeus;14.179;Satunnainen;21.04.1977;15.09.2024;Päijät-Häme
3143;1406820;Imjärvi;W;Vedenkorkeus;14.179;Satunnainen;21.04.1977;08.12.2013;Päijät-Häme
3042;1408810;Kaitajärvi;W;Vedenkorkeus;14.196;Satunnainen;31.08.1979;25.10.2025;Etelä-Karjala
3280;1405730;Sysmä, Artjärvi;W;Vedenkorkeus;14.221;Satunnainen;27.10.2004;13.08.2008;Päijät-Häme
3512;1405990;Auhjärvi;W;Vedenkorkeus;14.229;Satunnainen;09.04.1970;13.05.2013;Päijät-Häme
3156;1404740;Luonetjärvi;W;Vedenkorkeus;14.295;Satunnainen;01.01.2002;28.11.2023;Keski-Suomi
2896;1401220;Horonjärvi;W;Vedenkorkeus;14.715;Satunnainen;19.03.1973;30.04.2001;Pohjois-Savo
3153;1403621;Sääksjärvi;W;Vedenkorkeus;14.717;Satunnainen;;;Pohjois-Savo
2948;1403501;Pieksäjärvi;W;Vedenkorkeus;14.792;Satunnainen;27.12.1977;30.12.2013;Etelä-Savo
3141;1405720;Vanjärvi;W;Vedenkorkeus;14.813;Satunnainen;02.01.1970;10.10.2015;Päijät-Häme
2933;1408043;Peruvesi;W;Vedenkorkeus;14.916;Satunnainen;15.04.1976;31.12.2011;Etelä-Savo
2938;1408041;Pienivesi;W;Vedenkorkeus;14.917;Satunnainen;07.04.1970;31.08.2025;Etelä-Savo
3048;1407510;Mallosjärvi;W;Vedenkorkeus;14.927;Satunnainen;07.10.2002;30.04.2009;Etelä-Savo
2936;1407611;Korpijärvi;W;Vedenkorkeus;14.929;Satunnainen;03.10.1994;27.08.2022;Etelä-Savo
3396;1408411;Salajärvi;W;Vedenkorkeus;14.946;Satunnainen;02.01.1989;10.04.2018;Päijät-Häme
2934;1407424;Härkäjärvi;W;Vedenkorkeus;14.961;Satunnainen;03.01.1990;26.08.2013;Etelä-Savo
2947;1407425;Letvelampi;W;Vedenkorkeus;14.961;Satunnainen;03.01.1990;15.08.2013;Etelä-Savo
3409;1407433;Juvani;W;Vedenkorkeus;14.961;Satunnainen;30.05.2007;05.12.2014;Etelä-Savo
3408;1407431;Kutemajärvi;W;Vedenkorkeus;14.962;Satunnainen;21.05.2007;05.12.2014;Etelä-Savo
3185;1800600;Porvoonjoki,Strömsbergin voimalaitos;W;Vedenkorkeus;18.012;Satunnainen;01.01.1975;04.08.2014;Uusimaa
3471;1800900;Kuustjärvi;W;Vedenkorkeus;18.033;Satunnainen;15.05.1982;12.01.2010;Päijät-Häme
3501;1801000;Kylänjärvi;W;Vedenkorkeus;18.043;Satunnainen;18.11.2011;18.11.2011;Päijät-Häme
2957;1800800;Isojärvi eli Onkimaanjärvi;W;Vedenkorkeus;18.063;Satunnainen;04.05.1941;27.07.2022;Uusimaa
2124;1900300;Ridanfors;W;Vedenkorkeus;19.001;Satunnainen;01.01.1935;31.05.2002;Uusimaa
3186;1900120;Mustijoki, vesilaitos;W;Vedenkorkeus;19.001;Satunnainen;01.06.1973;31.03.2020;Uusimaa
3187;1900430;Kilpijärvi;W;Vedenkorkeus;19.007;Satunnainen;13.11.1983;28.12.2012;Uusimaa
3008;2000110;Byabäcken (Sipoonjoki);W;Vedenkorkeus;20.004;Satunnainen;08.01.1996;19.04.2021;Uusimaa
3123;2100220;Erkylän myllylampi;W;Vedenkorkeus;21.023;Satunnainen;03.09.2001;30.05.2004;Kanta-Häme
2128;2100121;Ala-Suolijärvi;W;Vedenkorkeus;21.033;Satunnainen;01.01.1970;31.07.2020;Uusimaa
2131;2100940;Sandbacka;W;Vedenkorkeus;21.045;Satunnainen;01.01.1971;30.09.2024;Uusimaa
3194;2100941;Mylly-Majalampi;W;Vedenkorkeus;21.045;Satunnainen;03.08.1970;31.12.2007;Uusimaa
2130;2100920;Valkjärvi;W;Vedenkorkeus;21.054;Satunnainen;01.11.1960;30.09.2024;Uusimaa
3266;2200670;Pikkalanjoki, joella;W;Vedenkorkeus;22.001;Satunnainen;01.01.1982;31.12.2011;Uusimaa
3267;2200680;Pikkalanjoki, merellä;W;Vedenkorkeus;22.001;Satunnainen;01.01.1982;31.12.2011;Uusimaa
2959;2300320;Vaskijärvi;W;Vedenkorkeus;23.056;Satunnainen;03.01.1984;29.12.2015;Uusimaa
3180;2300248;Pitkäjärvi, Nummenjoen pato;W;Vedenkorkeus;23.071;Satunnainen;01.04.1992;30.01.2005;Uusimaa
3189;2300312;Vihtilammi;W;Vedenkorkeus;23.093;Satunnainen;04.05.1979;21.12.2025;Uusimaa
2145;2300310;Sääksjärvi;W;Vedenkorkeus;23.097;Satunnainen;01.05.1959;02.03.2020;Uusimaa
3190;2300311;Sääksjärvi, Nurmijärvi;W;Vedenkorkeus;23.097;Satunnainen;26.06.1979;21.12.2025;Uusimaa
3195;2400100;Sikajärvi, pato;W;Vedenkorkeus;24.032;Satunnainen;24.04.1981;21.01.1999;Uusimaa
3198;2400110;Sikajärvi, Kärkelän voimalaitospato;W;Vedenkorkeus;24.032;Satunnainen;27.08.1979;21.01.1999;Uusimaa
3904;2403700;Enäjärvi, Lauttavesi;W;Vedenkorkeus;24.033;Satunnainen;15.07.2020;28.06.2025;Uusimaa
3102;2700111;Valkjärvi, etujärvi;W;Vedenkorkeus;27.043;Satunnainen;12.05.2002;31.08.2016;Kanta-Häme
3208;3300300;Kauklainen;W;Vedenkorkeus;33.002;Satunnainen;01.04.2000;08.11.2023;Satakunta
3604;3502545;Myllyjoki-Katumajärvi;W;Vedenkorkeus;35.236;Satunnainen;07.03.2015;08.08.2019;Kanta-Häme
3429;3503112;Kotkajärvi;W;Vedenkorkeus;35.285;Satunnainen;01.04.1954;18.10.2010;Kanta-Häme
3493;3501450;Konaanjärvi;W;Vedenkorkeus;35.773;Satunnainen;07.03.1945;07.12.2024;Kanta-Häme
3122;3501340;Jylisjärvi;W;Vedenkorkeus;35.775;Satunnainen;21.02.1996;28.12.2008;Kanta-Häme
3129;3501210;Porraskoski, pato;W;Vedenkorkeus;35.783;Satunnainen;01.04.1951;22.08.2009;Kanta-Häme
3133;3501230;Karvalammi;W;Vedenkorkeus;35.787;Satunnainen;30.10.2001;25.07.2007;Kanta-Häme
3134;3501240;Syrjänalunen;W;Vedenkorkeus;35.787;Satunnainen;30.10.2001;03.09.2007;Kanta-Häme
3326;3501212;Oksjärvi;W;Vedenkorkeus;35.788;Satunnainen;01.04.2006;07.09.2008;Kanta-Häme
3121;3501330;Suolijärvi;W;Vedenkorkeus;35.791;Satunnainen;21.02.1962;18.10.2017;Kanta-Häme
3440;3501370;Pannujärvi;W;Vedenkorkeus;35.793;Satunnainen;10.01.2013;25.11.2017;Kanta-Häme
3488;3501950;Hausjärven Valkjärvi;W;Vedenkorkeus;35.823;Satunnainen;;;Kanta-Häme
3489;3501960;Kivenpuulammi;W;Vedenkorkeus;35.823;Satunnainen;;;Kanta-Häme
3665;3501970;Vääräkoski/ Mallasjoki;W;Vedenkorkeus;35.825;Satunnainen;18.02.2015;09.04.2016;Kanta-Häme
3775;3501870;Sahakoski ylä;W;Vedenkorkeus;35.833;Satunnainen;11.04.2019;19.10.2020;Päijät-Häme
3487;3502100;Lastujärvi;W;Vedenkorkeus;35.84;Satunnainen;;;Kanta-Häme
3110;3502321;Renkajoki;W;Vedenkorkeus;35.884;Satunnainen;15.07.2001;31.08.2009;Kanta-Häme
3518;3502323;Kuittilankoski ylä;W;Vedenkorkeus;35.884;Satunnainen;;;Kanta-Häme
3428;3502322;Renkajärvi;W;Vedenkorkeus;35.885;Satunnainen;05.09.2008;12.08.2024;Kanta-Häme
3101;3502330;Lairo;W;Vedenkorkeus;35.886;Satunnainen;05.04.1969;16.09.2014;Kanta-Häme
3109;3502311;Kyynäröinen;W;Vedenkorkeus;35.886;Satunnainen;01.01.1991;12.09.2017;Kanta-Häme
3482;3509117;Määrlammi;W;Vedenkorkeus;35.931;Satunnainen;30.06.2010;01.11.2014;Kanta-Häme
3517;3509118;Mustialanlammi;W;Vedenkorkeus;35.935;Satunnainen;20.09.2012;13.01.2022;Kanta-Häme
3780;3509109;Pitkäjärvi;W;Vedenkorkeus;35.936;Satunnainen;04.06.2019;09.09.2021;Kanta-Häme
3483;3509116;Särkijärvi;W;Vedenkorkeus;35.973;Satunnainen;02.07.2010;15.09.2016;Kanta-Häme
3437;3509141;Liesjärvi-Kyynärä;W;Vedenkorkeus;35.982;Satunnainen;05.01.2009;10.03.2018;Kanta-Häme
3888;3509129;Pitkäjärvi;W;Vedenkorkeus;35.984;Satunnainen;22.12.2019;12.12.2020;Kanta-Häme
3913;3509128;Ilmetynjoki;W;Vedenkorkeus;35.984;Satunnainen;17.07.2018;17.10.2024;Kanta-Häme
2663;3600520;Inhottujärvi, Riuttan pato, ylä;W;Vedenkorkeus;36.021;Satunnainen;01.01.1964;30.12.2016;Satakunta
3206;3600320;Venesjärvi;W;Vedenkorkeus;36.023;Satunnainen;01.04.1998;29.07.2000;Satakunta
2682;4200700;Kyrönjoki, Napue;W;Vedenkorkeus;42.021;Satunnainen;05.10.1987;22.12.2025;Etelä-Pohjanmaa
3954;4402000;Allasjoki, Välilammen pumppaamo;W;Vedenkorkeus;44.098;Satunnainen;27.01.2023;22.12.2025;Etelä-Pohjanmaa
3553;5700310;Mankila;W;Vedenkorkeus;57.021;Satunnainen;17.02.2014;20.04.2016;Pohjois-Pohjanmaa
3213;5700163;Vähä-lamujärvi pato;W;Vedenkorkeus;57.063;Satunnainen;27.03.1918;22.12.2025;Pohjois-Pohjanmaa
3090;8102700;Lippajärvi;W;Vedenkorkeus;81.055;Satunnainen;06.01.1983;21.07.2008;Uusimaa
3083;8102810;Dämman;W;Vedenkorkeus;81.057;Satunnainen;01.01.1973;22.12.2025;Uusimaa
2970;8103600;Humaljärvi, säännöstelypato;W;Vedenkorkeus;81.061;Satunnainen;01.02.1979;31.01.2015;Uusimaa
3089;8103400;Meikojärvi;W;Vedenkorkeus;81.061;Satunnainen;18.02.1970;28.06.2010;Uusimaa
3193;8103120;Kvarnbynjoki, Överbyn pato;W;Vedenkorkeus;81.061;Satunnainen;15.01.1979;06.05.2002;Uusimaa
3085;8103210;Marsjön;W;Vedenkorkeus;81.068;Satunnainen;01.05.1969;16.07.2012;Uusimaa
3087;8103220;Bruksträsket;W;Vedenkorkeus;81.070;Satunnainen;30.01.1994;30.07.2012;Uusimaa
3088;8101900;Lappomträsket;W;Vedenkorkeus;81V026;Satunnainen;01.01.1967;30.09.2008;Uusimaa
3191;8103100;Valkolampi;W;Vedenkorkeus;81V062;Satunnainen;01.01.1978;31.12.2006;Uusimaa
3192;8103110;Niittylampi;W;Vedenkorkeus;81V062;Satunnainen;01.01.1978;02.10.2006;Uusimaa
3196;8200100;Degersjö, Älsviken;W;Vedenkorkeus;82.002;Satunnainen;24.11.1980;30.04.2012;Uusimaa
3197;8200110;Seljänalanen, Antskog sluss;W;Vedenkorkeus;82.002;Satunnainen;01.01.1977;28.04.2012;Uusimaa
3001;8200200;Kvarnträsket;W;Vedenkorkeus;82.006;Satunnainen;16.03.1995;05.10.2007;Uusimaa
2649;8200700;Hintsan-Lähteenmäen allas;W;Vedenkorkeus;82.047;Satunnainen;01.01.1999;31.05.2007;Varsinais-Suomi
2650;8200800;Ruskojoki, Merttilän allas;W;Vedenkorkeus;82.047;Satunnainen;01.01.1999;31.05.2007;Varsinais-Suomi
2651;8200900;Hintsan allas;W;Vedenkorkeus;82.047;Satunnainen;01.01.1999;31.05.2007;Varsinais-Suomi
3258;8201300;Gennarbyviken, Merenpuoli;W;Vedenkorkeus;92.111;Satunnainen;01.01.1976;31.10.2002;Uusimaa
3263;8201310;Gennarbyviken, Lahdenpuoli;W;Vedenkorkeus;92.111;Satunnainen;01.01.1976;31.10.2002;Uusimaa
