fid,paikka_id,tunnus,nimi,suurekoodi,suure,vesistonumero,tila,ensimmainenhavainto,viimeisinhavainto,koordertmpohj,koordertmita,layer,path,namefin
1,894,"0100150",Ruskeakoski,Q,Virtaama,"01.021",Jatkuva,01.01.1959,13.02.2026,6926492,677686,Hydrologiset havaintopaikat virtaama Q, pagingEnabled='true' preferCoordinatesForWfsT11='false' restrictToRequestBBOX='1' srsname='EPSG:3067' typename='inspire_ef:EF.HydrologisetHavaintopaikat_Virtaama_Q' url='https://paikkatiedot.ymparisto.fi/geoserver/inspire_ef/wfs' url='https://paikkatiedot.ymparisto.fi/geoserver/inspire_ef/wfs?request=GetCapabilities' version='auto',Pohjois-Karjala
2,895,"0101251",Vääräkoski,Q,Virtaama,"01.012",Jatkuva,01.01.1981,13.02.2026,6902976,682005,Hydrologiset havaintopaikat virtaama Q, pagingEnabled='true' preferCoordinatesForWfsT11='false' restrictToRequestBBOX='1' srsname='EPSG:3067' typename='inspire_ef:EF.HydrologisetHavaintopaikat_Virtaama_Q' url='https://paikkatiedot.ymparisto.fi/geoserver/inspire_ef/wfs' url='https://paikkatiedot.ymparisto.fi/geoserver/inspire_ef/wfs?request=GetCapabilities' version='auto',Pohjois-Karjala
3,896,"0201000",Kontturi,Q,Virtaama,"02.021",Jatkuva,01.01.1978,15.02.2026,6876149,673968,Hydrologiset havaintopaikat virtaama Q, pagingEnabled='true' preferCoordinatesForWfsT11='false' restrictToRequestBBOX='1' srsname='EPSG:3067' typename='inspire_ef:EF.HydrologisetHavaintopaikat_Virtaama_Q' url='https://paikkatiedot.ymparisto.fi/geoserver/inspire_ef/wfs' url='https://paikkatiedot.ymparisto.fi/geoserver/inspire_ef/wfs?request=GetCapabilities' version='auto',Pohjois-Karjala
4,897,"0300250",Juankoski,Q,Virtaama,"03.021",Jatkuva,01.03.1975,15.02.2026,6813473,624968,Hydrologiset havaintopaikat virtaama Q, pagingEnabled='true' preferCoordinatesForWfsT11='false' restrictToRequestBBOX='1' srsname='EPSG:3067' typename='inspire_ef:EF.HydrologisetHavaintopaikat_Virtaama_Q' url='https://paikkatiedot.ymparisto.fi/geoserver/inspire_ef/wfs' url='https://paikkatiedot.ymparisto.fi/geoserver/inspire_ef/wfs?request=GetCapabilities' version='auto',Etelä-Karjala
5,898,"0300450",Kangaskoski,Q,Virtaama,"03.011",Jatkuva,01.01.1982,31.07.2021,6811004,628245,Hydrologiset havaintopaikat virtaama Q, pagingEnabled='true' preferCoordinatesForWfsT11='false' restrictToRequestBBOX='1' srsname='EPSG:3067' typename='inspire_ef:EF.HydrologisetHavaintopaikat_Virtaama_Q' url='https://paikkatiedot.ymparisto.fi/geoserver/inspire_ef/wfs' url='https://paikkatiedot.ymparisto.fi/geoserver/inspire_ef/wfs?request=GetCapabilities' version='auto',Etelä-Karjala
6,900,"0400520","Jongunjoki, Viitakoski",Q,Virtaama,"04.432",Jatkuva,01.01.1973,15.02.2026,7051867,649728,Hydrologiset havaintopaikat virtaama Q, pagingEnabled='true' preferCoordinatesForWfsT11='false' restrictToRequestBBOX='1' srsname='EPSG:3067' typename='inspire_ef:EF.HydrologisetHavaintopaikat_Virtaama_Q' url='https://paikkatiedot.ymparisto.fi/geoserver/inspire_ef/wfs' url='https://paikkatiedot.ymparisto.fi/geoserver/inspire_ef/wfs?request=GetCapabilities' version='auto',Pohjois-Karjala
7,901,"0400600","Lieksanjoki, Ruunaa",Q,Virtaama,"04.492",Jatkuva,01.01.1931,15.02.2026,7036836,673217,Hydrologiset havaintopaikat virtaama Q, pagingEnabled='true' preferCoordinatesForWfsT11='false' restrictToRequestBBOX='1' srsname='EPSG:3067' typename='inspire_ef:EF.HydrologisetHavaintopaikat_Virtaama_Q' url='https://paikkatiedot.ymparisto.fi/geoserver/inspire_ef/wfs' url='https://paikkatiedot.ymparisto.fi/geoserver/inspire_ef/wfs?request=GetCapabilities' version='auto',Pohjois-Karjala
8,903,"0400850","Lieksanjoki, Lieksankoski",Q,Virtaama,"04.422",Jatkuva,01.01.1961,15.02.2026,7026588,652025,Hydrologiset havaintopaikat virtaama Q, pagingEnabled='true' preferCoordinatesForWfsT11='false' restrictToRequestBBOX='1' srsname='EPSG:3067' typename='inspire_ef:EF.HydrologisetHavaintopaikat_Virtaama_Q' url='https://paikkatiedot.ymparisto.fi/geoserver/inspire_ef/wfs' url='https://paikkatiedot.ymparisto.fi/geoserver/inspire_ef/wfs?request=GetCapabilities' version='auto',Pohjois-Karjala
9,905,"0401110","Saramojoki, Roukkajankoski",Q,Virtaama,"04.472",Jatkuva,01.01.1974,15.02.2026,7059048,603681,Hydrologiset havaintopaikat virtaama Q, pagingEnabled='true' preferCoordinatesForWfsT11='false' restrictToRequestBBOX='1' srsname='EPSG:3067' typename='inspire_ef:EF.HydrologisetHavaintopaikat_Virtaama_Q' url='https://paikkatiedot.ymparisto.fi/geoserver/inspire_ef/wfs' url='https://paikkatiedot.ymparisto.fi/geoserver/inspire_ef/wfs?request=GetCapabilities' version='auto',Pohjois-Karjala
10,907,"0401320","Valtimonjoki, Nuolikoski",Q,Virtaama,"04.463",Jatkuva,01.01.1976,15.02.2026,7065717,586853,Hydrologiset havaintopaikat virtaama Q, pagingEnabled='true' preferCoordinatesForWfsT11='false' restrictToRequestBBOX='1' srsname='EPSG:3067' typename='inspire_ef:EF.HydrologisetHavaintopaikat_Virtaama_Q' url='https://paikkatiedot.ymparisto.fi/geoserver/inspire_ef/wfs' url='https://paikkatiedot.ymparisto.fi/geoserver/inspire_ef/wfs?request=GetCapabilities' version='auto',Pohjois-Karjala
11,908,"0401350","Valtimonjoki, Kuokkastenkoski",Q,Virtaama,"04.461",Jatkuva,01.01.1993,13.02.2026,7047436,597177,Hydrologiset havaintopaikat virtaama Q, pagingEnabled='true' preferCoordinatesForWfsT11='false' restrictToRequestBBOX='1' srsname='EPSG:3067' typename='inspire_ef:EF.HydrologisetHavaintopaikat_Virtaama_Q' url='https://paikkatiedot.ymparisto.fi/geoserver/inspire_ef/wfs' url='https://paikkatiedot.ymparisto.fi/geoserver/inspire_ef/wfs?request=GetCapabilities' version='auto',Pohjois-Karjala
12,909,"0401920","Haapajoki, Putkulankoski",Q,Virtaama,"04.953",Jatkuva,01.01.1976,15.02.2026,7002832,703323,Hydrologiset havaintopaikat virtaama Q, pagingEnabled='true' preferCoordinatesForWfsT11='false' restrictToRequestBBOX='1' srsname='EPSG:3067' typename='inspire_ef:EF.HydrologisetHavaintopaikat_Virtaama_Q' url='https://paikkatiedot.ymparisto.fi/geoserver/inspire_ef/wfs' url='https://paikkatiedot.ymparisto.fi/geoserver/inspire_ef/wfs?request=GetCapabilities' version='auto',Pohjois-Karjala
13,910,"0402120","Koitajoki, Möhkönkoski",Q,Virtaama,"04.931",Jatkuva,23.11.1965,15.02.2026,6953211,720297,Hydrologiset havaintopaikat virtaama Q, pagingEnabled='true' preferCoordinatesForWfsT11='false' restrictToRequestBBOX='1' srsname='EPSG:3067' typename='inspire_ef:EF.HydrologisetHavaintopaikat_Virtaama_Q' url='https://paikkatiedot.ymparisto.fi/geoserver/inspire_ef/wfs' url='https://paikkatiedot.ymparisto.fi/geoserver/inspire_ef/wfs?request=GetCapabilities' version='auto',Pohjois-Karjala
14,917,"0402850","Koitajoki, Pamilo",Q,Virtaama,"04.912",Jatkuva,01.05.1955,14.02.2026,6968072,674810,Hydrologiset havaintopaikat virtaama Q, pagingEnabled='true' preferCoordinatesForWfsT11='false' restrictToRequestBBOX='1' srsname='EPSG:3067' typename='inspire_ef:EF.HydrologisetHavaintopaikat_Virtaama_Q' url='https://paikkatiedot.ymparisto.fi/geoserver/inspire_ef/wfs' url='https://paikkatiedot.ymparisto.fi/geoserver/inspire_ef/wfs?request=GetCapabilities' version='auto',Pohjois-Karjala
15,919,"0403350","Pielisjoki, Kaltimo",Q,Virtaama,"04.342",Jatkuva,01.12.1958,13.02.2026,6963828,659782,Hydrologiset havaintopaikat virtaama Q, pagingEnabled='true' preferCoordinatesForWfsT11='false' restrictToRequestBBOX='1' srsname='EPSG:3067' typename='inspire_ef:EF.HydrologisetHavaintopaikat_Virtaama_Q' url='https://paikkatiedot.ymparisto.fi/geoserver/inspire_ef/wfs' url='https://paikkatiedot.ymparisto.fi/geoserver/inspire_ef/wfs?request=GetCapabilities' version='auto',Pohjois-Karjala
16,921,"0404350","Pielisjoki, Kuurna",Q,Virtaama,"04.332",Jatkuva,01.01.1972,13.02.2026,6955988,647054,Hydrologiset havaintopaikat virtaama Q, pagingEnabled='true' preferCoordinatesForWfsT11='false' restrictToRequestBBOX='1' srsname='EPSG:3067' typename='inspire_ef:EF.HydrologisetHavaintopaikat_Virtaama_Q' url='https://paikkatiedot.ymparisto.fi/geoserver/inspire_ef/wfs' url='https://paikkatiedot.ymparisto.fi/geoserver/inspire_ef/wfs?request=GetCapabilities' version='auto',Pohjois-Karjala
17,923,"0404813",Rauanjoki,Q,Virtaama,"04.831",Jatkuva,01.01.1979,15.02.2026,6980416,624005,Hydrologiset havaintopaikat virtaama Q, pagingEnabled='true' preferCoordinatesForWfsT11='false' restrictToRequestBBOX='1' srsname='EPSG:3067' typename='inspire_ef:EF.HydrologisetHavaintopaikat_Virtaama_Q' url='https://paikkatiedot.ymparisto.fi/geoserver/inspire_ef/wfs' url='https://paikkatiedot.ymparisto.fi/geoserver/inspire_ef/wfs?request=GetCapabilities' version='auto',Pohjois-Karjala
18,924,"0404850","Höytiäinen, Puntarikoski",Q,Virtaama,"04.821",Jatkuva,01.01.1958,13.02.2026,6952727,635716,Hydrologiset havaintopaikat virtaama Q, pagingEnabled='true' preferCoordinatesForWfsT11='false' restrictToRequestBBOX='1' srsname='EPSG:3067' typename='inspire_ef:EF.HydrologisetHavaintopaikat_Virtaama_Q' url='https://paikkatiedot.ymparisto.fi/geoserver/inspire_ef/wfs' url='https://paikkatiedot.ymparisto.fi/geoserver/inspire_ef/wfs?request=GetCapabilities' version='auto',Pohjois-Karjala
19,927,"0405250","Pyhäjärvi, Puhos",Q,Virtaama,"04.391",Jatkuva,01.01.1966,13.02.2026,6888107,650137,Hydrologiset havaintopaikat virtaama Q, pagingEnabled='true' preferCoordinatesForWfsT11='false' restrictToRequestBBOX='1' srsname='EPSG:3067' typename='inspire_ef:EF.HydrologisetHavaintopaikat_Virtaama_Q' url='https://paikkatiedot.ymparisto.fi/geoserver/inspire_ef/wfs' url='https://paikkatiedot.ymparisto.fi/geoserver/inspire_ef/wfs?request=GetCapabilities' version='auto',Pohjois-Karjala
20,931,"0405750","Salahminjärvi, Salahmi",Q,Virtaama,"04.541",Jatkuva,01.01.1969,05.02.2026,7075096,496703,Hydrologiset havaintopaikat virtaama Q, pagingEnabled='true' preferCoordinatesForWfsT11='false' restrictToRequestBBOX='1' srsname='EPSG:3067' typename='inspire_ef:EF.HydrologisetHavaintopaikat_Virtaama_Q' url='https://paikkatiedot.ymparisto.fi/geoserver/inspire_ef/wfs' url='https://paikkatiedot.ymparisto.fi/geoserver/inspire_ef/wfs?request=GetCapabilities' version='auto',Pohjois-Savo
21,933,"0406010",Sonkajärvi - luusua,Q,Virtaama,"04.583",Jatkuva,01.01.1973,15.02.2026,7063651,520884,Hydrologiset havaintopaikat virtaama Q, pagingEnabled='true' preferCoordinatesForWfsT11='false' restrictToRequestBBOX='1' srsname='EPSG:3067' typename='inspire_ef:EF.HydrologisetHavaintopaikat_Virtaama_Q' url='https://paikkatiedot.ymparisto.fi/geoserver/inspire_ef/wfs' url='https://paikkatiedot.ymparisto.fi/geoserver/inspire_ef/wfs?request=GetCapabilities' version='auto',Pohjois-Savo
22,935,"0406260","Porovesi, Nerohvirta",Q,Virtaama,"04.512",Jatkuva,01.01.1983,14.02.2026,7037731,511112,Hydrologiset havaintopaikat virtaama Q, pagingEnabled='true' preferCoordinatesForWfsT11='false' restrictToRequestBBOX='1' srsname='EPSG:3067' typename='inspire_ef:EF.HydrologisetHavaintopaikat_Virtaama_Q' url='https://paikkatiedot.ymparisto.fi/geoserver/inspire_ef/wfs' url='https://paikkatiedot.ymparisto.fi/geoserver/inspire_ef/wfs?request=GetCapabilities' version='auto',Pohjois-Savo
23,937,"0406460","Onkivesi, Viannonkoski",Q,Virtaama,"04.511",Jatkuva,01.09.1977,15.02.2026,7010162,510224,Hydrologiset havaintopaikat virtaama Q, pagingEnabled='true' preferCoordinatesForWfsT11='false' restrictToRequestBBOX='1' srsname='EPSG:3067' typename='inspire_ef:EF.HydrologisetHavaintopaikat_Virtaama_Q' url='https://paikkatiedot.ymparisto.fi/geoserver/inspire_ef/wfs' url='https://paikkatiedot.ymparisto.fi/geoserver/inspire_ef/wfs?request=GetCapabilities' version='auto',Pohjois-Savo
24,938,"0406610",Pulkonkoski,Q,Virtaama,"04.287",Jatkuva,06.04.1982,15.02.2026,6999985,508825,Hydrologiset havaintopaikat virtaama Q, pagingEnabled='true' preferCoordinatesForWfsT11='false' restrictToRequestBBOX='1' srsname='EPSG:3067' typename='inspire_ef:EF.HydrologisetHavaintopaikat_Virtaama_Q' url='https://paikkatiedot.ymparisto.fi/geoserver/inspire_ef/wfs' url='https://paikkatiedot.ymparisto.fi/geoserver/inspire_ef/wfs?request=GetCapabilities' version='auto',Pohjois-Savo
25,939,"0406750","Laakajärvi, Kiltua",Q,Virtaama,"04.644",Jatkuva,01.01.1983,05.02.2026,7078555,544040,Hydrologiset havaintopaikat virtaama Q, pagingEnabled='true' preferCoordinatesForWfsT11='false' restrictToRequestBBOX='1' srsname='EPSG:3067' typename='inspire_ef:EF.HydrologisetHavaintopaikat_Virtaama_Q' url='https://paikkatiedot.ymparisto.fi/geoserver/inspire_ef/wfs' url='https://paikkatiedot.ymparisto.fi/geoserver/inspire_ef/wfs?request=GetCapabilities' version='auto',Pohjois-Savo
26,941,"0406860","Kiltuanjärvi, Jyrkkä",Q,Virtaama,"04.643",Jatkuva,13.04.1998,05.02.2026,7072447,539862,Hydrologiset havaintopaikat virtaama Q, pagingEnabled='true' preferCoordinatesForWfsT11='false' restrictToRequestBBOX='1' srsname='EPSG:3067' typename='inspire_ef:EF.HydrologisetHavaintopaikat_Virtaama_Q' url='https://paikkatiedot.ymparisto.fi/geoserver/inspire_ef/wfs' url='https://paikkatiedot.ymparisto.fi/geoserver/inspire_ef/wfs?request=GetCapabilities' version='auto',Pohjois-Savo
27,943,"0406950",Sälevä,Q,Virtaama,"04.642",Jatkuva,01.01.1991,05.02.2026,7043205,547192,Hydrologiset havaintopaikat virtaama Q, pagingEnabled='true' preferCoordinatesForWfsT11='false' restrictToRequestBBOX='1' srsname='EPSG:3067' typename='inspire_ef:EF.HydrologisetHavaintopaikat_Virtaama_Q' url='https://paikkatiedot.ymparisto.fi/geoserver/inspire_ef/wfs' url='https://paikkatiedot.ymparisto.fi/geoserver/inspire_ef/wfs?request=GetCapabilities' version='auto',Pohjois-Savo
28,944,"0407050",Atro,Q,Virtaama,"04.641",Jatkuva,01.01.1957,05.02.2026,7027506,549408,Hydrologiset havaintopaikat virtaama Q, pagingEnabled='true' preferCoordinatesForWfsT11='false' restrictToRequestBBOX='1' srsname='EPSG:3067' typename='inspire_ef:EF.HydrologisetHavaintopaikat_Virtaama_Q' url='https://paikkatiedot.ymparisto.fi/geoserver/inspire_ef/wfs' url='https://paikkatiedot.ymparisto.fi/geoserver/inspire_ef/wfs?request=GetCapabilities' version='auto',Pohjois-Savo
29,946,"0407260","Syväri, Lastukoski",Q,Virtaama,"04.631",Jatkuva,01.01.1989,05.02.2026,7009047,564162,Hydrologiset havaintopaikat virtaama Q, pagingEnabled='true' preferCoordinatesForWfsT11='false' restrictToRequestBBOX='1' srsname='EPSG:3067' typename='inspire_ef:EF.HydrologisetHavaintopaikat_Virtaama_Q' url='https://paikkatiedot.ymparisto.fi/geoserver/inspire_ef/wfs' url='https://paikkatiedot.ymparisto.fi/geoserver/inspire_ef/wfs?request=GetCapabilities' version='auto',Pohjois-Savo
30,949,"0407410",Keyritty - luusua,Q,Virtaama,"04.673",Jatkuva,01.01.1987,15.02.2026,7027602,568768,Hydrologiset havaintopaikat virtaama Q, pagingEnabled='true' preferCoordinatesForWfsT11='false' restrictToRequestBBOX='1' srsname='EPSG:3067' typename='inspire_ef:EF.HydrologisetHavaintopaikat_Virtaama_Q' url='https://paikkatiedot.ymparisto.fi/geoserver/inspire_ef/wfs' url='https://paikkatiedot.ymparisto.fi/geoserver/inspire_ef/wfs?request=GetCapabilities' version='auto',Pohjois-Savo
31,951,"0407750",Karjalankoski,Q,Virtaama,"04.612",Jatkuva,01.01.1961,05.02.2026,6991270,565982,Hydrologiset havaintopaikat virtaama Q, pagingEnabled='true' preferCoordinatesForWfsT11='false' restrictToRequestBBOX='1' srsname='EPSG:3067' typename='inspire_ef:EF.HydrologisetHavaintopaikat_Virtaama_Q' url='https://paikkatiedot.ymparisto.fi/geoserver/inspire_ef/wfs' url='https://paikkatiedot.ymparisto.fi/geoserver/inspire_ef/wfs?request=GetCapabilities' version='auto',Pohjois-Savo
32,954,"0408081","Kallavesi, Konnus",Q,Virtaama,"04.272",Jatkuva,01.01.1931,05.02.2026,6935678,539528,Hydrologiset havaintopaikat virtaama Q, pagingEnabled='true' preferCoordinatesForWfsT11='false' restrictToRequestBBOX='1' srsname='EPSG:3067' typename='inspire_ef:EF.HydrologisetHavaintopaikat_Virtaama_Q' url='https://paikkatiedot.ymparisto.fi/geoserver/inspire_ef/wfs' url='https://paikkatiedot.ymparisto.fi/geoserver/inspire_ef/wfs?request=GetCapabilities' version='auto',Pohjois-Savo
33,955,"0408087",Kallavesi - Konnus + Karvio,Q,Virtaama,"04.272",Jatkuva,01.01.1931,05.02.2026,6935678,539528,Hydrologiset havaintopaikat virtaama Q, pagingEnabled='true' preferCoordinatesForWfsT11='false' restrictToRequestBBOX='1' srsname='EPSG:3067' typename='inspire_ef:EF.HydrologisetHavaintopaikat_Virtaama_Q' url='https://paikkatiedot.ymparisto.fi/geoserver/inspire_ef/wfs' url='https://paikkatiedot.ymparisto.fi/geoserver/inspire_ef/wfs?request=GetCapabilities' version='auto',Pohjois-Savo
34,956,"0408300",Saarijärvi - luusua,Q,Virtaama,"04.741",Jatkuva,01.01.1961,15.02.2026,6978951,583939,Hydrologiset havaintopaikat virtaama Q, pagingEnabled='true' preferCoordinatesForWfsT11='false' restrictToRequestBBOX='1' srsname='EPSG:3067' typename='inspire_ef:EF.HydrologisetHavaintopaikat_Virtaama_Q' url='https://paikkatiedot.ymparisto.fi/geoserver/inspire_ef/wfs' url='https://paikkatiedot.ymparisto.fi/geoserver/inspire_ef/wfs?request=GetCapabilities' version='auto',Pohjois-Savo
35,958,"0408320",Kajoonjärvi - luusua,Q,Virtaama,"04.761",Jatkuva,01.01.1975,14.02.2026,7003924,595687,Hydrologiset havaintopaikat virtaama Q, pagingEnabled='true' preferCoordinatesForWfsT11='false' restrictToRequestBBOX='1' srsname='EPSG:3067' typename='inspire_ef:EF.HydrologisetHavaintopaikat_Virtaama_Q' url='https://paikkatiedot.ymparisto.fi/geoserver/inspire_ef/wfs' url='https://paikkatiedot.ymparisto.fi/geoserver/inspire_ef/wfs?request=GetCapabilities' version='auto',Pohjois-Karjala
36,961,"0408650","Juojärvi, Palokki",Q,Virtaama,"04.711",Jatkuva,01.01.1961,13.02.2026,6937819,583547,Hydrologiset havaintopaikat virtaama Q, pagingEnabled='true' preferCoordinatesForWfsT11='false' restrictToRequestBBOX='1' srsname='EPSG:3067' typename='inspire_ef:EF.HydrologisetHavaintopaikat_Virtaama_Q' url='https://paikkatiedot.ymparisto.fi/geoserver/inspire_ef/wfs' url='https://paikkatiedot.ymparisto.fi/geoserver/inspire_ef/wfs?request=GetCapabilities' version='auto',Pohjois-Karjala
37,962,"0408700","Varisvesi, Karvio",Q,Virtaama,"04.273",Jatkuva,01.01.1911,15.02.2026,6932595,584433,Hydrologiset havaintopaikat virtaama Q, pagingEnabled='true' preferCoordinatesForWfsT11='false' restrictToRequestBBOX='1' srsname='EPSG:3067' typename='inspire_ef:EF.HydrologisetHavaintopaikat_Virtaama_Q' url='https://paikkatiedot.ymparisto.fi/geoserver/inspire_ef/wfs' url='https://paikkatiedot.ymparisto.fi/geoserver/inspire_ef/wfs?request=GetCapabilities' version='auto',Pohjois-Karjala
38,963,"0408900",Kermajärvi - luusua,Q,Virtaama,"04.274",Jatkuva,01.01.1970,15.02.2026,6919511,590583,Hydrologiset havaintopaikat virtaama Q, pagingEnabled='true' preferCoordinatesForWfsT11='false' restrictToRequestBBOX='1' srsname='EPSG:3067' typename='inspire_ef:EF.HydrologisetHavaintopaikat_Virtaama_Q' url='https://paikkatiedot.ymparisto.fi/geoserver/inspire_ef/wfs' url='https://paikkatiedot.ymparisto.fi/geoserver/inspire_ef/wfs?request=GetCapabilities' version='auto',Pohjois-Karjala
39,964,"0409550","Sorsavesi, Sorsakoski",Q,Virtaama,"04.263",Jatkuva,01.10.1988,05.02.2026,6924481,534007,Hydrologiset havaintopaikat virtaama Q, pagingEnabled='true' preferCoordinatesForWfsT11='false' restrictToRequestBBOX='1' srsname='EPSG:3067' typename='inspire_ef:EF.HydrologisetHavaintopaikat_Virtaama_Q' url='https://paikkatiedot.ymparisto.fi/geoserver/inspire_ef/wfs' url='https://paikkatiedot.ymparisto.fi/geoserver/inspire_ef/wfs?request=GetCapabilities' version='auto',Pohjois-Savo
40,967,"0409950",Maavesi,Q,Virtaama,"04.252",Jatkuva,01.01.1960,05.02.2026,6898708,529997,Hydrologiset havaintopaikat virtaama Q, pagingEnabled='true' preferCoordinatesForWfsT11='false' restrictToRequestBBOX='1' srsname='EPSG:3067' typename='inspire_ef:EF.HydrologisetHavaintopaikat_Virtaama_Q' url='https://paikkatiedot.ymparisto.fi/geoserver/inspire_ef/wfs' url='https://paikkatiedot.ymparisto.fi/geoserver/inspire_ef/wfs?request=GetCapabilities' version='auto',Pohjois-Savo
41,969,"0410400",Lohnajärvi - luusua,Q,Virtaama,"04.172",Jatkuva,01.01.1975,15.02.2026,6856503,568601,Hydrologiset havaintopaikat virtaama Q, pagingEnabled='true' preferCoordinatesForWfsT11='false' restrictToRequestBBOX='1' srsname='EPSG:3067' typename='inspire_ef:EF.HydrologisetHavaintopaikat_Virtaama_Q' url='https://paikkatiedot.ymparisto.fi/geoserver/inspire_ef/wfs' url='https://paikkatiedot.ymparisto.fi/geoserver/inspire_ef/wfs?request=GetCapabilities' version='auto',Etelä-Savo
42,970,"0410410",Kuolimo - luusua,Q,Virtaama,"04.141",Jatkuva,01.01.1971,15.02.2026,6793256,537580,Hydrologiset havaintopaikat virtaama Q, pagingEnabled='true' preferCoordinatesForWfsT11='false' restrictToRequestBBOX='1' srsname='EPSG:3067' typename='inspire_ef:EF.HydrologisetHavaintopaikat_Virtaama_Q' url='https://paikkatiedot.ymparisto.fi/geoserver/inspire_ef/wfs' url='https://paikkatiedot.ymparisto.fi/geoserver/inspire_ef/wfs?request=GetCapabilities' version='auto',Etelä-Karjala
43,972,"0410600",Suurijärvi - luusua,Q,Virtaama,"04.124",Jatkuva,08.06.1982,15.02.2026,6853844,610475,Hydrologiset havaintopaikat virtaama Q, pagingEnabled='true' preferCoordinatesForWfsT11='false' restrictToRequestBBOX='1' srsname='EPSG:3067' typename='inspire_ef:EF.HydrologisetHavaintopaikat_Virtaama_Q' url='https://paikkatiedot.ymparisto.fi/geoserver/inspire_ef/wfs' url='https://paikkatiedot.ymparisto.fi/geoserver/inspire_ef/wfs?request=GetCapabilities' version='auto',Etelä-Savo
44,974,"0411450","Vuoksi, Tainionkoski",Q,Virtaama,"04.112",Jatkuva,01.01.1960,14.02.2026,6787561,595836,Hydrologiset havaintopaikat virtaama Q, pagingEnabled='true' preferCoordinatesForWfsT11='false' restrictToRequestBBOX='1' srsname='EPSG:3067' typename='inspire_ef:EF.HydrologisetHavaintopaikat_Virtaama_Q' url='https://paikkatiedot.ymparisto.fi/geoserver/inspire_ef/wfs' url='https://paikkatiedot.ymparisto.fi/geoserver/inspire_ef/wfs?request=GetCapabilities' version='auto',Etelä-Karjala
45,976,"1100500",Salmen silta,Q,Virtaama,"11.002",Jatkuva,01.03.1966,15.02.2026,6720617,534595,Hydrologiset havaintopaikat virtaama Q, pagingEnabled='true' preferCoordinatesForWfsT11='false' restrictToRequestBBOX='1' srsname='EPSG:3067' typename='inspire_ef:EF.HydrologisetHavaintopaikat_Virtaama_Q' url='https://paikkatiedot.ymparisto.fi/geoserver/inspire_ef/wfs' url='https://paikkatiedot.ymparisto.fi/geoserver/inspire_ef/wfs?request=GetCapabilities' version='auto',Kymenlaakso
46,977,"1400300",Saanijärvi - luusua,Q,Virtaama,"14.491",Jatkuva,01.01.1951,15.02.2026,7029076,428846,Hydrologiset havaintopaikat virtaama Q, pagingEnabled='true' preferCoordinatesForWfsT11='false' restrictToRequestBBOX='1' srsname='EPSG:3067' typename='inspire_ef:EF.HydrologisetHavaintopaikat_Virtaama_Q' url='https://paikkatiedot.ymparisto.fi/geoserver/inspire_ef/wfs' url='https://paikkatiedot.ymparisto.fi/geoserver/inspire_ef/wfs?request=GetCapabilities' version='auto',Keski-Suomi
47,980,"1400520","Kärnäjärvi, Kellankoski",Q,Virtaama,"14.471",Jatkuva,01.01.1941,15.02.2026,7003466,446269,Hydrologiset havaintopaikat virtaama Q, pagingEnabled='true' preferCoordinatesForWfsT11='false' restrictToRequestBBOX='1' srsname='EPSG:3067' typename='inspire_ef:EF.HydrologisetHavaintopaikat_Virtaama_Q' url='https://paikkatiedot.ymparisto.fi/geoserver/inspire_ef/wfs' url='https://paikkatiedot.ymparisto.fi/geoserver/inspire_ef/wfs?request=GetCapabilities' version='auto',Keski-Suomi
48,982,"1400800","Kivijärvi, Potmonkoski",Q,Virtaama,"14.443",Jatkuva,01.01.1911,15.02.2026,6981710,411543,Hydrologiset havaintopaikat virtaama Q, pagingEnabled='true' preferCoordinatesForWfsT11='false' restrictToRequestBBOX='1' srsname='EPSG:3067' typename='inspire_ef:EF.HydrologisetHavaintopaikat_Virtaama_Q' url='https://paikkatiedot.ymparisto.fi/geoserver/inspire_ef/wfs' url='https://paikkatiedot.ymparisto.fi/geoserver/inspire_ef/wfs?request=GetCapabilities' version='auto',Keski-Suomi
49,983,"1400850","Kivijärvi, Hilmo",Q,Virtaama,"14.443",Jatkuva,01.01.1958,15.02.2026,6993707,415874,Hydrologiset havaintopaikat virtaama Q, pagingEnabled='true' preferCoordinatesForWfsT11='false' restrictToRequestBBOX='1' srsname='EPSG:3067' typename='inspire_ef:EF.HydrologisetHavaintopaikat_Virtaama_Q' url='https://paikkatiedot.ymparisto.fi/geoserver/inspire_ef/wfs' url='https://paikkatiedot.ymparisto.fi/geoserver/inspire_ef/wfs?request=GetCapabilities' version='auto',Keski-Suomi
50,984,"1400900","Vuosjärvi, Huopanankoski",Q,Virtaama,"14.441",Jatkuva,01.01.1910,15.02.2026,6991363,425418,Hydrologiset havaintopaikat virtaama Q, pagingEnabled='true' preferCoordinatesForWfsT11='false' restrictToRequestBBOX='1' srsname='EPSG:3067' typename='inspire_ef:EF.HydrologisetHavaintopaikat_Virtaama_Q' url='https://paikkatiedot.ymparisto.fi/geoserver/inspire_ef/wfs' url='https://paikkatiedot.ymparisto.fi/geoserver/inspire_ef/wfs?request=GetCapabilities' version='auto',Keski-Suomi
51,985,"1401000",Muuruejärvi - luusua,Q,Virtaama,"14.432",Jatkuva,01.01.1910,15.02.2026,6998946,427380,Hydrologiset havaintopaikat virtaama Q, pagingEnabled='true' preferCoordinatesForWfsT11='false' restrictToRequestBBOX='1' srsname='EPSG:3067' typename='inspire_ef:EF.HydrologisetHavaintopaikat_Virtaama_Q' url='https://paikkatiedot.ymparisto.fi/geoserver/inspire_ef/wfs' url='https://paikkatiedot.ymparisto.fi/geoserver/inspire_ef/wfs?request=GetCapabilities' version='auto',Keski-Suomi
52,986,"1401350","Keitele, Äänekoski",Q,Virtaama,"14.411",Jatkuva,01.02.1934,31.01.2026,6942839,434885,Hydrologiset havaintopaikat virtaama Q, pagingEnabled='true' preferCoordinatesForWfsT11='false' restrictToRequestBBOX='1' srsname='EPSG:3067' typename='inspire_ef:EF.HydrologisetHavaintopaikat_Virtaama_Q' url='https://paikkatiedot.ymparisto.fi/geoserver/inspire_ef/wfs' url='https://paikkatiedot.ymparisto.fi/geoserver/inspire_ef/wfs?request=GetCapabilities' version='auto',Keski-Suomi
53,987,"1401500",Pääjärvi - luusua,Q,Virtaama,"14.631",Jatkuva,01.01.1911,15.02.2026,6963684,390140,Hydrologiset havaintopaikat virtaama Q, pagingEnabled='true' preferCoordinatesForWfsT11='false' restrictToRequestBBOX='1' srsname='EPSG:3067' typename='inspire_ef:EF.HydrologisetHavaintopaikat_Virtaama_Q' url='https://paikkatiedot.ymparisto.fi/geoserver/inspire_ef/wfs' url='https://paikkatiedot.ymparisto.fi/geoserver/inspire_ef/wfs?request=GetCapabilities' version='auto',Keski-Suomi
54,988,"1401600",Karankajärvi - luusua,Q,Virtaama,"14.661",Jatkuva,01.01.1910,15.02.2026,6959534,389789,Hydrologiset havaintopaikat virtaama Q, pagingEnabled='true' preferCoordinatesForWfsT11='false' restrictToRequestBBOX='1' srsname='EPSG:3067' typename='inspire_ef:EF.HydrologisetHavaintopaikat_Virtaama_Q' url='https://paikkatiedot.ymparisto.fi/geoserver/inspire_ef/wfs' url='https://paikkatiedot.ymparisto.fi/geoserver/inspire_ef/wfs?request=GetCapabilities' version='auto',Keski-Suomi
55,989,"1401700",Kalmarinjärvi - luusua,Q,Virtaama,"14.623",Jatkuva,01.01.1910,15.02.2026,6958786,397530,Hydrologiset havaintopaikat virtaama Q, pagingEnabled='true' preferCoordinatesForWfsT11='false' restrictToRequestBBOX='1' srsname='EPSG:3067' typename='inspire_ef:EF.HydrologisetHavaintopaikat_Virtaama_Q' url='https://paikkatiedot.ymparisto.fi/geoserver/inspire_ef/wfs' url='https://paikkatiedot.ymparisto.fi/geoserver/inspire_ef/wfs?request=GetCapabilities' version='auto',Keski-Suomi
56,991,"1401850",Leuhunkoski,Q,Virtaama,"14.614",Jatkuva,01.01.1962,15.02.2026,6949767,411363,Hydrologiset havaintopaikat virtaama Q, pagingEnabled='true' preferCoordinatesForWfsT11='false' restrictToRequestBBOX='1' srsname='EPSG:3067' typename='inspire_ef:EF.HydrologisetHavaintopaikat_Virtaama_Q' url='https://paikkatiedot.ymparisto.fi/geoserver/inspire_ef/wfs' url='https://paikkatiedot.ymparisto.fi/geoserver/inspire_ef/wfs?request=GetCapabilities' version='auto',Keski-Suomi
57,992,"1401912",Lannevesi - luusua,Q,Virtaama,"14.651",Jatkuva,01.04.1962,15.02.2026,6942695,418765,Hydrologiset havaintopaikat virtaama Q, pagingEnabled='true' preferCoordinatesForWfsT11='false' restrictToRequestBBOX='1' srsname='EPSG:3067' typename='inspire_ef:EF.HydrologisetHavaintopaikat_Virtaama_Q' url='https://paikkatiedot.ymparisto.fi/geoserver/inspire_ef/wfs' url='https://paikkatiedot.ymparisto.fi/geoserver/inspire_ef/wfs?request=GetCapabilities' version='auto',Keski-Suomi
58,993,"1402050","Pyhäjärvi, Parantala",Q,Virtaama,"14.681",Jatkuva,01.01.1970,15.02.2026,6946527,423060,Hydrologiset havaintopaikat virtaama Q, pagingEnabled='true' preferCoordinatesForWfsT11='false' restrictToRequestBBOX='1' srsname='EPSG:3067' typename='inspire_ef:EF.HydrologisetHavaintopaikat_Virtaama_Q' url='https://paikkatiedot.ymparisto.fi/geoserver/inspire_ef/wfs' url='https://paikkatiedot.ymparisto.fi/geoserver/inspire_ef/wfs?request=GetCapabilities' version='auto',Keski-Suomi
59,996,"1402150","Kiimasjärvi, Hietamankoski",Q,Virtaama,"14.612",Jatkuva,01.01.1968,15.02.2026,6942209,426439,Hydrologiset havaintopaikat virtaama Q, pagingEnabled='true' preferCoordinatesForWfsT11='false' restrictToRequestBBOX='1' srsname='EPSG:3067' typename='inspire_ef:EF.HydrologisetHavaintopaikat_Virtaama_Q' url='https://paikkatiedot.ymparisto.fi/geoserver/inspire_ef/wfs' url='https://paikkatiedot.ymparisto.fi/geoserver/inspire_ef/wfs?request=GetCapabilities' version='auto',Keski-Suomi
60,1003,"1402710","Nilakka, Äyskoski",Q,Virtaama,"14.731",Jatkuva,01.01.1994,14.02.2026,6986943,483700,Hydrologiset havaintopaikat virtaama Q, pagingEnabled='true' preferCoordinatesForWfsT11='false' restrictToRequestBBOX='1' srsname='EPSG:3067' typename='inspire_ef:EF.HydrologisetHavaintopaikat_Virtaama_Q' url='https://paikkatiedot.ymparisto.fi/geoserver/inspire_ef/wfs' url='https://paikkatiedot.ymparisto.fi/geoserver/inspire_ef/wfs?request=GetCapabilities' version='auto',Pohjois-Savo
61,1005,"1403300","Niinivesi, Nokisenkoski",Q,Virtaama,"14.721",Jatkuva,01.01.1994,15.02.2026,6953488,493851,Hydrologiset havaintopaikat virtaama Q, pagingEnabled='true' preferCoordinatesForWfsT11='false' restrictToRequestBBOX='1' srsname='EPSG:3067' typename='inspire_ef:EF.HydrologisetHavaintopaikat_Virtaama_Q' url='https://paikkatiedot.ymparisto.fi/geoserver/inspire_ef/wfs' url='https://paikkatiedot.ymparisto.fi/geoserver/inspire_ef/wfs?request=GetCapabilities' version='auto',Pohjois-Savo
62,1007,"1403600",Hankavesi - luusua,Q,Virtaama,"14.712",Jatkuva,01.01.1961,15.02.2026,6943040,485007,Hydrologiset havaintopaikat virtaama Q, pagingEnabled='true' preferCoordinatesForWfsT11='false' restrictToRequestBBOX='1' srsname='EPSG:3067' typename='inspire_ef:EF.HydrologisetHavaintopaikat_Virtaama_Q' url='https://paikkatiedot.ymparisto.fi/geoserver/inspire_ef/wfs' url='https://paikkatiedot.ymparisto.fi/geoserver/inspire_ef/wfs?request=GetCapabilities' version='auto',Pohjois-Savo
63,1008,"1403900",Konnevesi - luusua,Q,Virtaama,"14.711",Jatkuva,22.06.1909,15.02.2026,6942164,465119,Hydrologiset havaintopaikat virtaama Q, pagingEnabled='true' preferCoordinatesForWfsT11='false' restrictToRequestBBOX='1' srsname='EPSG:3067' typename='inspire_ef:EF.HydrologisetHavaintopaikat_Virtaama_Q' url='https://paikkatiedot.ymparisto.fi/geoserver/inspire_ef/wfs' url='https://paikkatiedot.ymparisto.fi/geoserver/inspire_ef/wfs?request=GetCapabilities' version='auto',Keski-Suomi
64,1012,"1404120","Leivonvesi, Simuna",Q,Virtaama,"14.352",Jatkuva,01.01.1978,15.02.2026,6916818,457286,Hydrologiset havaintopaikat virtaama Q, pagingEnabled='true' preferCoordinatesForWfsT11='false' restrictToRequestBBOX='1' srsname='EPSG:3067' typename='inspire_ef:EF.HydrologisetHavaintopaikat_Virtaama_Q' url='https://paikkatiedot.ymparisto.fi/geoserver/inspire_ef/wfs' url='https://paikkatiedot.ymparisto.fi/geoserver/inspire_ef/wfs?request=GetCapabilities' version='auto',Keski-Suomi
65,1013,"1404230",Armisvesi - luusua,Q,Virtaama,"14.373",Jatkuva,01.01.1974,15.02.2026,6917944,477188,Hydrologiset havaintopaikat virtaama Q, pagingEnabled='true' preferCoordinatesForWfsT11='false' restrictToRequestBBOX='1' srsname='EPSG:3067' typename='inspire_ef:EF.HydrologisetHavaintopaikat_Virtaama_Q' url='https://paikkatiedot.ymparisto.fi/geoserver/inspire_ef/wfs' url='https://paikkatiedot.ymparisto.fi/geoserver/inspire_ef/wfs?request=GetCapabilities' version='auto',Keski-Suomi
66,1015,"1404450","Saraavesi, Kuhankoski",Q,Virtaama,"14.321",Jatkuva,01.01.1941,15.02.2026,6916540,445591,Hydrologiset havaintopaikat virtaama Q, pagingEnabled='true' preferCoordinatesForWfsT11='false' restrictToRequestBBOX='1' srsname='EPSG:3067' typename='inspire_ef:EF.HydrologisetHavaintopaikat_Virtaama_Q' url='https://paikkatiedot.ymparisto.fi/geoserver/inspire_ef/wfs' url='https://paikkatiedot.ymparisto.fi/geoserver/inspire_ef/wfs?request=GetCapabilities' version='auto',Keski-Suomi
67,1018,"1404550","Leppävesi, Vaajakoski",Q,Virtaama,"14.311",Jatkuva,01.01.1941,13.02.2026,6901966,442223,Hydrologiset havaintopaikat virtaama Q, pagingEnabled='true' preferCoordinatesForWfsT11='false' restrictToRequestBBOX='1' srsname='EPSG:3067' typename='inspire_ef:EF.HydrologisetHavaintopaikat_Virtaama_Q' url='https://paikkatiedot.ymparisto.fi/geoserver/inspire_ef/wfs' url='https://paikkatiedot.ymparisto.fi/geoserver/inspire_ef/wfs?request=GetCapabilities' version='auto',Keski-Suomi
68,1019,"1404725","Palokkajärvi, Lohikoski",Q,Virtaama,"14.291",Jatkuva,01.01.1967,04.05.2025,6903245,435365,Hydrologiset havaintopaikat virtaama Q, pagingEnabled='true' preferCoordinatesForWfsT11='false' restrictToRequestBBOX='1' srsname='EPSG:3067' typename='inspire_ef:EF.HydrologisetHavaintopaikat_Virtaama_Q' url='https://paikkatiedot.ymparisto.fi/geoserver/inspire_ef/wfs' url='https://paikkatiedot.ymparisto.fi/geoserver/inspire_ef/wfs?request=GetCapabilities' version='auto',Keski-Suomi
69,1020,"1404800",Muuratjärvi - luusua,Q,Virtaama,"14.281",Jatkuva,01.01.1969,15.02.2026,6889433,430363,Hydrologiset havaintopaikat virtaama Q, pagingEnabled='true' preferCoordinatesForWfsT11='false' restrictToRequestBBOX='1' srsname='EPSG:3067' typename='inspire_ef:EF.HydrologisetHavaintopaikat_Virtaama_Q' url='https://paikkatiedot.ymparisto.fi/geoserver/inspire_ef/wfs' url='https://paikkatiedot.ymparisto.fi/geoserver/inspire_ef/wfs?request=GetCapabilities' version='auto',Keski-Suomi
70,1021,"1404810",Saarijärvi - luusua,Q,Virtaama,"14.272",Jatkuva,01.01.1984,15.02.2026,6873774,414760,Hydrologiset havaintopaikat virtaama Q, pagingEnabled='true' preferCoordinatesForWfsT11='false' restrictToRequestBBOX='1' srsname='EPSG:3067' typename='inspire_ef:EF.HydrologisetHavaintopaikat_Virtaama_Q' url='https://paikkatiedot.ymparisto.fi/geoserver/inspire_ef/wfs' url='https://paikkatiedot.ymparisto.fi/geoserver/inspire_ef/wfs?request=GetCapabilities' version='auto',Keski-Suomi
71,1022,"1405000",Petäjävesi - luusua,Q,Virtaama,"14.531",Jatkuva,01.01.1910,15.02.2026,6898342,405559,Hydrologiset havaintopaikat virtaama Q, pagingEnabled='true' preferCoordinatesForWfsT11='false' restrictToRequestBBOX='1' srsname='EPSG:3067' typename='inspire_ef:EF.HydrologisetHavaintopaikat_Virtaama_Q' url='https://paikkatiedot.ymparisto.fi/geoserver/inspire_ef/wfs' url='https://paikkatiedot.ymparisto.fi/geoserver/inspire_ef/wfs?request=GetCapabilities' version='auto',Keski-Suomi
72,1024,"1405225",Patalankoski,Q,Virtaama,"14.512",Jatkuva,01.01.1962,08.02.2026,6866937,403399,Hydrologiset havaintopaikat virtaama Q, pagingEnabled='true' preferCoordinatesForWfsT11='false' restrictToRequestBBOX='1' srsname='EPSG:3067' typename='inspire_ef:EF.HydrologisetHavaintopaikat_Virtaama_Q' url='https://paikkatiedot.ymparisto.fi/geoserver/inspire_ef/wfs' url='https://paikkatiedot.ymparisto.fi/geoserver/inspire_ef/wfs?request=GetCapabilities' version='auto',Keski-Suomi
73,1025,"1405310",Pälämä - luusua,Q,Virtaama,"14.262",Jatkuva,02.06.1983,15.02.2026,6846531,402378,Hydrologiset havaintopaikat virtaama Q, pagingEnabled='true' preferCoordinatesForWfsT11='false' restrictToRequestBBOX='1' srsname='EPSG:3067' typename='inspire_ef:EF.HydrologisetHavaintopaikat_Virtaama_Q' url='https://paikkatiedot.ymparisto.fi/geoserver/inspire_ef/wfs' url='https://paikkatiedot.ymparisto.fi/geoserver/inspire_ef/wfs?request=GetCapabilities' version='auto',Pirkanmaa
74,1028,"1405450",Arrakosken voimalaitos,Q,Virtaama,"14.252",Jatkuva,01.01.1984,09.02.2026,6807344,403118,Hydrologiset havaintopaikat virtaama Q, pagingEnabled='true' preferCoordinatesForWfsT11='false' restrictToRequestBBOX='1' srsname='EPSG:3067' typename='inspire_ef:EF.HydrologisetHavaintopaikat_Virtaama_Q' url='https://paikkatiedot.ymparisto.fi/geoserver/inspire_ef/wfs' url='https://paikkatiedot.ymparisto.fi/geoserver/inspire_ef/wfs?request=GetCapabilities' version='auto',Päijät-Häme
75,1029,"1405700",Jääsjärvi - luusua,Q,Virtaama,"14.821",Jatkuva,01.01.1910,14.02.2026,6826270,449259,Hydrologiset havaintopaikat virtaama Q, pagingEnabled='true' preferCoordinatesForWfsT11='false' restrictToRequestBBOX='1' srsname='EPSG:3067' typename='inspire_ef:EF.HydrologisetHavaintopaikat_Virtaama_Q' url='https://paikkatiedot.ymparisto.fi/geoserver/inspire_ef/wfs' url='https://paikkatiedot.ymparisto.fi/geoserver/inspire_ef/wfs?request=GetCapabilities' version='auto',Päijät-Häme
76,1030,"1406220","Vesijärvi, Vääksynjoki",Q,Virtaama,"14.241",Jatkuva,01.04.1973,30.11.2025,6783336,421324,Hydrologiset havaintopaikat virtaama Q, pagingEnabled='true' preferCoordinatesForWfsT11='false' restrictToRequestBBOX='1' srsname='EPSG:3067' typename='inspire_ef:EF.HydrologisetHavaintopaikat_Virtaama_Q' url='https://paikkatiedot.ymparisto.fi/geoserver/inspire_ef/wfs' url='https://paikkatiedot.ymparisto.fi/geoserver/inspire_ef/wfs?request=GetCapabilities' version='auto',Päijät-Häme
77,1033,"1406510","Päijänne, Kalkkinen",Q,Virtaama,"14.211",Jatkuva,01.01.1970,15.02.2026,6794965,424637,Hydrologiset havaintopaikat virtaama Q, pagingEnabled='true' preferCoordinatesForWfsT11='false' restrictToRequestBBOX='1' srsname='EPSG:3067' typename='inspire_ef:EF.HydrologisetHavaintopaikat_Virtaama_Q' url='https://paikkatiedot.ymparisto.fi/geoserver/inspire_ef/wfs' url='https://paikkatiedot.ymparisto.fi/geoserver/inspire_ef/wfs?request=GetCapabilities' version='auto',Päijät-Häme
78,1038,"1406950","Konnivesi, Vuolenkoski",Q,Virtaama,"14.131",Jatkuva,01.10.1959,13.02.2026,6771958,455918,Hydrologiset havaintopaikat virtaama Q, pagingEnabled='true' preferCoordinatesForWfsT11='false' restrictToRequestBBOX='1' srsname='EPSG:3067' typename='inspire_ef:EF.HydrologisetHavaintopaikat_Virtaama_Q' url='https://paikkatiedot.ymparisto.fi/geoserver/inspire_ef/wfs' url='https://paikkatiedot.ymparisto.fi/geoserver/inspire_ef/wfs?request=GetCapabilities' version='auto',Päijät-Häme
79,1040,"1407150",Mankala,Q,Virtaama,"14.122",Jatkuva,01.01.1951,13.02.2026,6754785,460366,Hydrologiset havaintopaikat virtaama Q, pagingEnabled='true' preferCoordinatesForWfsT11='false' restrictToRequestBBOX='1' srsname='EPSG:3067' typename='inspire_ef:EF.HydrologisetHavaintopaikat_Virtaama_Q' url='https://paikkatiedot.ymparisto.fi/geoserver/inspire_ef/wfs' url='https://paikkatiedot.ymparisto.fi/geoserver/inspire_ef/wfs?request=GetCapabilities' version='auto',Päijät-Häme
80,1041,"1407400",Rauhajärvi - luusua,Q,Virtaama,"14.931",Jatkuva,01.01.1910,15.02.2026,6864086,495644,Hydrologiset havaintopaikat virtaama Q, pagingEnabled='true' preferCoordinatesForWfsT11='false' restrictToRequestBBOX='1' srsname='EPSG:3067' typename='inspire_ef:EF.HydrologisetHavaintopaikat_Virtaama_Q' url='https://paikkatiedot.ymparisto.fi/geoserver/inspire_ef/wfs' url='https://paikkatiedot.ymparisto.fi/geoserver/inspire_ef/wfs?request=GetCapabilities' version='auto',Etelä-Savo
81,1043,"1407410",Iso-Naakkima - luusua,Q,Virtaama,"14.937",Jatkuva,01.01.1987,15.02.2026,6893929,506928,Hydrologiset havaintopaikat virtaama Q, pagingEnabled='true' preferCoordinatesForWfsT11='false' restrictToRequestBBOX='1' srsname='EPSG:3067' typename='inspire_ef:EF.HydrologisetHavaintopaikat_Virtaama_Q' url='https://paikkatiedot.ymparisto.fi/geoserver/inspire_ef/wfs' url='https://paikkatiedot.ymparisto.fi/geoserver/inspire_ef/wfs?request=GetCapabilities' version='auto',Etelä-Savo
82,1044,"1407700",Synsiä - luusua,Q,Virtaama,"14.926",Jatkuva,01.01.1971,15.02.2026,6880458,472190,Hydrologiset havaintopaikat virtaama Q, pagingEnabled='true' preferCoordinatesForWfsT11='false' restrictToRequestBBOX='1' srsname='EPSG:3067' typename='inspire_ef:EF.HydrologisetHavaintopaikat_Virtaama_Q' url='https://paikkatiedot.ymparisto.fi/geoserver/inspire_ef/wfs' url='https://paikkatiedot.ymparisto.fi/geoserver/inspire_ef/wfs?request=GetCapabilities' version='auto',Etelä-Savo
83,1045,"1407830",Vahvajärvi - luusua,Q,Virtaama,"14.921",Jatkuva,01.01.1940,15.02.2026,6830117,481609,Hydrologiset havaintopaikat virtaama Q, pagingEnabled='true' preferCoordinatesForWfsT11='false' restrictToRequestBBOX='1' srsname='EPSG:3067' typename='inspire_ef:EF.HydrologisetHavaintopaikat_Virtaama_Q' url='https://paikkatiedot.ymparisto.fi/geoserver/inspire_ef/wfs' url='https://paikkatiedot.ymparisto.fi/geoserver/inspire_ef/wfs?request=GetCapabilities' version='auto',Etelä-Savo
84,1046,"1407850","Liekune, Kissakoski",Q,Virtaama,"14.922",Jatkuva,01.01.1949,13.02.2026,6832334,486635,Hydrologiset havaintopaikat virtaama Q, pagingEnabled='true' preferCoordinatesForWfsT11='false' restrictToRequestBBOX='1' srsname='EPSG:3067' typename='inspire_ef:EF.HydrologisetHavaintopaikat_Virtaama_Q' url='https://paikkatiedot.ymparisto.fi/geoserver/inspire_ef/wfs' url='https://paikkatiedot.ymparisto.fi/geoserver/inspire_ef/wfs?request=GetCapabilities' version='auto',Etelä-Savo
85,1047,"1408050",Volanjoki,Q,Virtaama,"14.916",Jatkuva,01.01.1980,27.04.2020,6811818,479494,Hydrologiset havaintopaikat virtaama Q, pagingEnabled='true' preferCoordinatesForWfsT11='false' restrictToRequestBBOX='1' srsname='EPSG:3067' typename='inspire_ef:EF.HydrologisetHavaintopaikat_Virtaama_Q' url='https://paikkatiedot.ymparisto.fi/geoserver/inspire_ef/wfs' url='https://paikkatiedot.ymparisto.fi/geoserver/inspire_ef/wfs?request=GetCapabilities' version='auto',Etelä-Savo
86,1048,"1408350","Vuohijärvi, Siikakoski",Q,Virtaama,"14.912",Jatkuva,01.01.1963,13.02.2026,6773198,484516,Hydrologiset havaintopaikat virtaama Q, pagingEnabled='true' preferCoordinatesForWfsT11='false' restrictToRequestBBOX='1' srsname='EPSG:3067' typename='inspire_ef:EF.HydrologisetHavaintopaikat_Virtaama_Q' url='https://paikkatiedot.ymparisto.fi/geoserver/inspire_ef/wfs' url='https://paikkatiedot.ymparisto.fi/geoserver/inspire_ef/wfs?request=GetCapabilities' version='auto',Kymenlaakso
87,1050,"1408650",Voikkaa,Q,Virtaama,"14.121",Jatkuva,01.01.1964,13.02.2026,6756027,478210,Hydrologiset havaintopaikat virtaama Q, pagingEnabled='true' preferCoordinatesForWfsT11='false' restrictToRequestBBOX='1' srsname='EPSG:3067' typename='inspire_ef:EF.HydrologisetHavaintopaikat_Virtaama_Q' url='https://paikkatiedot.ymparisto.fi/geoserver/inspire_ef/wfs' url='https://paikkatiedot.ymparisto.fi/geoserver/inspire_ef/wfs?request=GetCapabilities' version='auto',Kymenlaakso
88,1052,"1408950",Kannuskoski,Q,Virtaama,"14.183",Jatkuva,01.10.1961,13.02.2026,6758924,513225,Hydrologiset havaintopaikat virtaama Q, pagingEnabled='true' preferCoordinatesForWfsT11='false' restrictToRequestBBOX='1' srsname='EPSG:3067' typename='inspire_ef:EF.HydrologisetHavaintopaikat_Virtaama_Q' url='https://paikkatiedot.ymparisto.fi/geoserver/inspire_ef/wfs' url='https://paikkatiedot.ymparisto.fi/geoserver/inspire_ef/wfs?request=GetCapabilities' version='auto',Kymenlaakso
89,1053,"1409120","Jyräänkoski, pato",Q,Virtaama,"14.182",Jatkuva,01.02.1963,13.02.2026,6751962,489813,Hydrologiset havaintopaikat virtaama Q, pagingEnabled='true' preferCoordinatesForWfsT11='false' restrictToRequestBBOX='1' srsname='EPSG:3067' typename='inspire_ef:EF.HydrologisetHavaintopaikat_Virtaama_Q' url='https://paikkatiedot.ymparisto.fi/geoserver/inspire_ef/wfs' url='https://paikkatiedot.ymparisto.fi/geoserver/inspire_ef/wfs?request=GetCapabilities' version='auto',Kymenlaakso
90,1055,"1409500",Keltti,Q,Virtaama,"14.114",Jatkuva,01.01.1932,13.02.2026,6748828,479032,Hydrologiset havaintopaikat virtaama Q, pagingEnabled='true' preferCoordinatesForWfsT11='false' restrictToRequestBBOX='1' srsname='EPSG:3067' typename='inspire_ef:EF.HydrologisetHavaintopaikat_Virtaama_Q' url='https://paikkatiedot.ymparisto.fi/geoserver/inspire_ef/wfs' url='https://paikkatiedot.ymparisto.fi/geoserver/inspire_ef/wfs?request=GetCapabilities' version='auto',Kymenlaakso
91,1056,"1409550",Kuusankoski,Q,Virtaama,"14.115",Jatkuva,01.01.1941,13.02.2026,6752516,480938,Hydrologiset havaintopaikat virtaama Q, pagingEnabled='true' preferCoordinatesForWfsT11='false' restrictToRequestBBOX='1' srsname='EPSG:3067' typename='inspire_ef:EF.HydrologisetHavaintopaikat_Virtaama_Q' url='https://paikkatiedot.ymparisto.fi/geoserver/inspire_ef/wfs' url='https://paikkatiedot.ymparisto.fi/geoserver/inspire_ef/wfs?request=GetCapabilities' version='auto',Kymenlaakso
92,1057,"1410000",Piirteenvirta,Q,Virtaama,"14.111",Jatkuva,01.01.1934,30.04.2025,6725815,491394,Hydrologiset havaintopaikat virtaama Q, pagingEnabled='true' preferCoordinatesForWfsT11='false' restrictToRequestBBOX='1' srsname='EPSG:3067' typename='inspire_ef:EF.HydrologisetHavaintopaikat_Virtaama_Q' url='https://paikkatiedot.ymparisto.fi/geoserver/inspire_ef/wfs' url='https://paikkatiedot.ymparisto.fi/geoserver/inspire_ef/wfs?request=GetCapabilities' version='auto',Kymenlaakso
93,1058,"1410050",Anjala,Q,Virtaama,"14.112",Jatkuva,07.04.1938,15.02.2026,6729206,490034,Hydrologiset havaintopaikat virtaama Q, pagingEnabled='true' preferCoordinatesForWfsT11='false' restrictToRequestBBOX='1' srsname='EPSG:3067' typename='inspire_ef:EF.HydrologisetHavaintopaikat_Virtaama_Q' url='https://paikkatiedot.ymparisto.fi/geoserver/inspire_ef/wfs' url='https://paikkatiedot.ymparisto.fi/geoserver/inspire_ef/wfs?request=GetCapabilities' version='auto',Kymenlaakso
94,1060,"1410200",Piirteenvirta,Q,Virtaama,"14.111",Jatkuva,01.01.1970,15.02.2026,6722898,486696,Hydrologiset havaintopaikat virtaama Q, pagingEnabled='true' preferCoordinatesForWfsT11='false' restrictToRequestBBOX='1' srsname='EPSG:3067' typename='inspire_ef:EF.HydrologisetHavaintopaikat_Virtaama_Q' url='https://paikkatiedot.ymparisto.fi/geoserver/inspire_ef/wfs' url='https://paikkatiedot.ymparisto.fi/geoserver/inspire_ef/wfs?request=GetCapabilities' version='auto',Kymenlaakso
95,1061,"1410400",Pernoonkoski,Q,Virtaama,"14.111",Jatkuva,01.01.1970,15.02.2026,6716061,488395,Hydrologiset havaintopaikat virtaama Q, pagingEnabled='true' preferCoordinatesForWfsT11='false' restrictToRequestBBOX='1' srsname='EPSG:3067' typename='inspire_ef:EF.HydrologisetHavaintopaikat_Virtaama_Q' url='https://paikkatiedot.ymparisto.fi/geoserver/inspire_ef/wfs' url='https://paikkatiedot.ymparisto.fi/geoserver/inspire_ef/wfs?request=GetCapabilities' version='auto',Kymenlaakso
96,1063,"1410450","Kymijoki, kokonaisvirtaama",Q,Virtaama,"14.111",Jatkuva,01.01.1941,13.02.2026,6706525,469853,Hydrologiset havaintopaikat virtaama Q, pagingEnabled='true' preferCoordinatesForWfsT11='false' restrictToRequestBBOX='1' srsname='EPSG:3067' typename='inspire_ef:EF.HydrologisetHavaintopaikat_Virtaama_Q' url='https://paikkatiedot.ymparisto.fi/geoserver/inspire_ef/wfs' url='https://paikkatiedot.ymparisto.fi/geoserver/inspire_ef/wfs?request=GetCapabilities' version='auto',Kymenlaakso
97,1065,"1410650","Kymijoki, itähaara",Q,Virtaama,"14.111",Jatkuva,01.01.1970,13.02.2026,6709634,492514,Hydrologiset havaintopaikat virtaama Q, pagingEnabled='true' preferCoordinatesForWfsT11='false' restrictToRequestBBOX='1' srsname='EPSG:3067' typename='inspire_ef:EF.HydrologisetHavaintopaikat_Virtaama_Q' url='https://paikkatiedot.ymparisto.fi/geoserver/inspire_ef/wfs' url='https://paikkatiedot.ymparisto.fi/geoserver/inspire_ef/wfs?request=GetCapabilities' version='auto',Kymenlaakso
98,1066,"1410651",Koivukoski,Q,Virtaama,"14.111",Jatkuva,01.01.1954,13.02.2026,6709634,492514,Hydrologiset havaintopaikat virtaama Q, pagingEnabled='true' preferCoordinatesForWfsT11='false' restrictToRequestBBOX='1' srsname='EPSG:3067' typename='inspire_ef:EF.HydrologisetHavaintopaikat_Virtaama_Q' url='https://paikkatiedot.ymparisto.fi/geoserver/inspire_ef/wfs' url='https://paikkatiedot.ymparisto.fi/geoserver/inspire_ef/wfs?request=GetCapabilities' version='auto',Kymenlaakso
99,1067,"1410652",Korkeakoski,Q,Virtaama,"14.111",Jatkuva,01.01.1970,13.02.2026,6710583,494963,Hydrologiset havaintopaikat virtaama Q, pagingEnabled='true' preferCoordinatesForWfsT11='false' restrictToRequestBBOX='1' srsname='EPSG:3067' typename='inspire_ef:EF.HydrologisetHavaintopaikat_Virtaama_Q' url='https://paikkatiedot.ymparisto.fi/geoserver/inspire_ef/wfs' url='https://paikkatiedot.ymparisto.fi/geoserver/inspire_ef/wfs?request=GetCapabilities' version='auto',Kymenlaakso
100,1068,"1410700",Sutela,Q,Virtaama,"14.111",Jatkuva,01.01.1974,13.02.2026,6708124,493213,Hydrologiset havaintopaikat virtaama Q, pagingEnabled='true' preferCoordinatesForWfsT11='false' restrictToRequestBBOX='1' srsname='EPSG:3067' typename='inspire_ef:EF.HydrologisetHavaintopaikat_Virtaama_Q' url='https://paikkatiedot.ymparisto.fi/geoserver/inspire_ef/wfs' url='https://paikkatiedot.ymparisto.fi/geoserver/inspire_ef/wfs?request=GetCapabilities' version='auto',Kymenlaakso
101,1070,"1410840",Hirvikoski,Q,Virtaama,"14.111",Jatkuva,01.01.1950,15.02.2026,6719831,480609,Hydrologiset havaintopaikat virtaama Q, pagingEnabled='true' preferCoordinatesForWfsT11='false' restrictToRequestBBOX='1' srsname='EPSG:3067' typename='inspire_ef:EF.HydrologisetHavaintopaikat_Virtaama_Q' url='https://paikkatiedot.ymparisto.fi/geoserver/inspire_ef/wfs' url='https://paikkatiedot.ymparisto.fi/geoserver/inspire_ef/wfs?request=GetCapabilities' version='auto',Kymenlaakso
102,1073,"1410950",Ediskoski,Q,Virtaama,"14.111",Jatkuva,01.01.1970,13.02.2026,6707425,474361,Hydrologiset havaintopaikat virtaama Q, pagingEnabled='true' preferCoordinatesForWfsT11='false' restrictToRequestBBOX='1' srsname='EPSG:3067' typename='inspire_ef:EF.HydrologisetHavaintopaikat_Virtaama_Q' url='https://paikkatiedot.ymparisto.fi/geoserver/inspire_ef/wfs' url='https://paikkatiedot.ymparisto.fi/geoserver/inspire_ef/wfs?request=GetCapabilities' version='auto',Kymenlaakso
103,1074,"1410951","Kymijoki, länsihaara",Q,Virtaama,"14.111",Jatkuva,01.01.1934,13.02.2026,6706525,469853,Hydrologiset havaintopaikat virtaama Q, pagingEnabled='true' preferCoordinatesForWfsT11='false' restrictToRequestBBOX='1' srsname='EPSG:3067' typename='inspire_ef:EF.HydrologisetHavaintopaikat_Virtaama_Q' url='https://paikkatiedot.ymparisto.fi/geoserver/inspire_ef/wfs' url='https://paikkatiedot.ymparisto.fi/geoserver/inspire_ef/wfs?request=GetCapabilities' version='auto',Kymenlaakso
104,1075,"1411250",Ahvenkoski,Q,Virtaama,"14.111",Jatkuva,18.03.1933,13.02.2026,6706525,469853,Hydrologiset havaintopaikat virtaama Q, pagingEnabled='true' preferCoordinatesForWfsT11='false' restrictToRequestBBOX='1' srsname='EPSG:3067' typename='inspire_ef:EF.HydrologisetHavaintopaikat_Virtaama_Q' url='https://paikkatiedot.ymparisto.fi/geoserver/inspire_ef/wfs' url='https://paikkatiedot.ymparisto.fi/geoserver/inspire_ef/wfs?request=GetCapabilities' version='auto',Kymenlaakso
105,1076,"1600110",Pyhäjärvi - luusua,Q,Virtaama,"16.003",Jatkuva,01.01.1954,15.02.2026,6730177,446087,Hydrologiset havaintopaikat virtaama Q, pagingEnabled='true' preferCoordinatesForWfsT11='false' restrictToRequestBBOX='1' srsname='EPSG:3067' typename='inspire_ef:EF.HydrologisetHavaintopaikat_Virtaama_Q' url='https://paikkatiedot.ymparisto.fi/geoserver/inspire_ef/wfs' url='https://paikkatiedot.ymparisto.fi/geoserver/inspire_ef/wfs?request=GetCapabilities' version='auto',Uusimaa
106,1078,"1800300",Patomäenkoski,Q,Virtaama,"18.042",Jatkuva,01.01.1993,14.02.2026,6757246,425162,Hydrologiset havaintopaikat virtaama Q, pagingEnabled='true' preferCoordinatesForWfsT11='false' restrictToRequestBBOX='1' srsname='EPSG:3067' typename='inspire_ef:EF.HydrologisetHavaintopaikat_Virtaama_Q' url='https://paikkatiedot.ymparisto.fi/geoserver/inspire_ef/wfs' url='https://paikkatiedot.ymparisto.fi/geoserver/inspire_ef/wfs?request=GetCapabilities' version='auto',Päijät-Häme
107,1079,"1800500",Vakkola,Q,Virtaama,"18.021",Jatkuva,01.02.1963,13.02.2026,6704850,423382,Hydrologiset havaintopaikat virtaama Q, pagingEnabled='true' preferCoordinatesForWfsT11='false' restrictToRequestBBOX='1' srsname='EPSG:3067' typename='inspire_ef:EF.HydrologisetHavaintopaikat_Virtaama_Q' url='https://paikkatiedot.ymparisto.fi/geoserver/inspire_ef/wfs' url='https://paikkatiedot.ymparisto.fi/geoserver/inspire_ef/wfs?request=GetCapabilities' version='auto',Uusimaa
108,1081,"1900100",Vekkoski,Q,Virtaama,"19.002",Jatkuva,01.01.1966,15.02.2026,6696221,413388,Hydrologiset havaintopaikat virtaama Q, pagingEnabled='true' preferCoordinatesForWfsT11='false' restrictToRequestBBOX='1' srsname='EPSG:3067' typename='inspire_ef:EF.HydrologisetHavaintopaikat_Virtaama_Q' url='https://paikkatiedot.ymparisto.fi/geoserver/inspire_ef/wfs' url='https://paikkatiedot.ymparisto.fi/geoserver/inspire_ef/wfs?request=GetCapabilities' version='auto',Uusimaa
109,1083,"1900400",Hirvihaaranjoki,Q,Virtaama,"19.004",Jatkuva,01.01.1987,15.02.2026,6722404,403265,Hydrologiset havaintopaikat virtaama Q, pagingEnabled='true' preferCoordinatesForWfsT11='false' restrictToRequestBBOX='1' srsname='EPSG:3067' typename='inspire_ef:EF.HydrologisetHavaintopaikat_Virtaama_Q' url='https://paikkatiedot.ymparisto.fi/geoserver/inspire_ef/wfs' url='https://paikkatiedot.ymparisto.fi/geoserver/inspire_ef/wfs?request=GetCapabilities' version='auto',Uusimaa
110,1084,"2100110",Hirvijärvi - luusua,Q,Virtaama,"21.033",Jatkuva,01.01.1961,15.02.2026,6728168,372468,Hydrologiset havaintopaikat virtaama Q, pagingEnabled='true' preferCoordinatesForWfsT11='false' restrictToRequestBBOX='1' srsname='EPSG:3067' typename='inspire_ef:EF.HydrologisetHavaintopaikat_Virtaama_Q' url='https://paikkatiedot.ymparisto.fi/geoserver/inspire_ef/wfs' url='https://paikkatiedot.ymparisto.fi/geoserver/inspire_ef/wfs?request=GetCapabilities' version='auto',Kanta-Häme
111,1085,"2100120",Ylä-Suolijärvi - luusua,Q,Virtaama,"21.033",Jatkuva,01.01.1961,15.02.2026,6723087,371759,Hydrologiset havaintopaikat virtaama Q, pagingEnabled='true' preferCoordinatesForWfsT11='false' restrictToRequestBBOX='1' srsname='EPSG:3067' typename='inspire_ef:EF.HydrologisetHavaintopaikat_Virtaama_Q' url='https://paikkatiedot.ymparisto.fi/geoserver/inspire_ef/wfs' url='https://paikkatiedot.ymparisto.fi/geoserver/inspire_ef/wfs?request=GetCapabilities' version='auto',Uusimaa
112,1087,"2100130",Kytäjärvi - luusua,Q,Virtaama,"21.032",Jatkuva,01.01.1961,15.02.2026,6721639,372564,Hydrologiset havaintopaikat virtaama Q, pagingEnabled='true' preferCoordinatesForWfsT11='false' restrictToRequestBBOX='1' srsname='EPSG:3067' typename='inspire_ef:EF.HydrologisetHavaintopaikat_Virtaama_Q' url='https://paikkatiedot.ymparisto.fi/geoserver/inspire_ef/wfs' url='https://paikkatiedot.ymparisto.fi/geoserver/inspire_ef/wfs?request=GetCapabilities' version='auto',Uusimaa
113,1088,"2100920",Valkjärvi - luusua,Q,Virtaama,"21.054",Satunnainen,01.01.1961,30.09.2024,6700017,374660,Hydrologiset havaintopaikat virtaama Q, pagingEnabled='true' preferCoordinatesForWfsT11='false' restrictToRequestBBOX='1' srsname='EPSG:3067' typename='inspire_ef:EF.HydrologisetHavaintopaikat_Virtaama_Q' url='https://paikkatiedot.ymparisto.fi/geoserver/inspire_ef/wfs' url='https://paikkatiedot.ymparisto.fi/geoserver/inspire_ef/wfs?request=GetCapabilities' version='auto',Uusimaa
114,1089,"2100946",Sandbacka,Q,Virtaama,"21.045",Satunnainen,01.01.1971,30.09.2024,6694210,369862,Hydrologiset havaintopaikat virtaama Q, pagingEnabled='true' preferCoordinatesForWfsT11='false' restrictToRequestBBOX='1' srsname='EPSG:3067' typename='inspire_ef:EF.HydrologisetHavaintopaikat_Virtaama_Q' url='https://paikkatiedot.ymparisto.fi/geoserver/inspire_ef/wfs' url='https://paikkatiedot.ymparisto.fi/geoserver/inspire_ef/wfs?request=GetCapabilities' version='auto',Uusimaa
115,1090,"2101220",Myllymäki,Q,Virtaama,"21.012",Jatkuva,01.01.1959,15.02.2026,6686323,382000,Hydrologiset havaintopaikat virtaama Q, pagingEnabled='true' preferCoordinatesForWfsT11='false' restrictToRequestBBOX='1' srsname='EPSG:3067' typename='inspire_ef:EF.HydrologisetHavaintopaikat_Virtaama_Q' url='https://paikkatiedot.ymparisto.fi/geoserver/inspire_ef/wfs' url='https://paikkatiedot.ymparisto.fi/geoserver/inspire_ef/wfs?request=GetCapabilities' version='auto',Uusimaa
116,1091,"2101310",Tuusulanjärvi - luusua,Q,Virtaama,"21.082",Jatkuva,01.01.1961,13.02.2026,6698052,390984,Hydrologiset havaintopaikat virtaama Q, pagingEnabled='true' preferCoordinatesForWfsT11='false' restrictToRequestBBOX='1' srsname='EPSG:3067' typename='inspire_ef:EF.HydrologisetHavaintopaikat_Virtaama_Q' url='https://paikkatiedot.ymparisto.fi/geoserver/inspire_ef/wfs' url='https://paikkatiedot.ymparisto.fi/geoserver/inspire_ef/wfs?request=GetCapabilities' version='auto',Uusimaa
117,1092,"2101370",Päijännetunneli - Rusutjärvi,Q,Virtaama,"21.083",Jatkuva,01.01.1993,13.02.2026,6700885,388751,Hydrologiset havaintopaikat virtaama Q, pagingEnabled='true' preferCoordinatesForWfsT11='false' restrictToRequestBBOX='1' srsname='EPSG:3067' typename='inspire_ef:EF.HydrologisetHavaintopaikat_Virtaama_Q' url='https://paikkatiedot.ymparisto.fi/geoserver/inspire_ef/wfs' url='https://paikkatiedot.ymparisto.fi/geoserver/inspire_ef/wfs?request=GetCapabilities' version='auto',Uusimaa
118,1093,"2101470",Päijännetunneli - Keravanjoki,Q,Virtaama,"14.221",Jatkuva,01.08.1989,13.02.2026,6793741,419655,Hydrologiset havaintopaikat virtaama Q, pagingEnabled='true' preferCoordinatesForWfsT11='false' restrictToRequestBBOX='1' srsname='EPSG:3067' typename='inspire_ef:EF.HydrologisetHavaintopaikat_Virtaama_Q' url='https://paikkatiedot.ymparisto.fi/geoserver/inspire_ef/wfs' url='https://paikkatiedot.ymparisto.fi/geoserver/inspire_ef/wfs?request=GetCapabilities' version='auto',Päijät-Häme
119,1095,"2101520",Hanala,Q,Virtaama,"21.092",Jatkuva,01.01.1966,15.02.2026,6688298,394158,Hydrologiset havaintopaikat virtaama Q, pagingEnabled='true' preferCoordinatesForWfsT11='false' restrictToRequestBBOX='1' srsname='EPSG:3067' typename='inspire_ef:EF.HydrologisetHavaintopaikat_Virtaama_Q' url='https://paikkatiedot.ymparisto.fi/geoserver/inspire_ef/wfs' url='https://paikkatiedot.ymparisto.fi/geoserver/inspire_ef/wfs?request=GetCapabilities' version='auto',Uusimaa
120,1097,"2101700",Oulunkylä,Q,Virtaama,"21.011",Jatkuva,01.01.1937,15.02.2026,6679601,388387,Hydrologiset havaintopaikat virtaama Q, pagingEnabled='true' preferCoordinatesForWfsT11='false' restrictToRequestBBOX='1' srsname='EPSG:3067' typename='inspire_ef:EF.HydrologisetHavaintopaikat_Virtaama_Q' url='https://paikkatiedot.ymparisto.fi/geoserver/inspire_ef/wfs' url='https://paikkatiedot.ymparisto.fi/geoserver/inspire_ef/wfs?request=GetCapabilities' version='auto',Uusimaa
121,1098,"2200310",Palojärvenkoski,Q,Virtaama,"22.004",Jatkuva,01.01.1964,15.02.2026,6686893,354804,Hydrologiset havaintopaikat virtaama Q, pagingEnabled='true' preferCoordinatesForWfsT11='false' restrictToRequestBBOX='1' srsname='EPSG:3067' typename='inspire_ef:EF.HydrologisetHavaintopaikat_Virtaama_Q' url='https://paikkatiedot.ymparisto.fi/geoserver/inspire_ef/wfs' url='https://paikkatiedot.ymparisto.fi/geoserver/inspire_ef/wfs?request=GetCapabilities' version='auto',Uusimaa
122,1101,"2300100","Vanjoki, Jokikunta",Q,Virtaama,"23.042",Jatkuva,01.01.1951,14.02.2026,6703074,346079,Hydrologiset havaintopaikat virtaama Q, pagingEnabled='true' preferCoordinatesForWfsT11='false' restrictToRequestBBOX='1' srsname='EPSG:3067' typename='inspire_ef:EF.HydrologisetHavaintopaikat_Virtaama_Q' url='https://paikkatiedot.ymparisto.fi/geoserver/inspire_ef/wfs' url='https://paikkatiedot.ymparisto.fi/geoserver/inspire_ef/wfs?request=GetCapabilities' version='auto',Uusimaa
123,1106,"2300560",Väänteenjoki,Q,Virtaama,"23.031",Jatkuva,01.01.1970,15.02.2026,6692396,338072,Hydrologiset havaintopaikat virtaama Q, pagingEnabled='true' preferCoordinatesForWfsT11='false' restrictToRequestBBOX='1' srsname='EPSG:3067' typename='inspire_ef:EF.HydrologisetHavaintopaikat_Virtaama_Q' url='https://paikkatiedot.ymparisto.fi/geoserver/inspire_ef/wfs' url='https://paikkatiedot.ymparisto.fi/geoserver/inspire_ef/wfs?request=GetCapabilities' version='auto',Uusimaa
124,1107,"2300935",Peltokoski,Q,Virtaama,"23.012",Jatkuva,01.01.1938,15.02.2026,6672314,324236,Hydrologiset havaintopaikat virtaama Q, pagingEnabled='true' preferCoordinatesForWfsT11='false' restrictToRequestBBOX='1' srsname='EPSG:3067' typename='inspire_ef:EF.HydrologisetHavaintopaikat_Virtaama_Q' url='https://paikkatiedot.ymparisto.fi/geoserver/inspire_ef/wfs' url='https://paikkatiedot.ymparisto.fi/geoserver/inspire_ef/wfs?request=GetCapabilities' version='auto',Uusimaa
125,1109,"2301050",Billnäs,Q,Virtaama,"23.011",Jatkuva,01.01.1946,15.02.2026,6665734,313285,Hydrologiset havaintopaikat virtaama Q, pagingEnabled='true' preferCoordinatesForWfsT11='false' restrictToRequestBBOX='1' srsname='EPSG:3067' typename='inspire_ef:EF.HydrologisetHavaintopaikat_Virtaama_Q' url='https://paikkatiedot.ymparisto.fi/geoserver/inspire_ef/wfs' url='https://paikkatiedot.ymparisto.fi/geoserver/inspire_ef/wfs?request=GetCapabilities' version='auto',Uusimaa
126,1110,"2400400","Kiskonjoki, Koski, kokonaisvirtaama",Q,Virtaama,"24.021",Jatkuva,01.01.1963,15.02.2026,6677160,294055,Hydrologiset havaintopaikat virtaama Q, pagingEnabled='true' preferCoordinatesForWfsT11='false' restrictToRequestBBOX='1' srsname='EPSG:3067' typename='inspire_ef:EF.HydrologisetHavaintopaikat_Virtaama_Q' url='https://paikkatiedot.ymparisto.fi/geoserver/inspire_ef/wfs' url='https://paikkatiedot.ymparisto.fi/geoserver/inspire_ef/wfs?request=GetCapabilities' version='auto',Uusimaa
127,1111,"2500400",Kaukolankoski,Q,Virtaama,"25.002",Jatkuva,01.03.1970,15.02.2026,6706398,292390,Hydrologiset havaintopaikat virtaama Q, pagingEnabled='true' preferCoordinatesForWfsT11='false' restrictToRequestBBOX='1' srsname='EPSG:3067' typename='inspire_ef:EF.HydrologisetHavaintopaikat_Virtaama_Q' url='https://paikkatiedot.ymparisto.fi/geoserver/inspire_ef/wfs' url='https://paikkatiedot.ymparisto.fi/geoserver/inspire_ef/wfs?request=GetCapabilities' version='auto',Varsinais-Suomi
128,1112,"2700160",Hovirinnankoski,Q,Virtaama,"27.032",Jatkuva,01.03.1966,30.06.2025,6731268,297411,Hydrologiset havaintopaikat virtaama Q, pagingEnabled='true' preferCoordinatesForWfsT11='false' restrictToRequestBBOX='1' srsname='EPSG:3067' typename='inspire_ef:EF.HydrologisetHavaintopaikat_Virtaama_Q' url='https://paikkatiedot.ymparisto.fi/geoserver/inspire_ef/wfs' url='https://paikkatiedot.ymparisto.fi/geoserver/inspire_ef/wfs?request=GetCapabilities' version='auto',Varsinais-Suomi
129,1113,"2700250",Juvankoski,Q,Virtaama,"27.021",Jatkuva,01.01.1958,15.02.2026,6723054,267692,Hydrologiset havaintopaikat virtaama Q, pagingEnabled='true' preferCoordinatesForWfsT11='false' restrictToRequestBBOX='1' srsname='EPSG:3067' typename='inspire_ef:EF.HydrologisetHavaintopaikat_Virtaama_Q' url='https://paikkatiedot.ymparisto.fi/geoserver/inspire_ef/wfs' url='https://paikkatiedot.ymparisto.fi/geoserver/inspire_ef/wfs?request=GetCapabilities' version='auto',Varsinais-Suomi
130,1114,"2700350",Juntola,Q,Virtaama,"27.013",Jatkuva,01.01.1994,15.02.2026,6719220,264338,Hydrologiset havaintopaikat virtaama Q, pagingEnabled='true' preferCoordinatesForWfsT11='false' restrictToRequestBBOX='1' srsname='EPSG:3067' typename='inspire_ef:EF.HydrologisetHavaintopaikat_Virtaama_Q' url='https://paikkatiedot.ymparisto.fi/geoserver/inspire_ef/wfs' url='https://paikkatiedot.ymparisto.fi/geoserver/inspire_ef/wfs?request=GetCapabilities' version='auto',Varsinais-Suomi
131,1115,"2700370",Paimionjoki - Aurajoki,Q,Virtaama,"27.013",Jatkuva,01.01.1966,13.08.2017,6721981,263113,Hydrologiset havaintopaikat virtaama Q, pagingEnabled='true' preferCoordinatesForWfsT11='false' restrictToRequestBBOX='1' srsname='EPSG:3067' typename='inspire_ef:EF.HydrologisetHavaintopaikat_Virtaama_Q' url='https://paikkatiedot.ymparisto.fi/geoserver/inspire_ef/wfs' url='https://paikkatiedot.ymparisto.fi/geoserver/inspire_ef/wfs?request=GetCapabilities' version='auto',Varsinais-Suomi
132,1116,"2800300",Hypöistenkoski,Q,Virtaama,"28.002",Jatkuva,01.07.1943,15.02.2026,6731660,259242,Hydrologiset havaintopaikat virtaama Q, pagingEnabled='true' preferCoordinatesForWfsT11='false' restrictToRequestBBOX='1' srsname='EPSG:3067' typename='inspire_ef:EF.HydrologisetHavaintopaikat_Virtaama_Q' url='https://paikkatiedot.ymparisto.fi/geoserver/inspire_ef/wfs' url='https://paikkatiedot.ymparisto.fi/geoserver/inspire_ef/wfs?request=GetCapabilities' version='auto',Varsinais-Suomi
133,1117,"2800700",Halinen,Q,Virtaama,"28.001",Jatkuva,01.01.1938,14.02.2026,6712328,242012,Hydrologiset havaintopaikat virtaama Q, pagingEnabled='true' preferCoordinatesForWfsT11='false' restrictToRequestBBOX='1' srsname='EPSG:3067' typename='inspire_ef:EF.HydrologisetHavaintopaikat_Virtaama_Q' url='https://paikkatiedot.ymparisto.fi/geoserver/inspire_ef/wfs' url='https://paikkatiedot.ymparisto.fi/geoserver/inspire_ef/wfs?request=GetCapabilities' version='auto',Varsinais-Suomi
134,1119,"3100200",Laajoki,Q,Virtaama,"31.002",Jatkuva,01.01.1987,15.02.2026,6738284,218717,Hydrologiset havaintopaikat virtaama Q, pagingEnabled='true' preferCoordinatesForWfsT11='false' restrictToRequestBBOX='1' srsname='EPSG:3067' typename='inspire_ef:EF.HydrologisetHavaintopaikat_Virtaama_Q' url='https://paikkatiedot.ymparisto.fi/geoserver/inspire_ef/wfs' url='https://paikkatiedot.ymparisto.fi/geoserver/inspire_ef/wfs?request=GetCapabilities' version='auto',Varsinais-Suomi
135,1120,"3200400",Puttakoski,Q,Virtaama,"32.002",Jatkuva,01.01.1970,15.02.2026,6753227,206537,Hydrologiset havaintopaikat virtaama Q, pagingEnabled='true' preferCoordinatesForWfsT11='false' restrictToRequestBBOX='1' srsname='EPSG:3067' typename='inspire_ef:EF.HydrologisetHavaintopaikat_Virtaama_Q' url='https://paikkatiedot.ymparisto.fi/geoserver/inspire_ef/wfs' url='https://paikkatiedot.ymparisto.fi/geoserver/inspire_ef/wfs?request=GetCapabilities' version='auto',Varsinais-Suomi
136,1122,"3300400",Ylinenkoski,Q,Virtaama,"33.002",Jatkuva,01.01.1969,15.02.2026,6793668,213399,Hydrologiset havaintopaikat virtaama Q, pagingEnabled='true' preferCoordinatesForWfsT11='false' restrictToRequestBBOX='1' srsname='EPSG:3067' typename='inspire_ef:EF.HydrologisetHavaintopaikat_Virtaama_Q' url='https://paikkatiedot.ymparisto.fi/geoserver/inspire_ef/wfs' url='https://paikkatiedot.ymparisto.fi/geoserver/inspire_ef/wfs?request=GetCapabilities' version='auto',Satakunta
137,1123,"3400130",Yläneenjoki,Q,Virtaama,"34.042",Jatkuva,15.05.1970,15.02.2026,6757295,250905,Hydrologiset havaintopaikat virtaama Q, pagingEnabled='true' preferCoordinatesForWfsT11='false' restrictToRequestBBOX='1' srsname='EPSG:3067' typename='inspire_ef:EF.HydrologisetHavaintopaikat_Virtaama_Q' url='https://paikkatiedot.ymparisto.fi/geoserver/inspire_ef/wfs' url='https://paikkatiedot.ymparisto.fi/geoserver/inspire_ef/wfs?request=GetCapabilities' version='auto',Varsinais-Suomi
138,1124,"3400140",Pyhäjoki,Q,Virtaama,"34.062",Jatkuva,01.06.1971,15.02.2026,6772225,253044,Hydrologiset havaintopaikat virtaama Q, pagingEnabled='true' preferCoordinatesForWfsT11='false' restrictToRequestBBOX='1' srsname='EPSG:3067' typename='inspire_ef:EF.HydrologisetHavaintopaikat_Virtaama_Q' url='https://paikkatiedot.ymparisto.fi/geoserver/inspire_ef/wfs' url='https://paikkatiedot.ymparisto.fi/geoserver/inspire_ef/wfs?request=GetCapabilities' version='auto',Satakunta
139,1125,"3400150",Pyhäjärvi - luusua,Q,Virtaama,"34.022",Jatkuva,01.01.1965,15.02.2026,6784899,239140,Hydrologiset havaintopaikat virtaama Q, pagingEnabled='true' preferCoordinatesForWfsT11='false' restrictToRequestBBOX='1' srsname='EPSG:3067' typename='inspire_ef:EF.HydrologisetHavaintopaikat_Virtaama_Q' url='https://paikkatiedot.ymparisto.fi/geoserver/inspire_ef/wfs' url='https://paikkatiedot.ymparisto.fi/geoserver/inspire_ef/wfs?request=GetCapabilities' version='auto',Satakunta
140,1127,"3400450",Pappilankoski,Q,Virtaama,"34.012",Jatkuva,01.01.1985,07.09.2023,6796713,218261,Hydrologiset havaintopaikat virtaama Q, pagingEnabled='true' preferCoordinatesForWfsT11='false' restrictToRequestBBOX='1' srsname='EPSG:3067' typename='inspire_ef:EF.HydrologisetHavaintopaikat_Virtaama_Q' url='https://paikkatiedot.ymparisto.fi/geoserver/inspire_ef/wfs' url='https://paikkatiedot.ymparisto.fi/geoserver/inspire_ef/wfs?request=GetCapabilities' version='auto',Satakunta
141,1131,"3500110",Äväntäjärvi - luusua,Q,Virtaama,"35.724",Jatkuva,01.01.1984,15.02.2026,6847935,376217,Hydrologiset havaintopaikat virtaama Q, pagingEnabled='true' preferCoordinatesForWfsT11='false' restrictToRequestBBOX='1' srsname='EPSG:3067' typename='inspire_ef:EF.HydrologisetHavaintopaikat_Virtaama_Q' url='https://paikkatiedot.ymparisto.fi/geoserver/inspire_ef/wfs' url='https://paikkatiedot.ymparisto.fi/geoserver/inspire_ef/wfs?request=GetCapabilities' version='auto',Pirkanmaa
142,1133,"3501000",Vesijako - Palsankoski,Q,Virtaama,"35.784",Jatkuva,01.01.1985,14.02.2026,6804242,392011,Hydrologiset havaintopaikat virtaama Q, pagingEnabled='true' preferCoordinatesForWfsT11='false' restrictToRequestBBOX='1' srsname='EPSG:3067' typename='inspire_ef:EF.HydrologisetHavaintopaikat_Virtaama_Q' url='https://paikkatiedot.ymparisto.fi/geoserver/inspire_ef/wfs' url='https://paikkatiedot.ymparisto.fi/geoserver/inspire_ef/wfs?request=GetCapabilities' version='auto',Päijät-Häme
143,1134,"3501001",Vesijako - Sumperinvirta,Q,Virtaama,"14.252",Jatkuva,01.01.1985,15.02.2026,6807152,396056,Hydrologiset havaintopaikat virtaama Q, pagingEnabled='true' preferCoordinatesForWfsT11='false' restrictToRequestBBOX='1' srsname='EPSG:3067' typename='inspire_ef:EF.HydrologisetHavaintopaikat_Virtaama_Q' url='https://paikkatiedot.ymparisto.fi/geoserver/inspire_ef/wfs' url='https://paikkatiedot.ymparisto.fi/geoserver/inspire_ef/wfs?request=GetCapabilities' version='auto',Päijät-Häme
144,1136,"3501200","Kukkia, luusua",Q,Virtaama,"35.781",Jatkuva,01.01.1911,15.02.2026,6795324,376915,Hydrologiset havaintopaikat virtaama Q, pagingEnabled='true' preferCoordinatesForWfsT11='false' restrictToRequestBBOX='1' srsname='EPSG:3067' typename='inspire_ef:EF.HydrologisetHavaintopaikat_Virtaama_Q' url='https://paikkatiedot.ymparisto.fi/geoserver/inspire_ef/wfs' url='https://paikkatiedot.ymparisto.fi/geoserver/inspire_ef/wfs?request=GetCapabilities' version='auto',Pirkanmaa
145,1137,"3501650",Valkeakoski,Q,Virtaama,"35.711",Jatkuva,01.01.1956,13.02.2026,6795818,340601,Hydrologiset havaintopaikat virtaama Q, pagingEnabled='true' preferCoordinatesForWfsT11='false' restrictToRequestBBOX='1' srsname='EPSG:3067' typename='inspire_ef:EF.HydrologisetHavaintopaikat_Virtaama_Q' url='https://paikkatiedot.ymparisto.fi/geoserver/inspire_ef/wfs' url='https://paikkatiedot.ymparisto.fi/geoserver/inspire_ef/wfs?request=GetCapabilities' version='auto',Pirkanmaa
146,1138,"3501810",Haarajoki,Q,Virtaama,"35.835",Jatkuva,01.01.1972,15.02.2026,6773332,398703,Hydrologiset havaintopaikat virtaama Q, pagingEnabled='true' preferCoordinatesForWfsT11='false' restrictToRequestBBOX='1' srsname='EPSG:3067' typename='inspire_ef:EF.HydrologisetHavaintopaikat_Virtaama_Q' url='https://paikkatiedot.ymparisto.fi/geoserver/inspire_ef/wfs' url='https://paikkatiedot.ymparisto.fi/geoserver/inspire_ef/wfs?request=GetCapabilities' version='auto',Kanta-Häme
147,1139,"3501820",Mustajoki,Q,Virtaama,"35.836",Jatkuva,01.01.1971,14.02.2026,6774125,404900,Hydrologiset havaintopaikat virtaama Q, pagingEnabled='true' preferCoordinatesForWfsT11='false' restrictToRequestBBOX='1' srsname='EPSG:3067' typename='inspire_ef:EF.HydrologisetHavaintopaikat_Virtaama_Q' url='https://paikkatiedot.ymparisto.fi/geoserver/inspire_ef/wfs' url='https://paikkatiedot.ymparisto.fi/geoserver/inspire_ef/wfs?request=GetCapabilities' version='auto',Päijät-Häme
148,1140,"3501880","Teuronjoki, Jokelankoski",Q,Virtaama,"35.833",Jatkuva,12.01.1971,15.02.2026,6766763,399952,Hydrologiset havaintopaikat virtaama Q, pagingEnabled='true' preferCoordinatesForWfsT11='false' restrictToRequestBBOX='1' srsname='EPSG:3067' typename='inspire_ef:EF.HydrologisetHavaintopaikat_Virtaama_Q' url='https://paikkatiedot.ymparisto.fi/geoserver/inspire_ef/wfs' url='https://paikkatiedot.ymparisto.fi/geoserver/inspire_ef/wfs?request=GetCapabilities' version='auto',Päijät-Häme
149,1141,"3501910","Puujoki, Varunteenkoski",Q,Virtaama,"35.822",Jatkuva,03.04.1978,15.02.2026,6743739,389210,Hydrologiset havaintopaikat virtaama Q, pagingEnabled='true' preferCoordinatesForWfsT11='false' restrictToRequestBBOX='1' srsname='EPSG:3067' typename='inspire_ef:EF.HydrologisetHavaintopaikat_Virtaama_Q' url='https://paikkatiedot.ymparisto.fi/geoserver/inspire_ef/wfs' url='https://paikkatiedot.ymparisto.fi/geoserver/inspire_ef/wfs?request=GetCapabilities' version='auto',Kanta-Häme
150,1146,"3503320",Vanajavesi - Kuokkalankoski,Q,Virtaama,"35.221",Jatkuva,01.01.1911,15.02.2026,6803833,326066,Hydrologiset havaintopaikat virtaama Q, pagingEnabled='true' preferCoordinatesForWfsT11='false' restrictToRequestBBOX='1' srsname='EPSG:3067' typename='inspire_ef:EF.HydrologisetHavaintopaikat_Virtaama_Q' url='https://paikkatiedot.ymparisto.fi/geoserver/inspire_ef/wfs' url='https://paikkatiedot.ymparisto.fi/geoserver/inspire_ef/wfs?request=GetCapabilities' version='auto',Pirkanmaa
151,1147,"3503360",Lempäälä+Kuokkalankoski,Q,Virtaama,"35.221",Jatkuva,01.01.1962,14.02.2026,6801473,325966,Hydrologiset havaintopaikat virtaama Q, pagingEnabled='true' preferCoordinatesForWfsT11='false' restrictToRequestBBOX='1' srsname='EPSG:3067' typename='inspire_ef:EF.HydrologisetHavaintopaikat_Virtaama_Q' url='https://paikkatiedot.ymparisto.fi/geoserver/inspire_ef/wfs' url='https://paikkatiedot.ymparisto.fi/geoserver/inspire_ef/wfs?request=GetCapabilities' version='auto',Pirkanmaa
152,1148,"3503860",Hankavesi - Inha,Q,Virtaama,"35.432",Jatkuva,01.01.1983,14.02.2026,6934635,352057,Hydrologiset havaintopaikat virtaama Q, pagingEnabled='true' preferCoordinatesForWfsT11='false' restrictToRequestBBOX='1' srsname='EPSG:3067' typename='inspire_ef:EF.HydrologisetHavaintopaikat_Virtaama_Q' url='https://paikkatiedot.ymparisto.fi/geoserver/inspire_ef/wfs' url='https://paikkatiedot.ymparisto.fi/geoserver/inspire_ef/wfs?request=GetCapabilities' version='auto',Etelä-Pohjanmaa
153,1151,"3504051",Killinkoski,Q,Virtaama,"35.423",Jatkuva,01.04.1981,14.02.2026,6922848,338918,Hydrologiset havaintopaikat virtaama Q, pagingEnabled='true' preferCoordinatesForWfsT11='false' restrictToRequestBBOX='1' srsname='EPSG:3067' typename='inspire_ef:EF.HydrologisetHavaintopaikat_Virtaama_Q' url='https://paikkatiedot.ymparisto.fi/geoserver/inspire_ef/wfs' url='https://paikkatiedot.ymparisto.fi/geoserver/inspire_ef/wfs?request=GetCapabilities' version='auto',Pirkanmaa
154,1155,"3504800",Kitusjärvi - luusua,Q,Virtaama,"35.482",Jatkuva,01.01.1911,15.02.2026,6908881,346383,Hydrologiset havaintopaikat virtaama Q, pagingEnabled='true' preferCoordinatesForWfsT11='false' restrictToRequestBBOX='1' srsname='EPSG:3067' typename='inspire_ef:EF.HydrologisetHavaintopaikat_Virtaama_Q' url='https://paikkatiedot.ymparisto.fi/geoserver/inspire_ef/wfs' url='https://paikkatiedot.ymparisto.fi/geoserver/inspire_ef/wfs?request=GetCapabilities' version='auto',Pirkanmaa
155,1157,"3505800",Vilppulankoski,Q,Virtaama,"35.611",Jatkuva,01.01.1961,15.02.2026,6878229,369426,Hydrologiset havaintopaikat virtaama Q, pagingEnabled='true' preferCoordinatesForWfsT11='false' restrictToRequestBBOX='1' srsname='EPSG:3067' typename='inspire_ef:EF.HydrologisetHavaintopaikat_Virtaama_Q' url='https://paikkatiedot.ymparisto.fi/geoserver/inspire_ef/wfs' url='https://paikkatiedot.ymparisto.fi/geoserver/inspire_ef/wfs?request=GetCapabilities' version='auto',Pirkanmaa
156,1158,"3506200",Muroleenkoski,Q,Virtaama,"35.321",Jatkuva,01.01.1863,15.02.2026,6861798,337460,Hydrologiset havaintopaikat virtaama Q, pagingEnabled='true' preferCoordinatesForWfsT11='false' restrictToRequestBBOX='1' srsname='EPSG:3067' typename='inspire_ef:EF.HydrologisetHavaintopaikat_Virtaama_Q' url='https://paikkatiedot.ymparisto.fi/geoserver/inspire_ef/wfs' url='https://paikkatiedot.ymparisto.fi/geoserver/inspire_ef/wfs?request=GetCapabilities' version='auto',Pirkanmaa
157,1159,"3506610",Kuusjärvi - luusua,Q,Virtaama,"35.341",Jatkuva,01.01.1986,15.02.2026,6856211,325950,Hydrologiset havaintopaikat virtaama Q, pagingEnabled='true' preferCoordinatesForWfsT11='false' restrictToRequestBBOX='1' srsname='EPSG:3067' typename='inspire_ef:EF.HydrologisetHavaintopaikat_Virtaama_Q' url='https://paikkatiedot.ymparisto.fi/geoserver/inspire_ef/wfs' url='https://paikkatiedot.ymparisto.fi/geoserver/inspire_ef/wfs?request=GetCapabilities' version='auto',Pirkanmaa
158,1160,"3506950",Tammerkoski,Q,Virtaama,"35.311",Jatkuva,01.01.1933,13.02.2026,6822791,327728,Hydrologiset havaintopaikat virtaama Q, pagingEnabled='true' preferCoordinatesForWfsT11='false' restrictToRequestBBOX='1' srsname='EPSG:3067' typename='inspire_ef:EF.HydrologisetHavaintopaikat_Virtaama_Q' url='https://paikkatiedot.ymparisto.fi/geoserver/inspire_ef/wfs' url='https://paikkatiedot.ymparisto.fi/geoserver/inspire_ef/wfs?request=GetCapabilities' version='auto',Pirkanmaa
159,1163,"3507450",Nokia,Q,Virtaama,"35.211",Jatkuva,01.01.1953,13.02.2026,6819491,310157,Hydrologiset havaintopaikat virtaama Q, pagingEnabled='true' preferCoordinatesForWfsT11='false' restrictToRequestBBOX='1' srsname='EPSG:3067' typename='inspire_ef:EF.HydrologisetHavaintopaikat_Virtaama_Q' url='https://paikkatiedot.ymparisto.fi/geoserver/inspire_ef/wfs' url='https://paikkatiedot.ymparisto.fi/geoserver/inspire_ef/wfs?request=GetCapabilities' version='auto',Pirkanmaa
160,1166,"3507650",Käenkoski,Q,Virtaama,"35.532",Jatkuva,01.01.1967,14.02.2026,6884108,293084,Hydrologiset havaintopaikat virtaama Q, pagingEnabled='true' preferCoordinatesForWfsT11='false' restrictToRequestBBOX='1' srsname='EPSG:3067' typename='inspire_ef:EF.HydrologisetHavaintopaikat_Virtaama_Q' url='https://paikkatiedot.ymparisto.fi/geoserver/inspire_ef/wfs' url='https://paikkatiedot.ymparisto.fi/geoserver/inspire_ef/wfs?request=GetCapabilities' version='auto',Pirkanmaa
161,1168,"3507900",Leppäsjärvi - luusua,Q,Virtaama,"35.571",Jatkuva,01.01.1933,15.02.2026,6869079,293110,Hydrologiset havaintopaikat virtaama Q, pagingEnabled='true' preferCoordinatesForWfsT11='false' restrictToRequestBBOX='1' srsname='EPSG:3067' typename='inspire_ef:EF.HydrologisetHavaintopaikat_Virtaama_Q' url='https://paikkatiedot.ymparisto.fi/geoserver/inspire_ef/wfs' url='https://paikkatiedot.ymparisto.fi/geoserver/inspire_ef/wfs?request=GetCapabilities' version='auto',Pirkanmaa
162,1171,"3508250",Kyröskoski,Q,Virtaama,"35.521",Jatkuva,01.01.1981,15.02.2026,6843083,298314,Hydrologiset havaintopaikat virtaama Q, pagingEnabled='true' preferCoordinatesForWfsT11='false' restrictToRequestBBOX='1' srsname='EPSG:3067' typename='inspire_ef:EF.HydrologisetHavaintopaikat_Virtaama_Q' url='https://paikkatiedot.ymparisto.fi/geoserver/inspire_ef/wfs' url='https://paikkatiedot.ymparisto.fi/geoserver/inspire_ef/wfs?request=GetCapabilities' version='auto',Pirkanmaa
163,1174,"3508750",Hartolankoski,Q,Virtaama,"35.131",Jatkuva,01.01.1952,13.02.2026,6806460,277775,Hydrologiset havaintopaikat virtaama Q, pagingEnabled='true' preferCoordinatesForWfsT11='false' restrictToRequestBBOX='1' srsname='EPSG:3067' typename='inspire_ef:EF.HydrologisetHavaintopaikat_Virtaama_Q' url='https://paikkatiedot.ymparisto.fi/geoserver/inspire_ef/wfs' url='https://paikkatiedot.ymparisto.fi/geoserver/inspire_ef/wfs?request=GetCapabilities' version='auto',Pirkanmaa
164,1178,"3509052",Äetsä,Q,Virtaama,"35.123",Jatkuva,01.01.1957,13.02.2026,6801475,269351,Hydrologiset havaintopaikat virtaama Q, pagingEnabled='true' preferCoordinatesForWfsT11='false' restrictToRequestBBOX='1' srsname='EPSG:3067' typename='inspire_ef:EF.HydrologisetHavaintopaikat_Virtaama_Q' url='https://paikkatiedot.ymparisto.fi/geoserver/inspire_ef/wfs' url='https://paikkatiedot.ymparisto.fi/geoserver/inspire_ef/wfs?request=GetCapabilities' version='auto',Pirkanmaa
165,1180,"3509140",Liesjärvi - luusua,Q,Virtaama,"35.982",Jatkuva,01.01.1963,15.02.2026,6733996,332305,Hydrologiset havaintopaikat virtaama Q, pagingEnabled='true' preferCoordinatesForWfsT11='false' restrictToRequestBBOX='1' srsname='EPSG:3067' typename='inspire_ef:EF.HydrologisetHavaintopaikat_Virtaama_Q' url='https://paikkatiedot.ymparisto.fi/geoserver/inspire_ef/wfs' url='https://paikkatiedot.ymparisto.fi/geoserver/inspire_ef/wfs?request=GetCapabilities' version='auto',Kanta-Häme
166,1181,"3509150",Kuhalankoski,Q,Virtaama,"35.931",Jatkuva,01.01.1966,30.04.2018,6747017,316191,Hydrologiset havaintopaikat virtaama Q, pagingEnabled='true' preferCoordinatesForWfsT11='false' restrictToRequestBBOX='1' srsname='EPSG:3067' typename='inspire_ef:EF.HydrologisetHavaintopaikat_Virtaama_Q' url='https://paikkatiedot.ymparisto.fi/geoserver/inspire_ef/wfs' url='https://paikkatiedot.ymparisto.fi/geoserver/inspire_ef/wfs?request=GetCapabilities' version='auto',Kanta-Häme
167,1183,"3509350","Loimijoki, Sallilankoski",Q,Virtaama,"35.913",Jatkuva,01.01.1989,15.02.2026,6773327,267734,Hydrologiset havaintopaikat virtaama Q, pagingEnabled='true' preferCoordinatesForWfsT11='false' restrictToRequestBBOX='1' srsname='EPSG:3067' typename='inspire_ef:EF.HydrologisetHavaintopaikat_Virtaama_Q' url='https://paikkatiedot.ymparisto.fi/geoserver/inspire_ef/wfs' url='https://paikkatiedot.ymparisto.fi/geoserver/inspire_ef/wfs?request=GetCapabilities' version='auto',Satakunta
168,1185,"3509410","Loimijoki, Maurialankoski",Q,Virtaama,"35.912",Jatkuva,01.01.1985,15.02.2026,6785965,268102,Hydrologiset havaintopaikat virtaama Q, pagingEnabled='true' preferCoordinatesForWfsT11='false' restrictToRequestBBOX='1' srsname='EPSG:3067' typename='inspire_ef:EF.HydrologisetHavaintopaikat_Virtaama_Q' url='https://paikkatiedot.ymparisto.fi/geoserver/inspire_ef/wfs' url='https://paikkatiedot.ymparisto.fi/geoserver/inspire_ef/wfs?request=GetCapabilities' version='auto',Satakunta
169,1186,"3509800",Sääksjärvi - luusua,Q,Virtaama,"35.152",Jatkuva,01.01.1921,15.02.2026,6813703,257691,Hydrologiset havaintopaikat virtaama Q, pagingEnabled='true' preferCoordinatesForWfsT11='false' restrictToRequestBBOX='1' srsname='EPSG:3067' typename='inspire_ef:EF.HydrologisetHavaintopaikat_Virtaama_Q' url='https://paikkatiedot.ymparisto.fi/geoserver/inspire_ef/wfs' url='https://paikkatiedot.ymparisto.fi/geoserver/inspire_ef/wfs?request=GetCapabilities' version='auto',Satakunta
170,1187,"3510350",Kolsi,Q,Virtaama,"35.122",Jatkuva,01.01.1947,13.02.2026,6801719,251219,Hydrologiset havaintopaikat virtaama Q, pagingEnabled='true' preferCoordinatesForWfsT11='false' restrictToRequestBBOX='1' srsname='EPSG:3067' typename='inspire_ef:EF.HydrologisetHavaintopaikat_Virtaama_Q' url='https://paikkatiedot.ymparisto.fi/geoserver/inspire_ef/wfs' url='https://paikkatiedot.ymparisto.fi/geoserver/inspire_ef/wfs?request=GetCapabilities' version='auto',Satakunta
171,1188,"3510450",Harjavalta,Q,Virtaama,"35.121",Jatkuva,01.01.1931,13.02.2026,6810163,238727,Hydrologiset havaintopaikat virtaama Q, pagingEnabled='true' preferCoordinatesForWfsT11='false' restrictToRequestBBOX='1' srsname='EPSG:3067' typename='inspire_ef:EF.HydrologisetHavaintopaikat_Virtaama_Q' url='https://paikkatiedot.ymparisto.fi/geoserver/inspire_ef/wfs' url='https://paikkatiedot.ymparisto.fi/geoserver/inspire_ef/wfs?request=GetCapabilities' version='auto',Satakunta
172,1190,"3600800",Vatajankoski,Q,Virtaama,"36.031",Jatkuva,01.01.1970,15.02.2026,6875136,250212,Hydrologiset havaintopaikat virtaama Q, pagingEnabled='true' preferCoordinatesForWfsT11='false' restrictToRequestBBOX='1' srsname='EPSG:3067' typename='inspire_ef:EF.HydrologisetHavaintopaikat_Virtaama_Q' url='https://paikkatiedot.ymparisto.fi/geoserver/inspire_ef/wfs' url='https://paikkatiedot.ymparisto.fi/geoserver/inspire_ef/wfs?request=GetCapabilities' version='auto',Satakunta
173,1192,"3602200","Eteläjoki, Paratiisikoski",Q,Virtaama,"36.016",Jatkuva,01.01.1970,15.02.2026,6847617,217571,Hydrologiset havaintopaikat virtaama Q, pagingEnabled='true' preferCoordinatesForWfsT11='false' restrictToRequestBBOX='1' srsname='EPSG:3067' typename='inspire_ef:EF.HydrologisetHavaintopaikat_Virtaama_Q' url='https://paikkatiedot.ymparisto.fi/geoserver/inspire_ef/wfs' url='https://paikkatiedot.ymparisto.fi/geoserver/inspire_ef/wfs?request=GetCapabilities' version='auto',Satakunta
174,1194,"3602225","Karvianjoki, kokonaisvirtaama",Q,Virtaama,"36.012",Jatkuva,01.01.1969,15.02.2026,6849041,221910,Hydrologiset havaintopaikat virtaama Q, pagingEnabled='true' preferCoordinatesForWfsT11='false' restrictToRequestBBOX='1' srsname='EPSG:3067' typename='inspire_ef:EF.HydrologisetHavaintopaikat_Virtaama_Q' url='https://paikkatiedot.ymparisto.fi/geoserver/inspire_ef/wfs' url='https://paikkatiedot.ymparisto.fi/geoserver/inspire_ef/wfs?request=GetCapabilities' version='auto',Satakunta
175,1195,"3602300",Pohjajoki,Q,Virtaama,"36.012",Jatkuva,01.01.1970,15.02.2026,6849120,221961,Hydrologiset havaintopaikat virtaama Q, pagingEnabled='true' preferCoordinatesForWfsT11='false' restrictToRequestBBOX='1' srsname='EPSG:3067' typename='inspire_ef:EF.HydrologisetHavaintopaikat_Virtaama_Q' url='https://paikkatiedot.ymparisto.fi/geoserver/inspire_ef/wfs' url='https://paikkatiedot.ymparisto.fi/geoserver/inspire_ef/wfs?request=GetCapabilities' version='auto',Satakunta
176,1196,"3602500",Lankoski,Q,Virtaama,"36.011",Jatkuva,01.01.1970,15.02.2026,6864548,222169,Hydrologiset havaintopaikat virtaama Q, pagingEnabled='true' preferCoordinatesForWfsT11='false' restrictToRequestBBOX='1' srsname='EPSG:3067' typename='inspire_ef:EF.HydrologisetHavaintopaikat_Virtaama_Q' url='https://paikkatiedot.ymparisto.fi/geoserver/inspire_ef/wfs' url='https://paikkatiedot.ymparisto.fi/geoserver/inspire_ef/wfs?request=GetCapabilities' version='auto',Satakunta
177,1197,"3700300",Perus,Q,Virtaama,"37.013",Jatkuva,01.01.1980,15.02.2026,6912531,218679,Hydrologiset havaintopaikat virtaama Q, pagingEnabled='true' preferCoordinatesForWfsT11='false' restrictToRequestBBOX='1' srsname='EPSG:3067' typename='inspire_ef:EF.HydrologisetHavaintopaikat_Virtaama_Q' url='https://paikkatiedot.ymparisto.fi/geoserver/inspire_ef/wfs' url='https://paikkatiedot.ymparisto.fi/geoserver/inspire_ef/wfs?request=GetCapabilities' version='auto',Pohjanmaa
178,1200,"3800910",Puskamarkki,Q,Virtaama,"38.001",Jatkuva,08.08.1985,15.02.2026,6921326,216244,Hydrologiset havaintopaikat virtaama Q, pagingEnabled='true' preferCoordinatesForWfsT11='false' restrictToRequestBBOX='1' srsname='EPSG:3067' typename='inspire_ef:EF.HydrologisetHavaintopaikat_Virtaama_Q' url='https://paikkatiedot.ymparisto.fi/geoserver/inspire_ef/wfs' url='https://paikkatiedot.ymparisto.fi/geoserver/inspire_ef/wfs?request=GetCapabilities' version='auto',Pohjanmaa
179,1201,"3900800",Allmänningsforsen,Q,Virtaama,"39.002",Jatkuva,01.01.1981,15.02.2026,6943506,210379,Hydrologiset havaintopaikat virtaama Q, pagingEnabled='true' preferCoordinatesForWfsT11='false' restrictToRequestBBOX='1' srsname='EPSG:3067' typename='inspire_ef:EF.HydrologisetHavaintopaikat_Virtaama_Q' url='https://paikkatiedot.ymparisto.fi/geoserver/inspire_ef/wfs' url='https://paikkatiedot.ymparisto.fi/geoserver/inspire_ef/wfs?request=GetCapabilities' version='auto',Pohjanmaa
180,1203,"4000910",Köpingsbro,Q,Virtaama,"40.002",Jatkuva,01.01.1979,15.02.2026,6991011,223519,Hydrologiset havaintopaikat virtaama Q, pagingEnabled='true' preferCoordinatesForWfsT11='false' restrictToRequestBBOX='1' srsname='EPSG:3067' typename='inspire_ef:EF.HydrologisetHavaintopaikat_Virtaama_Q' url='https://paikkatiedot.ymparisto.fi/geoserver/inspire_ef/wfs' url='https://paikkatiedot.ymparisto.fi/geoserver/inspire_ef/wfs?request=GetCapabilities' version='auto',Pohjanmaa
181,1204,"4100900",Karkkimala,Q,Virtaama,"41.002",Jatkuva,01.01.1972,15.02.2026,6999575,240066,Hydrologiset havaintopaikat virtaama Q, pagingEnabled='true' preferCoordinatesForWfsT11='false' restrictToRequestBBOX='1' srsname='EPSG:3067' typename='inspire_ef:EF.HydrologisetHavaintopaikat_Virtaama_Q' url='https://paikkatiedot.ymparisto.fi/geoserver/inspire_ef/wfs' url='https://paikkatiedot.ymparisto.fi/geoserver/inspire_ef/wfs?request=GetCapabilities' version='auto',Pohjanmaa
182,1210,"4200250",Pitkämö,Q,Virtaama,"42.041",Jatkuva,01.01.1971,15.02.2026,6947662,264404,Hydrologiset havaintopaikat virtaama Q, pagingEnabled='true' preferCoordinatesForWfsT11='false' restrictToRequestBBOX='1' srsname='EPSG:3067' typename='inspire_ef:EF.HydrologisetHavaintopaikat_Virtaama_Q' url='https://paikkatiedot.ymparisto.fi/geoserver/inspire_ef/wfs' url='https://paikkatiedot.ymparisto.fi/geoserver/inspire_ef/wfs?request=GetCapabilities' version='auto',Etelä-Pohjanmaa
183,1212,"4200451",Kalajärvi + Seinäjoki,Q,Virtaama,"42.073",Jatkuva,01.01.1981,15.02.2026,6942633,297523,Hydrologiset havaintopaikat virtaama Q, pagingEnabled='true' preferCoordinatesForWfsT11='false' restrictToRequestBBOX='1' srsname='EPSG:3067' typename='inspire_ef:EF.HydrologisetHavaintopaikat_Virtaama_Q' url='https://paikkatiedot.ymparisto.fi/geoserver/inspire_ef/wfs' url='https://paikkatiedot.ymparisto.fi/geoserver/inspire_ef/wfs?request=GetCapabilities' version='auto',Etelä-Pohjanmaa
184,1213,"4200600","Kyrönjoki, Hanhikoski",Q,Virtaama,"42.023",Jatkuva,01.01.1951,15.02.2026,6988348,282529,Hydrologiset havaintopaikat virtaama Q, pagingEnabled='true' preferCoordinatesForWfsT11='false' restrictToRequestBBOX='1' srsname='EPSG:3067' typename='inspire_ef:EF.HydrologisetHavaintopaikat_Virtaama_Q' url='https://paikkatiedot.ymparisto.fi/geoserver/inspire_ef/wfs' url='https://paikkatiedot.ymparisto.fi/geoserver/inspire_ef/wfs?request=GetCapabilities' version='auto',Etelä-Pohjanmaa
185,1214,"4201000",Skatila,Q,Virtaama,"42.012",Jatkuva,01.01.1911,15.02.2026,7006122,241890,Hydrologiset havaintopaikat virtaama Q, pagingEnabled='true' preferCoordinatesForWfsT11='false' restrictToRequestBBOX='1' srsname='EPSG:3067' typename='inspire_ef:EF.HydrologisetHavaintopaikat_Virtaama_Q' url='https://paikkatiedot.ymparisto.fi/geoserver/inspire_ef/wfs' url='https://paikkatiedot.ymparisto.fi/geoserver/inspire_ef/wfs?request=GetCapabilities' version='auto',Pohjanmaa
186,1215,"4400110",Töysänjoki,Q,Virtaama,"44.081",Jatkuva,01.05.1980,15.02.2026,6946413,328594,Hydrologiset havaintopaikat virtaama Q, pagingEnabled='true' preferCoordinatesForWfsT11='false' restrictToRequestBBOX='1' srsname='EPSG:3067' typename='inspire_ef:EF.HydrologisetHavaintopaikat_Virtaama_Q' url='https://paikkatiedot.ymparisto.fi/geoserver/inspire_ef/wfs' url='https://paikkatiedot.ymparisto.fi/geoserver/inspire_ef/wfs?request=GetCapabilities' version='auto',Etelä-Pohjanmaa
187,1217,"4400251",Hirvikoski + Nurmonjoki,Q,Virtaama,"44.092",Jatkuva,01.08.1999,15.02.2026,6970623,297988,Hydrologiset havaintopaikat virtaama Q, pagingEnabled='true' preferCoordinatesForWfsT11='false' restrictToRequestBBOX='1' srsname='EPSG:3067' typename='inspire_ef:EF.HydrologisetHavaintopaikat_Virtaama_Q' url='https://paikkatiedot.ymparisto.fi/geoserver/inspire_ef/wfs' url='https://paikkatiedot.ymparisto.fi/geoserver/inspire_ef/wfs?request=GetCapabilities' version='auto',Etelä-Pohjanmaa
188,1218,"4400310",Tampparinkoski,Q,Virtaama,"44.031",Jatkuva,01.05.1980,15.02.2026,6987419,300134,Hydrologiset havaintopaikat virtaama Q, pagingEnabled='true' preferCoordinatesForWfsT11='false' restrictToRequestBBOX='1' srsname='EPSG:3067' typename='inspire_ef:EF.HydrologisetHavaintopaikat_Virtaama_Q' url='https://paikkatiedot.ymparisto.fi/geoserver/inspire_ef/wfs' url='https://paikkatiedot.ymparisto.fi/geoserver/inspire_ef/wfs?request=GetCapabilities' version='auto',Etelä-Pohjanmaa
189,1221,"4400610",Keppo,Q,Virtaama,"44.012",Jatkuva,01.01.1957,15.02.2026,7033086,284937,Hydrologiset havaintopaikat virtaama Q, pagingEnabled='true' preferCoordinatesForWfsT11='false' restrictToRequestBBOX='1' srsname='EPSG:3067' typename='inspire_ef:EF.HydrologisetHavaintopaikat_Virtaama_Q' url='https://paikkatiedot.ymparisto.fi/geoserver/inspire_ef/wfs' url='https://paikkatiedot.ymparisto.fi/geoserver/inspire_ef/wfs?request=GetCapabilities' version='auto',Pohjanmaa
190,1222,"4400850",Uusikaarlepyy,Q,Virtaama,"44.011",Jatkuva,01.01.1970,15.02.2026,7051905,277703,Hydrologiset havaintopaikat virtaama Q, pagingEnabled='true' preferCoordinatesForWfsT11='false' restrictToRequestBBOX='1' srsname='EPSG:3067' typename='inspire_ef:EF.HydrologisetHavaintopaikat_Virtaama_Q' url='https://paikkatiedot.ymparisto.fi/geoserver/inspire_ef/wfs' url='https://paikkatiedot.ymparisto.fi/geoserver/inspire_ef/wfs?request=GetCapabilities' version='auto',Pohjanmaa
191,1223,"4700260",Kurejoki,Q,Virtaama,"47.042",Jatkuva,01.01.1982,13.02.2026,6989266,338946,Hydrologiset havaintopaikat virtaama Q, pagingEnabled='true' preferCoordinatesForWfsT11='false' restrictToRequestBBOX='1' srsname='EPSG:3067' typename='inspire_ef:EF.HydrologisetHavaintopaikat_Virtaama_Q' url='https://paikkatiedot.ymparisto.fi/geoserver/inspire_ef/wfs' url='https://paikkatiedot.ymparisto.fi/geoserver/inspire_ef/wfs?request=GetCapabilities' version='auto',Etelä-Pohjanmaa
192,1225,"4700325","Ähtävänjoki, Hanhikoski",Q,Virtaama,"47.023",Jatkuva,01.01.1971,15.02.2026,7027216,328182,Hydrologiset havaintopaikat virtaama Q, pagingEnabled='true' preferCoordinatesForWfsT11='false' restrictToRequestBBOX='1' srsname='EPSG:3067' typename='inspire_ef:EF.HydrologisetHavaintopaikat_Virtaama_Q' url='https://paikkatiedot.ymparisto.fi/geoserver/inspire_ef/wfs' url='https://paikkatiedot.ymparisto.fi/geoserver/inspire_ef/wfs?request=GetCapabilities' version='auto',Etelä-Pohjanmaa
193,1227,"4700450",Kattilakoski,Q,Virtaama,"47.015",Jatkuva,01.01.1982,15.02.2026,7043283,315994,Hydrologiset havaintopaikat virtaama Q, pagingEnabled='true' preferCoordinatesForWfsT11='false' restrictToRequestBBOX='1' srsname='EPSG:3067' typename='inspire_ef:EF.HydrologisetHavaintopaikat_Virtaama_Q' url='https://paikkatiedot.ymparisto.fi/geoserver/inspire_ef/wfs' url='https://paikkatiedot.ymparisto.fi/geoserver/inspire_ef/wfs?request=GetCapabilities' version='auto',Etelä-Pohjanmaa
194,1229,"4700650",Herrfors,Q,Virtaama,"47.012",Jatkuva,01.01.1965,15.02.2026,7061596,295897,Hydrologiset havaintopaikat virtaama Q, pagingEnabled='true' preferCoordinatesForWfsT11='false' restrictToRequestBBOX='1' srsname='EPSG:3067' typename='inspire_ef:EF.HydrologisetHavaintopaikat_Virtaama_Q' url='https://paikkatiedot.ymparisto.fi/geoserver/inspire_ef/wfs' url='https://paikkatiedot.ymparisto.fi/geoserver/inspire_ef/wfs?request=GetCapabilities' version='auto',Pohjanmaa
195,1230,"4800100",Kruunupyy,Q,Virtaama,"48.001",Jatkuva,01.01.1993,15.02.2026,7072447,302935,Hydrologiset havaintopaikat virtaama Q, pagingEnabled='true' preferCoordinatesForWfsT11='false' restrictToRequestBBOX='1' srsname='EPSG:3067' typename='inspire_ef:EF.HydrologisetHavaintopaikat_Virtaama_Q' url='https://paikkatiedot.ymparisto.fi/geoserver/inspire_ef/wfs' url='https://paikkatiedot.ymparisto.fi/geoserver/inspire_ef/wfs?request=GetCapabilities' version='auto',Pohjanmaa
196,1231,"4900300",Tunkkari,Q,Virtaama,"49.024",Jatkuva,01.01.1980,15.02.2026,7045227,338566,Hydrologiset havaintopaikat virtaama Q, pagingEnabled='true' preferCoordinatesForWfsT11='false' restrictToRequestBBOX='1' srsname='EPSG:3067' typename='inspire_ef:EF.HydrologisetHavaintopaikat_Virtaama_Q' url='https://paikkatiedot.ymparisto.fi/geoserver/inspire_ef/wfs' url='https://paikkatiedot.ymparisto.fi/geoserver/inspire_ef/wfs?request=GetCapabilities' version='auto',Keski-Pohjanmaa
197,1232,"4900350","Kaitfors, kokonaisvirtaama",Q,Virtaama,"49.022",Jatkuva,01.04.1983,15.02.2026,7068422,321315,Hydrologiset havaintopaikat virtaama Q, pagingEnabled='true' preferCoordinatesForWfsT11='false' restrictToRequestBBOX='1' srsname='EPSG:3067' typename='inspire_ef:EF.HydrologisetHavaintopaikat_Virtaama_Q' url='https://paikkatiedot.ymparisto.fi/geoserver/inspire_ef/wfs' url='https://paikkatiedot.ymparisto.fi/geoserver/inspire_ef/wfs?request=GetCapabilities' version='auto',Pohjanmaa
198,1235,"5000300",Hyyppä,Q,Virtaama,"50.002",Jatkuva,01.03.1966,15.02.2026,7086643,325504,Hydrologiset havaintopaikat virtaama Q, pagingEnabled='true' preferCoordinatesForWfsT11='false' restrictToRequestBBOX='1' srsname='EPSG:3067' typename='inspire_ef:EF.HydrologisetHavaintopaikat_Virtaama_Q' url='https://paikkatiedot.ymparisto.fi/geoserver/inspire_ef/wfs' url='https://paikkatiedot.ymparisto.fi/geoserver/inspire_ef/wfs?request=GetCapabilities' version='auto',Keski-Pohjanmaa
199,1237,"5100200",Lestijärvi - luusua,Q,Virtaama,"51.041",Jatkuva,01.01.1921,15.02.2026,7052637,386689,Hydrologiset havaintopaikat virtaama Q, pagingEnabled='true' preferCoordinatesForWfsT11='false' restrictToRequestBBOX='1' srsname='EPSG:3067' typename='inspire_ef:EF.HydrologisetHavaintopaikat_Virtaama_Q' url='https://paikkatiedot.ymparisto.fi/geoserver/inspire_ef/wfs' url='https://paikkatiedot.ymparisto.fi/geoserver/inspire_ef/wfs?request=GetCapabilities' version='auto',Keski-Pohjanmaa
200,1239,"5100500",Saarenpää,Q,Virtaama,"51.012",Jatkuva,01.01.1980,15.02.2026,7099504,341537,Hydrologiset havaintopaikat virtaama Q, pagingEnabled='true' preferCoordinatesForWfsT11='false' restrictToRequestBBOX='1' srsname='EPSG:3067' typename='inspire_ef:EF.HydrologisetHavaintopaikat_Virtaama_Q' url='https://paikkatiedot.ymparisto.fi/geoserver/inspire_ef/wfs' url='https://paikkatiedot.ymparisto.fi/geoserver/inspire_ef/wfs?request=GetCapabilities' version='auto',Keski-Pohjanmaa
201,1241,"5300161","Reis-Vuohtajärvi, pato",Q,Virtaama,"53.053",Jatkuva,01.01.1976,15.02.2026,7058844,403749,Hydrologiset havaintopaikat virtaama Q, pagingEnabled='true' preferCoordinatesForWfsT11='false' restrictToRequestBBOX='1' srsname='EPSG:3067' typename='inspire_ef:EF.HydrologisetHavaintopaikat_Virtaama_Q' url='https://paikkatiedot.ymparisto.fi/geoserver/inspire_ef/wfs' url='https://paikkatiedot.ymparisto.fi/geoserver/inspire_ef/wfs?request=GetCapabilities' version='auto',Pohjois-Pohjanmaa
202,1242,"5300162","Settijärvi, pato",Q,Virtaama,"53.072",Jatkuva,01.01.1983,15.02.2026,7080520,422649,Hydrologiset havaintopaikat virtaama Q, pagingEnabled='true' preferCoordinatesForWfsT11='false' restrictToRequestBBOX='1' srsname='EPSG:3067' typename='inspire_ef:EF.HydrologisetHavaintopaikat_Virtaama_Q' url='https://paikkatiedot.ymparisto.fi/geoserver/inspire_ef/wfs' url='https://paikkatiedot.ymparisto.fi/geoserver/inspire_ef/wfs?request=GetCapabilities' version='auto',Pohjois-Pohjanmaa
203,1243,"5300163","Kuonanjärvi, pato",Q,Virtaama,"53.083",Jatkuva,01.01.1983,15.02.2026,7067457,431196,Hydrologiset havaintopaikat virtaama Q, pagingEnabled='true' preferCoordinatesForWfsT11='false' restrictToRequestBBOX='1' srsname='EPSG:3067' typename='inspire_ef:EF.HydrologisetHavaintopaikat_Virtaama_Q' url='https://paikkatiedot.ymparisto.fi/geoserver/inspire_ef/wfs' url='https://paikkatiedot.ymparisto.fi/geoserver/inspire_ef/wfs?request=GetCapabilities' version='auto',Pohjois-Pohjanmaa
204,1246,"5300250",Hinkua,Q,Virtaama,"53.081",Jatkuva,01.01.1991,15.02.2026,7064679,419081,Hydrologiset havaintopaikat virtaama Q, pagingEnabled='true' preferCoordinatesForWfsT11='false' restrictToRequestBBOX='1' srsname='EPSG:3067' typename='inspire_ef:EF.HydrologisetHavaintopaikat_Virtaama_Q' url='https://paikkatiedot.ymparisto.fi/geoserver/inspire_ef/wfs' url='https://paikkatiedot.ymparisto.fi/geoserver/inspire_ef/wfs?request=GetCapabilities' version='auto',Pohjois-Pohjanmaa
205,1247,"5300350",Oksava vl,Q,Virtaama,"53.043",Jatkuva,01.01.1981,15.02.2026,7076393,413549,Hydrologiset havaintopaikat virtaama Q, pagingEnabled='true' preferCoordinatesForWfsT11='false' restrictToRequestBBOX='1' srsname='EPSG:3067' typename='inspire_ef:EF.HydrologisetHavaintopaikat_Virtaama_Q' url='https://paikkatiedot.ymparisto.fi/geoserver/inspire_ef/wfs' url='https://paikkatiedot.ymparisto.fi/geoserver/inspire_ef/wfs?request=GetCapabilities' version='auto',Pohjois-Pohjanmaa
206,1248,"5300400",Malisjoki,Q,Virtaama,"53.061",Jatkuva,01.01.1986,31.01.2026,7091107,400591,Hydrologiset havaintopaikat virtaama Q, pagingEnabled='true' preferCoordinatesForWfsT11='false' restrictToRequestBBOX='1' srsname='EPSG:3067' typename='inspire_ef:EF.HydrologisetHavaintopaikat_Virtaama_Q' url='https://paikkatiedot.ymparisto.fi/geoserver/inspire_ef/wfs' url='https://paikkatiedot.ymparisto.fi/geoserver/inspire_ef/wfs?request=GetCapabilities' version='auto',Pohjois-Pohjanmaa
207,1250,"5300550",Padinki,Q,Virtaama,"53.033",Jatkuva,01.01.1982,15.02.2026,7098997,390796,Hydrologiset havaintopaikat virtaama Q, pagingEnabled='true' preferCoordinatesForWfsT11='false' restrictToRequestBBOX='1' srsname='EPSG:3067' typename='inspire_ef:EF.HydrologisetHavaintopaikat_Virtaama_Q' url='https://paikkatiedot.ymparisto.fi/geoserver/inspire_ef/wfs' url='https://paikkatiedot.ymparisto.fi/geoserver/inspire_ef/wfs?request=GetCapabilities' version='auto',Pohjois-Pohjanmaa
208,1252,"5300650",Hamari,Q,Virtaama,"53.031",Jatkuva,01.11.1984,15.02.2026,7107681,381936,Hydrologiset havaintopaikat virtaama Q, pagingEnabled='true' preferCoordinatesForWfsT11='false' restrictToRequestBBOX='1' srsname='EPSG:3067' typename='inspire_ef:EF.HydrologisetHavaintopaikat_Virtaama_Q' url='https://paikkatiedot.ymparisto.fi/geoserver/inspire_ef/wfs' url='https://paikkatiedot.ymparisto.fi/geoserver/inspire_ef/wfs?request=GetCapabilities' version='auto',Pohjois-Pohjanmaa
209,1253,"5300740",Niskakoski,Q,Virtaama,"53.021",Jatkuva,01.01.1971,15.02.2026,7122774,359899,Hydrologiset havaintopaikat virtaama Q, pagingEnabled='true' preferCoordinatesForWfsT11='false' restrictToRequestBBOX='1' srsname='EPSG:3067' typename='inspire_ef:EF.HydrologisetHavaintopaikat_Virtaama_Q' url='https://paikkatiedot.ymparisto.fi/geoserver/inspire_ef/wfs' url='https://paikkatiedot.ymparisto.fi/geoserver/inspire_ef/wfs?request=GetCapabilities' version='auto',Pohjois-Pohjanmaa
210,1255,"5400150",Venetpalo,Q,Virtaama,"54.042",Jatkuva,01.01.1961,15.02.2026,7085886,440152,Hydrologiset havaintopaikat virtaama Q, pagingEnabled='true' preferCoordinatesForWfsT11='false' restrictToRequestBBOX='1' srsname='EPSG:3067' typename='inspire_ef:EF.HydrologisetHavaintopaikat_Virtaama_Q' url='https://paikkatiedot.ymparisto.fi/geoserver/inspire_ef/wfs' url='https://paikkatiedot.ymparisto.fi/geoserver/inspire_ef/wfs?request=GetCapabilities' version='auto',Pohjois-Pohjanmaa
211,1256,"5400160",Pyhäjärvi - luusua,Q,Virtaama,"54.051",Jatkuva,01.10.1971,15.02.2026,7067559,449525,Hydrologiset havaintopaikat virtaama Q, pagingEnabled='true' preferCoordinatesForWfsT11='false' restrictToRequestBBOX='1' srsname='EPSG:3067' typename='inspire_ef:EF.HydrologisetHavaintopaikat_Virtaama_Q' url='https://paikkatiedot.ymparisto.fi/geoserver/inspire_ef/wfs' url='https://paikkatiedot.ymparisto.fi/geoserver/inspire_ef/wfs?request=GetCapabilities' version='auto',Pohjois-Pohjanmaa
212,1259,"5400250",Haapakoski,Q,Virtaama,"54.031",Jatkuva,01.10.1983,15.02.2026,7113910,417512,Hydrologiset havaintopaikat virtaama Q, pagingEnabled='true' preferCoordinatesForWfsT11='false' restrictToRequestBBOX='1' srsname='EPSG:3067' typename='inspire_ef:EF.HydrologisetHavaintopaikat_Virtaama_Q' url='https://paikkatiedot.ymparisto.fi/geoserver/inspire_ef/wfs' url='https://paikkatiedot.ymparisto.fi/geoserver/inspire_ef/wfs?request=GetCapabilities' version='auto',Pohjois-Pohjanmaa
213,1262,"5400410",Tolpankoski,Q,Virtaama,"54.011",Jatkuva,16.05.1983,15.02.2026,7139842,374501,Hydrologiset havaintopaikat virtaama Q, pagingEnabled='true' preferCoordinatesForWfsT11='false' restrictToRequestBBOX='1' srsname='EPSG:3067' typename='inspire_ef:EF.HydrologisetHavaintopaikat_Virtaama_Q' url='https://paikkatiedot.ymparisto.fi/geoserver/inspire_ef/wfs' url='https://paikkatiedot.ymparisto.fi/geoserver/inspire_ef/wfs?request=GetCapabilities' version='auto',Pohjois-Pohjanmaa
214,1263,"5700130",Lamujoki,Q,Virtaama,"57.061",Jatkuva,01.01.1976,15.02.2026,7134384,444508,Hydrologiset havaintopaikat virtaama Q, pagingEnabled='true' preferCoordinatesForWfsT11='false' restrictToRequestBBOX='1' srsname='EPSG:3067' typename='inspire_ef:EF.HydrologisetHavaintopaikat_Virtaama_Q' url='https://paikkatiedot.ymparisto.fi/geoserver/inspire_ef/wfs' url='https://paikkatiedot.ymparisto.fi/geoserver/inspire_ef/wfs?request=GetCapabilities' version='auto',Pohjois-Pohjanmaa
215,1264,"5700161","Iso Lamujärvi, pato",Q,Virtaama,"57.064",Jatkuva,01.01.1977,15.02.2026,7104824,462783,Hydrologiset havaintopaikat virtaama Q, pagingEnabled='true' preferCoordinatesForWfsT11='false' restrictToRequestBBOX='1' srsname='EPSG:3067' typename='inspire_ef:EF.HydrologisetHavaintopaikat_Virtaama_Q' url='https://paikkatiedot.ymparisto.fi/geoserver/inspire_ef/wfs' url='https://paikkatiedot.ymparisto.fi/geoserver/inspire_ef/wfs?request=GetCapabilities' version='auto',Pohjois-Pohjanmaa
216,1265,"5700162","Kortteinen, pato",Q,Virtaama,"57.063",Jatkuva,01.01.1977,15.02.2026,7116619,452797,Hydrologiset havaintopaikat virtaama Q, pagingEnabled='true' preferCoordinatesForWfsT11='false' restrictToRequestBBOX='1' srsname='EPSG:3067' typename='inspire_ef:EF.HydrologisetHavaintopaikat_Virtaama_Q' url='https://paikkatiedot.ymparisto.fi/geoserver/inspire_ef/wfs' url='https://paikkatiedot.ymparisto.fi/geoserver/inspire_ef/wfs?request=GetCapabilities' version='auto',Pohjois-Pohjanmaa
217,1267,"5700250",Uljua + Siikajoki,Q,Virtaama,"57.023",Jatkuva,01.05.1970,15.02.2026,7134992,445450,Hydrologiset havaintopaikat virtaama Q, pagingEnabled='true' preferCoordinatesForWfsT11='false' restrictToRequestBBOX='1' srsname='EPSG:3067' typename='inspire_ef:EF.HydrologisetHavaintopaikat_Virtaama_Q' url='https://paikkatiedot.ymparisto.fi/geoserver/inspire_ef/wfs' url='https://paikkatiedot.ymparisto.fi/geoserver/inspire_ef/wfs?request=GetCapabilities' version='auto',Pohjois-Pohjanmaa
218,1268,"5700410",Harjunniva,Q,Virtaama,"57.014",Jatkuva,01.05.1958,15.02.2026,7167628,423452,Hydrologiset havaintopaikat virtaama Q, pagingEnabled='true' preferCoordinatesForWfsT11='false' restrictToRequestBBOX='1' srsname='EPSG:3067' typename='inspire_ef:EF.HydrologisetHavaintopaikat_Virtaama_Q' url='https://paikkatiedot.ymparisto.fi/geoserver/inspire_ef/wfs' url='https://paikkatiedot.ymparisto.fi/geoserver/inspire_ef/wfs?request=GetCapabilities' version='auto',Pohjois-Pohjanmaa
219,1269,"5700700",Länkelä,Q,Virtaama,"57.012",Jatkuva,01.01.1936,15.02.2026,7184435,398709,Hydrologiset havaintopaikat virtaama Q, pagingEnabled='true' preferCoordinatesForWfsT11='false' restrictToRequestBBOX='1' srsname='EPSG:3067' typename='inspire_ef:EF.HydrologisetHavaintopaikat_Virtaama_Q' url='https://paikkatiedot.ymparisto.fi/geoserver/inspire_ef/wfs' url='https://paikkatiedot.ymparisto.fi/geoserver/inspire_ef/wfs?request=GetCapabilities' version='auto',Pohjois-Pohjanmaa
220,1270,"5900110",Hossanjärvi - luusua,Q,Virtaama,"59.522",Jatkuva,11.09.1962,15.02.2026,7257378,618448,Hydrologiset havaintopaikat virtaama Q, pagingEnabled='true' preferCoordinatesForWfsT11='false' restrictToRequestBBOX='1' srsname='EPSG:3067' typename='inspire_ef:EF.HydrologisetHavaintopaikat_Virtaama_Q' url='https://paikkatiedot.ymparisto.fi/geoserver/inspire_ef/wfs' url='https://paikkatiedot.ymparisto.fi/geoserver/inspire_ef/wfs?request=GetCapabilities' version='auto',Kainuu
221,1271,"5900160",Vellijärvi - luusua,Q,Virtaama,"59.572",Jatkuva,01.01.1980,15.02.2026,7242148,598994,Hydrologiset havaintopaikat virtaama Q, pagingEnabled='true' preferCoordinatesForWfsT11='false' restrictToRequestBBOX='1' srsname='EPSG:3067' typename='inspire_ef:EF.HydrologisetHavaintopaikat_Virtaama_Q' url='https://paikkatiedot.ymparisto.fi/geoserver/inspire_ef/wfs' url='https://paikkatiedot.ymparisto.fi/geoserver/inspire_ef/wfs?request=GetCapabilities' version='auto',Kainuu
222,1272,"5900180",Pesiöjärvi - luusua,Q,Virtaama,"59.541",Jatkuva,01.01.1980,15.02.2026,7202052,582637,Hydrologiset havaintopaikat virtaama Q, pagingEnabled='true' preferCoordinatesForWfsT11='false' restrictToRequestBBOX='1' srsname='EPSG:3067' typename='inspire_ef:EF.HydrologisetHavaintopaikat_Virtaama_Q' url='https://paikkatiedot.ymparisto.fi/geoserver/inspire_ef/wfs' url='https://paikkatiedot.ymparisto.fi/geoserver/inspire_ef/wfs?request=GetCapabilities' version='auto',Kainuu
223,1274,"5900250","Kiantajärvi, Ämmäkoski",Q,Virtaama,"59.511",Jatkuva,01.01.1960,14.02.2026,7196430,590730,Hydrologiset havaintopaikat virtaama Q, pagingEnabled='true' preferCoordinatesForWfsT11='false' restrictToRequestBBOX='1' srsname='EPSG:3067' typename='inspire_ef:EF.HydrologisetHavaintopaikat_Virtaama_Q' url='https://paikkatiedot.ymparisto.fi/geoserver/inspire_ef/wfs' url='https://paikkatiedot.ymparisto.fi/geoserver/inspire_ef/wfs?request=GetCapabilities' version='auto',Kainuu
224,1275,"5900251",Aittokoski,Q,Virtaama,"59.611",Jatkuva,26.06.1960,14.02.2026,7191490,587872,Hydrologiset havaintopaikat virtaama Q, pagingEnabled='true' preferCoordinatesForWfsT11='false' restrictToRequestBBOX='1' srsname='EPSG:3067' typename='inspire_ef:EF.HydrologisetHavaintopaikat_Virtaama_Q' url='https://paikkatiedot.ymparisto.fi/geoserver/inspire_ef/wfs' url='https://paikkatiedot.ymparisto.fi/geoserver/inspire_ef/wfs?request=GetCapabilities' version='auto',Kainuu
225,1276,"5900300",Vuokkijärvi - luusua,Q,Virtaama,"59.612",Jatkuva,01.01.1911,14.02.2026,7189309,600650,Hydrologiset havaintopaikat virtaama Q, pagingEnabled='true' preferCoordinatesForWfsT11='false' restrictToRequestBBOX='1' srsname='EPSG:3067' typename='inspire_ef:EF.HydrologisetHavaintopaikat_Virtaama_Q' url='https://paikkatiedot.ymparisto.fi/geoserver/inspire_ef/wfs' url='https://paikkatiedot.ymparisto.fi/geoserver/inspire_ef/wfs?request=GetCapabilities' version='auto',Kainuu
226,1277,"5900360",Palojärvi - luusua,Q,Virtaama,"59.632",Jatkuva,01.01.1983,15.02.2026,7183054,635055,Hydrologiset havaintopaikat virtaama Q, pagingEnabled='true' preferCoordinatesForWfsT11='false' restrictToRequestBBOX='1' srsname='EPSG:3067' typename='inspire_ef:EF.HydrologisetHavaintopaikat_Virtaama_Q' url='https://paikkatiedot.ymparisto.fi/geoserver/inspire_ef/wfs' url='https://paikkatiedot.ymparisto.fi/geoserver/inspire_ef/wfs?request=GetCapabilities' version='auto',Kainuu
227,1280,"5900510",Niemelänjärvi - luusua,Q,Virtaama,"59.721",Jatkuva,01.01.1976,15.02.2026,7167812,580706,Hydrologiset havaintopaikat virtaama Q, pagingEnabled='true' preferCoordinatesForWfsT11='false' restrictToRequestBBOX='1' srsname='EPSG:3067' typename='inspire_ef:EF.HydrologisetHavaintopaikat_Virtaama_Q' url='https://paikkatiedot.ymparisto.fi/geoserver/inspire_ef/wfs' url='https://paikkatiedot.ymparisto.fi/geoserver/inspire_ef/wfs?request=GetCapabilities' version='auto',Kainuu
228,1282,"5900650","Emäjoki, Seitenoikea",Q,Virtaama,"59.431",Jatkuva,01.06.1961,14.02.2026,7163781,567790,Hydrologiset havaintopaikat virtaama Q, pagingEnabled='true' preferCoordinatesForWfsT11='false' restrictToRequestBBOX='1' srsname='EPSG:3067' typename='inspire_ef:EF.HydrologisetHavaintopaikat_Virtaama_Q' url='https://paikkatiedot.ymparisto.fi/geoserver/inspire_ef/wfs' url='https://paikkatiedot.ymparisto.fi/geoserver/inspire_ef/wfs?request=GetCapabilities' version='auto',Kainuu
229,1283,"5900750",Pyhäntä,Q,Virtaama,"59.482",Jatkuva,01.07.1957,15.02.2026,7152975,565621,Hydrologiset havaintopaikat virtaama Q, pagingEnabled='true' preferCoordinatesForWfsT11='false' restrictToRequestBBOX='1' srsname='EPSG:3067' typename='inspire_ef:EF.HydrologisetHavaintopaikat_Virtaama_Q' url='https://paikkatiedot.ymparisto.fi/geoserver/inspire_ef/wfs' url='https://paikkatiedot.ymparisto.fi/geoserver/inspire_ef/wfs?request=GetCapabilities' version='auto',Kainuu
230,1286,"5900940",Uva - luusua,Q,Virtaama,"59.442",Jatkuva,01.01.1976,15.02.2026,7161772,547102,Hydrologiset havaintopaikat virtaama Q, pagingEnabled='true' preferCoordinatesForWfsT11='false' restrictToRequestBBOX='1' srsname='EPSG:3067' typename='inspire_ef:EF.HydrologisetHavaintopaikat_Virtaama_Q' url='https://paikkatiedot.ymparisto.fi/geoserver/inspire_ef/wfs' url='https://paikkatiedot.ymparisto.fi/geoserver/inspire_ef/wfs?request=GetCapabilities' version='auto',Kainuu
231,1287,"5900950",Leppikoski,Q,Virtaama,"59.411",Jatkuva,01.01.1963,14.02.2026,7148087,542670,Hydrologiset havaintopaikat virtaama Q, pagingEnabled='true' preferCoordinatesForWfsT11='false' restrictToRequestBBOX='1' srsname='EPSG:3067' typename='inspire_ef:EF.HydrologisetHavaintopaikat_Virtaama_Q' url='https://paikkatiedot.ymparisto.fi/geoserver/inspire_ef/wfs' url='https://paikkatiedot.ymparisto.fi/geoserver/inspire_ef/wfs?request=GetCapabilities' version='auto',Kainuu
232,1289,"5901110",Kivesjärvi - luusua,Q,Virtaama,"59.351",Jatkuva,01.01.1988,15.02.2026,7142443,524400,Hydrologiset havaintopaikat virtaama Q, pagingEnabled='true' preferCoordinatesForWfsT11='false' restrictToRequestBBOX='1' srsname='EPSG:3067' typename='inspire_ef:EF.HydrologisetHavaintopaikat_Virtaama_Q' url='https://paikkatiedot.ymparisto.fi/geoserver/inspire_ef/wfs' url='https://paikkatiedot.ymparisto.fi/geoserver/inspire_ef/wfs?request=GetCapabilities' version='auto',Kainuu
233,1290,"5901320",Änättijärvi - luusua,Q,Virtaama,"59.931",Jatkuva,14.08.1911,15.02.2026,7144314,637496,Hydrologiset havaintopaikat virtaama Q, pagingEnabled='true' preferCoordinatesForWfsT11='false' restrictToRequestBBOX='1' srsname='EPSG:3067' typename='inspire_ef:EF.HydrologisetHavaintopaikat_Virtaama_Q' url='https://paikkatiedot.ymparisto.fi/geoserver/inspire_ef/wfs' url='https://paikkatiedot.ymparisto.fi/geoserver/inspire_ef/wfs?request=GetCapabilities' version='auto',Kainuu
234,1291,"5901600",Kalliojärvi - luusua,Q,Virtaama,"59.952",Jatkuva,01.01.1975,15.02.2026,7129273,640789,Hydrologiset havaintopaikat virtaama Q, pagingEnabled='true' preferCoordinatesForWfsT11='false' restrictToRequestBBOX='1' srsname='EPSG:3067' typename='inspire_ef:EF.HydrologisetHavaintopaikat_Virtaama_Q' url='https://paikkatiedot.ymparisto.fi/geoserver/inspire_ef/wfs' url='https://paikkatiedot.ymparisto.fi/geoserver/inspire_ef/wfs?request=GetCapabilities' version='auto',Kainuu
235,1292,"5901710",Lentua - luusua,Q,Virtaama,"59.921",Jatkuva,01.01.1911,15.02.2026,7120763,625495,Hydrologiset havaintopaikat virtaama Q, pagingEnabled='true' preferCoordinatesForWfsT11='false' restrictToRequestBBOX='1' srsname='EPSG:3067' typename='inspire_ef:EF.HydrologisetHavaintopaikat_Virtaama_Q' url='https://paikkatiedot.ymparisto.fi/geoserver/inspire_ef/wfs' url='https://paikkatiedot.ymparisto.fi/geoserver/inspire_ef/wfs?request=GetCapabilities' version='auto',Kainuu
236,1293,"5901820",Saunajärvi - luusua,Q,Virtaama,"59.977",Jatkuva,01.04.1986,15.02.2026,7092668,645850,Hydrologiset havaintopaikat virtaama Q, pagingEnabled='true' preferCoordinatesForWfsT11='false' restrictToRequestBBOX='1' srsname='EPSG:3067' typename='inspire_ef:EF.HydrologisetHavaintopaikat_Virtaama_Q' url='https://paikkatiedot.ymparisto.fi/geoserver/inspire_ef/wfs' url='https://paikkatiedot.ymparisto.fi/geoserver/inspire_ef/wfs?request=GetCapabilities' version='auto',Kainuu
237,1294,"5901900",Lammasjärvi - luusua,Q,Virtaama,"59.912",Jatkuva,01.01.1937,13.02.2026,7113611,621826,Hydrologiset havaintopaikat virtaama Q, pagingEnabled='true' preferCoordinatesForWfsT11='false' restrictToRequestBBOX='1' srsname='EPSG:3067' typename='inspire_ef:EF.HydrologisetHavaintopaikat_Virtaama_Q' url='https://paikkatiedot.ymparisto.fi/geoserver/inspire_ef/wfs' url='https://paikkatiedot.ymparisto.fi/geoserver/inspire_ef/wfs?request=GetCapabilities' version='auto',Kainuu
238,1296,"5902100",Kellojärvi - luusua,Q,Virtaama,"59.942",Jatkuva,01.01.1977,15.02.2026,7122323,598162,Hydrologiset havaintopaikat virtaama Q, pagingEnabled='true' preferCoordinatesForWfsT11='false' restrictToRequestBBOX='1' srsname='EPSG:3067' typename='inspire_ef:EF.HydrologisetHavaintopaikat_Virtaama_Q' url='https://paikkatiedot.ymparisto.fi/geoserver/inspire_ef/wfs' url='https://paikkatiedot.ymparisto.fi/geoserver/inspire_ef/wfs?request=GetCapabilities' version='auto',Kainuu
239,1299,"5902250","Ontojärvi, Katerma",Q,Virtaama,"59.911",Jatkuva,01.01.1950,13.02.2026,7109220,596216,Hydrologiset havaintopaikat virtaama Q, pagingEnabled='true' preferCoordinatesForWfsT11='false' restrictToRequestBBOX='1' srsname='EPSG:3067' typename='inspire_ef:EF.HydrologisetHavaintopaikat_Virtaama_Q' url='https://paikkatiedot.ymparisto.fi/geoserver/inspire_ef/wfs' url='https://paikkatiedot.ymparisto.fi/geoserver/inspire_ef/wfs?request=GetCapabilities' version='auto',Kainuu
240,1301,"5902530",Jormasjärvi - luusua,Q,Virtaama,"59.882",Jatkuva,01.01.1985,15.02.2026,7107261,556522,Hydrologiset havaintopaikat virtaama Q, pagingEnabled='true' preferCoordinatesForWfsT11='false' restrictToRequestBBOX='1' srsname='EPSG:3067' typename='inspire_ef:EF.HydrologisetHavaintopaikat_Virtaama_Q' url='https://paikkatiedot.ymparisto.fi/geoserver/inspire_ef/wfs' url='https://paikkatiedot.ymparisto.fi/geoserver/inspire_ef/wfs?request=GetCapabilities' version='auto',Kainuu
241,1303,"5902650","Nuasjärvi, Koivukoski",Q,Virtaama,"59.811",Jatkuva,01.04.1948,15.02.2026,7122437,535733,Hydrologiset havaintopaikat virtaama Q, pagingEnabled='true' preferCoordinatesForWfsT11='false' restrictToRequestBBOX='1' srsname='EPSG:3067' typename='inspire_ef:EF.HydrologisetHavaintopaikat_Virtaama_Q' url='https://paikkatiedot.ymparisto.fi/geoserver/inspire_ef/wfs' url='https://paikkatiedot.ymparisto.fi/geoserver/inspire_ef/wfs?request=GetCapabilities' version='auto',Kainuu
242,1305,"5903450","Oulujärvi, Jylhämä",Q,Virtaama,"59.311",Jatkuva,01.01.1950,14.02.2026,7160781,489532,Hydrologiset havaintopaikat virtaama Q, pagingEnabled='true' preferCoordinatesForWfsT11='false' restrictToRequestBBOX='1' srsname='EPSG:3067' typename='inspire_ef:EF.HydrologisetHavaintopaikat_Virtaama_Q' url='https://paikkatiedot.ymparisto.fi/geoserver/inspire_ef/wfs' url='https://paikkatiedot.ymparisto.fi/geoserver/inspire_ef/wfs?request=GetCapabilities' version='auto',Pohjois-Pohjanmaa
243,1307,"5903551",Nuojua,Q,Virtaama,"59.213",Jatkuva,01.01.1954,14.02.2026,7161361,486363,Hydrologiset havaintopaikat virtaama Q, pagingEnabled='true' preferCoordinatesForWfsT11='false' restrictToRequestBBOX='1' srsname='EPSG:3067' typename='inspire_ef:EF.HydrologisetHavaintopaikat_Virtaama_Q' url='https://paikkatiedot.ymparisto.fi/geoserver/inspire_ef/wfs' url='https://paikkatiedot.ymparisto.fi/geoserver/inspire_ef/wfs?request=GetCapabilities' version='auto',Pohjois-Pohjanmaa
244,1308,"5903750",Utanen,Q,Virtaama,"59.211",Jatkuva,11.05.1956,14.02.2026,7179154,475158,Hydrologiset havaintopaikat virtaama Q, pagingEnabled='true' preferCoordinatesForWfsT11='false' restrictToRequestBBOX='1' srsname='EPSG:3067' typename='inspire_ef:EF.HydrologisetHavaintopaikat_Virtaama_Q' url='https://paikkatiedot.ymparisto.fi/geoserver/inspire_ef/wfs' url='https://paikkatiedot.ymparisto.fi/geoserver/inspire_ef/wfs?request=GetCapabilities' version='auto',Pohjois-Pohjanmaa
245,1310,"5904050",Pälli,Q,Virtaama,"59.131",Jatkuva,01.01.1973,14.02.2026,7191269,461803,Hydrologiset havaintopaikat virtaama Q, pagingEnabled='true' preferCoordinatesForWfsT11='false' restrictToRequestBBOX='1' srsname='EPSG:3067' typename='inspire_ef:EF.HydrologisetHavaintopaikat_Virtaama_Q' url='https://paikkatiedot.ymparisto.fi/geoserver/inspire_ef/wfs' url='https://paikkatiedot.ymparisto.fi/geoserver/inspire_ef/wfs?request=GetCapabilities' version='auto',Pohjois-Pohjanmaa
246,1312,"5904052",Pyhäkoski,Q,Virtaama,"59.122",Jatkuva,01.01.1956,14.02.2026,7191629,454436,Hydrologiset havaintopaikat virtaama Q, pagingEnabled='true' preferCoordinatesForWfsT11='false' restrictToRequestBBOX='1' srsname='EPSG:3067' typename='inspire_ef:EF.HydrologisetHavaintopaikat_Virtaama_Q' url='https://paikkatiedot.ymparisto.fi/geoserver/inspire_ef/wfs' url='https://paikkatiedot.ymparisto.fi/geoserver/inspire_ef/wfs?request=GetCapabilities' version='auto',Pohjois-Pohjanmaa
247,1313,"5904053",Montta,Q,Virtaama,"59.121",Jatkuva,01.01.1956,14.02.2026,7188804,453227,Hydrologiset havaintopaikat virtaama Q, pagingEnabled='true' preferCoordinatesForWfsT11='false' restrictToRequestBBOX='1' srsname='EPSG:3067' typename='inspire_ef:EF.HydrologisetHavaintopaikat_Virtaama_Q' url='https://paikkatiedot.ymparisto.fi/geoserver/inspire_ef/wfs' url='https://paikkatiedot.ymparisto.fi/geoserver/inspire_ef/wfs?request=GetCapabilities' version='auto',Pohjois-Pohjanmaa
248,1314,"5904450",Merikoski,Q,Virtaama,"59.111",Jatkuva,01.01.1950,14.02.2026,7211846,428078,Hydrologiset havaintopaikat virtaama Q, pagingEnabled='true' preferCoordinatesForWfsT11='false' restrictToRequestBBOX='1' srsname='EPSG:3067' typename='inspire_ef:EF.HydrologisetHavaintopaikat_Virtaama_Q' url='https://paikkatiedot.ymparisto.fi/geoserver/inspire_ef/wfs' url='https://paikkatiedot.ymparisto.fi/geoserver/inspire_ef/wfs?request=GetCapabilities' version='auto',Pohjois-Pohjanmaa
249,1315,"6000100",Porkkalan silta,Q,Virtaama,"60.022",Jatkuva,01.01.1962,15.02.2026,7216291,467387,Hydrologiset havaintopaikat virtaama Q, pagingEnabled='true' preferCoordinatesForWfsT11='false' restrictToRequestBBOX='1' srsname='EPSG:3067' typename='inspire_ef:EF.HydrologisetHavaintopaikat_Virtaama_Q' url='https://paikkatiedot.ymparisto.fi/geoserver/inspire_ef/wfs' url='https://paikkatiedot.ymparisto.fi/geoserver/inspire_ef/wfs?request=GetCapabilities' version='auto',Pohjois-Pohjanmaa
250,1316,"6000110",Iso Puutiojärvi - luusua,Q,Virtaama,"60.052",Jatkuva,01.01.1975,15.02.2026,7193578,528206,Hydrologiset havaintopaikat virtaama Q, pagingEnabled='true' preferCoordinatesForWfsT11='false' restrictToRequestBBOX='1' srsname='EPSG:3067' typename='inspire_ef:EF.HydrologisetHavaintopaikat_Virtaama_Q' url='https://paikkatiedot.ymparisto.fi/geoserver/inspire_ef/wfs' url='https://paikkatiedot.ymparisto.fi/geoserver/inspire_ef/wfs?request=GetCapabilities' version='auto',Kainuu
251,1317,"6000200",Nuorittajoki,Q,Virtaama,"60.061",Jatkuva,01.01.1967,15.02.2026,7219438,470596,Hydrologiset havaintopaikat virtaama Q, pagingEnabled='true' preferCoordinatesForWfsT11='false' restrictToRequestBBOX='1' srsname='EPSG:3067' typename='inspire_ef:EF.HydrologisetHavaintopaikat_Virtaama_Q' url='https://paikkatiedot.ymparisto.fi/geoserver/inspire_ef/wfs' url='https://paikkatiedot.ymparisto.fi/geoserver/inspire_ef/wfs?request=GetCapabilities' version='auto',Pohjois-Pohjanmaa
252,1318,"6000410",Haukipudas,Q,Virtaama,"60.011",Jatkuva,01.01.1977,15.02.2026,7230952,425426,Hydrologiset havaintopaikat virtaama Q, pagingEnabled='true' preferCoordinatesForWfsT11='false' restrictToRequestBBOX='1' srsname='EPSG:3067' typename='inspire_ef:EF.HydrologisetHavaintopaikat_Virtaama_Q' url='https://paikkatiedot.ymparisto.fi/geoserver/inspire_ef/wfs' url='https://paikkatiedot.ymparisto.fi/geoserver/inspire_ef/wfs?request=GetCapabilities' version='auto',Pohjois-Pohjanmaa
253,1323,"6100260","Irnijärvi, pato",Q,Virtaama,"61.321",Jatkuva,01.06.1966,13.02.2026,7271512,588579,Hydrologiset havaintopaikat virtaama Q, pagingEnabled='true' preferCoordinatesForWfsT11='false' restrictToRequestBBOX='1' srsname='EPSG:3067' typename='inspire_ef:EF.HydrologisetHavaintopaikat_Virtaama_Q' url='https://paikkatiedot.ymparisto.fi/geoserver/inspire_ef/wfs' url='https://paikkatiedot.ymparisto.fi/geoserver/inspire_ef/wfs?request=GetCapabilities' version='auto',Pohjois-Pohjanmaa
254,1326,"6100360","Kostonjärvi, pato",Q,Virtaama,"61.622",Jatkuva,16.01.1965,13.02.2026,7292880,568312,Hydrologiset havaintopaikat virtaama Q, pagingEnabled='true' preferCoordinatesForWfsT11='false' restrictToRequestBBOX='1' srsname='EPSG:3067' typename='inspire_ef:EF.HydrologisetHavaintopaikat_Virtaama_Q' url='https://paikkatiedot.ymparisto.fi/geoserver/inspire_ef/wfs' url='https://paikkatiedot.ymparisto.fi/geoserver/inspire_ef/wfs?request=GetCapabilities' version='auto',Pohjois-Pohjanmaa
255,1328,"6100500",Väätäjänsuvanto,Q,Virtaama,"61.231",Jatkuva,01.01.1956,15.02.2026,7263913,543517,Hydrologiset havaintopaikat virtaama Q, pagingEnabled='true' preferCoordinatesForWfsT11='false' restrictToRequestBBOX='1' srsname='EPSG:3067' typename='inspire_ef:EF.HydrologisetHavaintopaikat_Virtaama_Q' url='https://paikkatiedot.ymparisto.fi/geoserver/inspire_ef/wfs' url='https://paikkatiedot.ymparisto.fi/geoserver/inspire_ef/wfs?request=GetCapabilities' version='auto',Pohjois-Pohjanmaa
256,1330,"6100620",Suolijärvi - luusua,Q,Virtaama,"61.722",Jatkuva,01.01.1961,15.02.2026,7224989,550136,Hydrologiset havaintopaikat virtaama Q, pagingEnabled='true' preferCoordinatesForWfsT11='false' restrictToRequestBBOX='1' srsname='EPSG:3067' typename='inspire_ef:EF.HydrologisetHavaintopaikat_Virtaama_Q' url='https://paikkatiedot.ymparisto.fi/geoserver/inspire_ef/wfs' url='https://paikkatiedot.ymparisto.fi/geoserver/inspire_ef/wfs?request=GetCapabilities' version='auto',Kainuu
257,1331,"6100640",Jaurakkajärvi - luusua,Q,Virtaama,"61.712",Jatkuva,01.03.1960,15.02.2026,7231272,529103,Hydrologiset havaintopaikat virtaama Q, pagingEnabled='true' preferCoordinatesForWfsT11='false' restrictToRequestBBOX='1' srsname='EPSG:3067' typename='inspire_ef:EF.HydrologisetHavaintopaikat_Virtaama_Q' url='https://paikkatiedot.ymparisto.fi/geoserver/inspire_ef/wfs' url='https://paikkatiedot.ymparisto.fi/geoserver/inspire_ef/wfs?request=GetCapabilities' version='auto',Pohjois-Pohjanmaa
258,1332,"6100700",Kurenalus,Q,Virtaama,"61.211",Jatkuva,01.01.1986,15.02.2026,7249027,499577,Hydrologiset havaintopaikat virtaama Q, pagingEnabled='true' preferCoordinatesForWfsT11='false' restrictToRequestBBOX='1' srsname='EPSG:3067' typename='inspire_ef:EF.HydrologisetHavaintopaikat_Virtaama_Q' url='https://paikkatiedot.ymparisto.fi/geoserver/inspire_ef/wfs' url='https://paikkatiedot.ymparisto.fi/geoserver/inspire_ef/wfs?request=GetCapabilities' version='auto',Pohjois-Pohjanmaa
259,1336,"6101210","Livojoki, Hanhikoski",Q,Virtaama,"61.513",Jatkuva,01.01.1974,15.02.2026,7265798,495443,Hydrologiset havaintopaikat virtaama Q, pagingEnabled='true' preferCoordinatesForWfsT11='false' restrictToRequestBBOX='1' srsname='EPSG:3067' typename='inspire_ef:EF.HydrologisetHavaintopaikat_Virtaama_Q' url='https://paikkatiedot.ymparisto.fi/geoserver/inspire_ef/wfs' url='https://paikkatiedot.ymparisto.fi/geoserver/inspire_ef/wfs?request=GetCapabilities' version='auto',Pohjois-Pohjanmaa
260,1338,"6101451",Haapakoski,Q,Virtaama,"61.124",Jatkuva,03.08.1963,13.02.2026,7245471,463018,Hydrologiset havaintopaikat virtaama Q, pagingEnabled='true' preferCoordinatesForWfsT11='false' restrictToRequestBBOX='1' srsname='EPSG:3067' typename='inspire_ef:EF.HydrologisetHavaintopaikat_Virtaama_Q' url='https://paikkatiedot.ymparisto.fi/geoserver/inspire_ef/wfs' url='https://paikkatiedot.ymparisto.fi/geoserver/inspire_ef/wfs?request=GetCapabilities' version='auto',Pohjois-Pohjanmaa
261,1339,"6101452",Pahkakoski,Q,Virtaama,"61.123",Jatkuva,14.09.1961,13.02.2026,7248626,455255,Hydrologiset havaintopaikat virtaama Q, pagingEnabled='true' preferCoordinatesForWfsT11='false' restrictToRequestBBOX='1' srsname='EPSG:3067' typename='inspire_ef:EF.HydrologisetHavaintopaikat_Virtaama_Q' url='https://paikkatiedot.ymparisto.fi/geoserver/inspire_ef/wfs' url='https://paikkatiedot.ymparisto.fi/geoserver/inspire_ef/wfs?request=GetCapabilities' version='auto',Pohjois-Pohjanmaa
262,1340,"6101550",Kierikki,Q,Virtaama,"61.122",Jatkuva,01.01.1966,13.02.2026,7248926,449388,Hydrologiset havaintopaikat virtaama Q, pagingEnabled='true' preferCoordinatesForWfsT11='false' restrictToRequestBBOX='1' srsname='EPSG:3067' typename='inspire_ef:EF.HydrologisetHavaintopaikat_Virtaama_Q' url='https://paikkatiedot.ymparisto.fi/geoserver/inspire_ef/wfs' url='https://paikkatiedot.ymparisto.fi/geoserver/inspire_ef/wfs?request=GetCapabilities' version='auto',Pohjois-Pohjanmaa
263,1341,"6101600","Siuruanjoki, Leuvankoski",Q,Virtaama,"61.412",Jatkuva,01.10.1959,15.02.2026,7254073,447072,Hydrologiset havaintopaikat virtaama Q, pagingEnabled='true' preferCoordinatesForWfsT11='false' restrictToRequestBBOX='1' srsname='EPSG:3067' typename='inspire_ef:EF.HydrologisetHavaintopaikat_Virtaama_Q' url='https://paikkatiedot.ymparisto.fi/geoserver/inspire_ef/wfs' url='https://paikkatiedot.ymparisto.fi/geoserver/inspire_ef/wfs?request=GetCapabilities' version='auto',Pohjois-Pohjanmaa
264,1342,"6101750",Maalismaa,Q,Virtaama,"61.121",Jatkuva,01.01.1968,13.02.2026,7243248,438440,Hydrologiset havaintopaikat virtaama Q, pagingEnabled='true' preferCoordinatesForWfsT11='false' restrictToRequestBBOX='1' srsname='EPSG:3067' typename='inspire_ef:EF.HydrologisetHavaintopaikat_Virtaama_Q' url='https://paikkatiedot.ymparisto.fi/geoserver/inspire_ef/wfs' url='https://paikkatiedot.ymparisto.fi/geoserver/inspire_ef/wfs?request=GetCapabilities' version='auto',Pohjois-Pohjanmaa
265,1344,"6101950",Raasakka,Q,Virtaama,"61.111",Jatkuva,01.01.1971,13.02.2026,7246706,426026,Hydrologiset havaintopaikat virtaama Q, pagingEnabled='true' preferCoordinatesForWfsT11='false' restrictToRequestBBOX='1' srsname='EPSG:3067' typename='inspire_ef:EF.HydrologisetHavaintopaikat_Virtaama_Q' url='https://paikkatiedot.ymparisto.fi/geoserver/inspire_ef/wfs' url='https://paikkatiedot.ymparisto.fi/geoserver/inspire_ef/wfs?request=GetCapabilities' version='auto',Pohjois-Pohjanmaa
266,1346,"6300210",Ravaska,Q,Virtaama,"63.012",Jatkuva,01.01.1965,15.02.2026,7278495,421287,Hydrologiset havaintopaikat virtaama Q, pagingEnabled='true' preferCoordinatesForWfsT11='false' restrictToRequestBBOX='1' srsname='EPSG:3067' typename='inspire_ef:EF.HydrologisetHavaintopaikat_Virtaama_Q' url='https://paikkatiedot.ymparisto.fi/geoserver/inspire_ef/wfs' url='https://paikkatiedot.ymparisto.fi/geoserver/inspire_ef/wfs?request=GetCapabilities' version='auto',Pohjois-Pohjanmaa
267,1347,"6400310",Hosionkoski,Q,Virtaama,"64.031",Jatkuva,01.01.1962,15.02.2026,7311286,446946,Hydrologiset havaintopaikat virtaama Q, pagingEnabled='true' preferCoordinatesForWfsT11='false' restrictToRequestBBOX='1' srsname='EPSG:3067' typename='inspire_ef:EF.HydrologisetHavaintopaikat_Virtaama_Q' url='https://paikkatiedot.ymparisto.fi/geoserver/inspire_ef/wfs' url='https://paikkatiedot.ymparisto.fi/geoserver/inspire_ef/wfs?request=GetCapabilities' version='auto',Lappi
268,1349,"6400410",Simo,Q,Virtaama,"64.012",Jatkuva,01.01.1965,15.02.2026,7283945,412161,Hydrologiset havaintopaikat virtaama Q, pagingEnabled='true' preferCoordinatesForWfsT11='false' restrictToRequestBBOX='1' srsname='EPSG:3067' typename='inspire_ef:EF.HydrologisetHavaintopaikat_Virtaama_Q' url='https://paikkatiedot.ymparisto.fi/geoserver/inspire_ef/wfs' url='https://paikkatiedot.ymparisto.fi/geoserver/inspire_ef/wfs?request=GetCapabilities' version='auto',Lappi
269,1351,"6500250",Porttipahta,Q,Virtaama,"65.831",Jatkuva,01.05.1971,15.02.2026,7538730,489352,Hydrologiset havaintopaikat virtaama Q, pagingEnabled='true' preferCoordinatesForWfsT11='false' restrictToRequestBBOX='1' srsname='EPSG:3067' typename='inspire_ef:EF.HydrologisetHavaintopaikat_Virtaama_Q' url='https://paikkatiedot.ymparisto.fi/geoserver/inspire_ef/wfs' url='https://paikkatiedot.ymparisto.fi/geoserver/inspire_ef/wfs?request=GetCapabilities' version='auto',Lappi
270,1352,"6500362","Lokka, pato",Q,Virtaama,"65.931",Jatkuva,01.08.1967,15.02.2026,7523196,531335,Hydrologiset havaintopaikat virtaama Q, pagingEnabled='true' preferCoordinatesForWfsT11='false' restrictToRequestBBOX='1' srsname='EPSG:3067' typename='inspire_ef:EF.HydrologisetHavaintopaikat_Virtaama_Q' url='https://paikkatiedot.ymparisto.fi/geoserver/inspire_ef/wfs' url='https://paikkatiedot.ymparisto.fi/geoserver/inspire_ef/wfs?request=GetCapabilities' version='auto',Lappi
271,1353,"6500380",Sattasjoki,Q,Virtaama,"65.861",Jatkuva,01.01.1977,15.02.2026,7498911,471685,Hydrologiset havaintopaikat virtaama Q, pagingEnabled='true' preferCoordinatesForWfsT11='false' restrictToRequestBBOX='1' srsname='EPSG:3067' typename='inspire_ef:EF.HydrologisetHavaintopaikat_Virtaama_Q' url='https://paikkatiedot.ymparisto.fi/geoserver/inspire_ef/wfs' url='https://paikkatiedot.ymparisto.fi/geoserver/inspire_ef/wfs?request=GetCapabilities' version='auto',Lappi
272,1354,"6500415","Kitinen, Kurittukoski",Q,Virtaama,"65.822",Jatkuva,01.10.1987,15.02.2026,7525315,487629,Hydrologiset havaintopaikat virtaama Q, pagingEnabled='true' preferCoordinatesForWfsT11='false' restrictToRequestBBOX='1' srsname='EPSG:3067' typename='inspire_ef:EF.HydrologisetHavaintopaikat_Virtaama_Q' url='https://paikkatiedot.ymparisto.fi/geoserver/inspire_ef/wfs' url='https://paikkatiedot.ymparisto.fi/geoserver/inspire_ef/wfs?request=GetCapabilities' version='auto',Lappi
273,1355,"6500425","Kitinen, Vajukoski",Q,Virtaama,"65.822",Jatkuva,01.10.1984,15.02.2026,7508750,491621,Hydrologiset havaintopaikat virtaama Q, pagingEnabled='true' preferCoordinatesForWfsT11='false' restrictToRequestBBOX='1' srsname='EPSG:3067' typename='inspire_ef:EF.HydrologisetHavaintopaikat_Virtaama_Q' url='https://paikkatiedot.ymparisto.fi/geoserver/inspire_ef/wfs' url='https://paikkatiedot.ymparisto.fi/geoserver/inspire_ef/wfs?request=GetCapabilities' version='auto',Lappi
274,1356,"6500485","Kitinen, Kurkiaska",Q,Virtaama,"65.814",Jatkuva,01.01.1993,15.02.2026,7463180,488332,Hydrologiset havaintopaikat virtaama Q, pagingEnabled='true' preferCoordinatesForWfsT11='false' restrictToRequestBBOX='1' srsname='EPSG:3067' typename='inspire_ef:EF.HydrologisetHavaintopaikat_Virtaama_Q' url='https://paikkatiedot.ymparisto.fi/geoserver/inspire_ef/wfs' url='https://paikkatiedot.ymparisto.fi/geoserver/inspire_ef/wfs?request=GetCapabilities' version='auto',Lappi
275,1357,"6500550","Kitinen, Kokkosniva",Q,Virtaama,"65.813",Jatkuva,01.01.1991,15.02.2026,7456197,513991,Hydrologiset havaintopaikat virtaama Q, pagingEnabled='true' preferCoordinatesForWfsT11='false' restrictToRequestBBOX='1' srsname='EPSG:3067' typename='inspire_ef:EF.HydrologisetHavaintopaikat_Virtaama_Q' url='https://paikkatiedot.ymparisto.fi/geoserver/inspire_ef/wfs' url='https://paikkatiedot.ymparisto.fi/geoserver/inspire_ef/wfs?request=GetCapabilities' version='auto',Lappi
276,1358,"6500760","Luiro, Kammonen",Q,Virtaama,"65.913",Jatkuva,01.11.1987,15.02.2026,7486427,523782,Hydrologiset havaintopaikat virtaama Q, pagingEnabled='true' preferCoordinatesForWfsT11='false' restrictToRequestBBOX='1' srsname='EPSG:3067' typename='inspire_ef:EF.HydrologisetHavaintopaikat_Virtaama_Q' url='https://paikkatiedot.ymparisto.fi/geoserver/inspire_ef/wfs' url='https://paikkatiedot.ymparisto.fi/geoserver/inspire_ef/wfs?request=GetCapabilities' version='auto',Lappi
277,1359,"6501351",Jumisko,Q,Virtaama,"65.317",Jatkuva,01.01.1955,13.02.2026,7377549,534772,Hydrologiset havaintopaikat virtaama Q, pagingEnabled='true' preferCoordinatesForWfsT11='false' restrictToRequestBBOX='1' srsname='EPSG:3067' typename='inspire_ef:EF.HydrologisetHavaintopaikat_Virtaama_Q' url='https://paikkatiedot.ymparisto.fi/geoserver/inspire_ef/wfs' url='https://paikkatiedot.ymparisto.fi/geoserver/inspire_ef/wfs?request=GetCapabilities' version='auto',Lappi
278,1360,"6501700",Kemihaara,Q,Virtaama,"65.412",Jatkuva,01.01.1921,15.02.2026,7453727,533970,Hydrologiset havaintopaikat virtaama Q, pagingEnabled='true' preferCoordinatesForWfsT11='false' restrictToRequestBBOX='1' srsname='EPSG:3067' typename='inspire_ef:EF.HydrologisetHavaintopaikat_Virtaama_Q' url='https://paikkatiedot.ymparisto.fi/geoserver/inspire_ef/wfs' url='https://paikkatiedot.ymparisto.fi/geoserver/inspire_ef/wfs?request=GetCapabilities' version='auto',Lappi
279,1364,"6502050",Seitakorva,Q,Virtaama,"65.311",Jatkuva,15.05.1963,15.02.2026,7372976,515721,Hydrologiset havaintopaikat virtaama Q, pagingEnabled='true' preferCoordinatesForWfsT11='false' restrictToRequestBBOX='1' srsname='EPSG:3067' typename='inspire_ef:EF.HydrologisetHavaintopaikat_Virtaama_Q' url='https://paikkatiedot.ymparisto.fi/geoserver/inspire_ef/wfs' url='https://paikkatiedot.ymparisto.fi/geoserver/inspire_ef/wfs?request=GetCapabilities' version='auto',Lappi
280,1365,"6502150",Pirttikoski,Q,Virtaama,"65.231",Jatkuva,01.01.1960,15.02.2026,7357823,506945,Hydrologiset havaintopaikat virtaama Q, pagingEnabled='true' preferCoordinatesForWfsT11='false' restrictToRequestBBOX='1' srsname='EPSG:3067' typename='inspire_ef:EF.HydrologisetHavaintopaikat_Virtaama_Q' url='https://paikkatiedot.ymparisto.fi/geoserver/inspire_ef/wfs' url='https://paikkatiedot.ymparisto.fi/geoserver/inspire_ef/wfs?request=GetCapabilities' version='auto',Lappi
281,1366,"6502151","Juotas, konevirtaama",Q,Virtaama,"65.271",Jatkuva,01.01.1981,15.02.2026,7355695,497774,Hydrologiset havaintopaikat virtaama Q, pagingEnabled='true' preferCoordinatesForWfsT11='false' restrictToRequestBBOX='1' srsname='EPSG:3067' typename='inspire_ef:EF.HydrologisetHavaintopaikat_Virtaama_Q' url='https://paikkatiedot.ymparisto.fi/geoserver/inspire_ef/wfs' url='https://paikkatiedot.ymparisto.fi/geoserver/inspire_ef/wfs?request=GetCapabilities' version='auto',Lappi
282,1368,"6502250",Vanttauskoski,Q,Virtaama,"65.22",Jatkuva,01.10.1971,15.02.2026,7360941,485953,Hydrologiset havaintopaikat virtaama Q, pagingEnabled='true' preferCoordinatesForWfsT11='false' restrictToRequestBBOX='1' srsname='EPSG:3067' typename='inspire_ef:EF.HydrologisetHavaintopaikat_Virtaama_Q' url='https://paikkatiedot.ymparisto.fi/geoserver/inspire_ef/wfs' url='https://paikkatiedot.ymparisto.fi/geoserver/inspire_ef/wfs?request=GetCapabilities' version='auto',Lappi
283,1370,"6502400",Vikajärvi - luusua,Q,Virtaama,"65.721",Jatkuva,01.01.1994,15.02.2026,7389439,465442,Hydrologiset havaintopaikat virtaama Q, pagingEnabled='true' preferCoordinatesForWfsT11='false' restrictToRequestBBOX='1' srsname='EPSG:3067' typename='inspire_ef:EF.HydrologisetHavaintopaikat_Virtaama_Q' url='https://paikkatiedot.ymparisto.fi/geoserver/inspire_ef/wfs' url='https://paikkatiedot.ymparisto.fi/geoserver/inspire_ef/wfs?request=GetCapabilities' version='auto',Lappi
284,1372,"6502550","Olkkajärvi, Permantokoski",Q,Virtaama,"65.712",Jatkuva,01.01.1962,15.02.2026,7375116,461143,Hydrologiset havaintopaikat virtaama Q, pagingEnabled='true' preferCoordinatesForWfsT11='false' restrictToRequestBBOX='1' srsname='EPSG:3067' typename='inspire_ef:EF.HydrologisetHavaintopaikat_Virtaama_Q' url='https://paikkatiedot.ymparisto.fi/geoserver/inspire_ef/wfs' url='https://paikkatiedot.ymparisto.fi/geoserver/inspire_ef/wfs?request=GetCapabilities' version='auto',Lappi
285,1373,"6503000",Ounasjärvi - luusua,Q,Virtaama,"65.632",Jatkuva,01.08.1949,15.02.2026,7590545,366612,Hydrologiset havaintopaikat virtaama Q, pagingEnabled='true' preferCoordinatesForWfsT11='false' restrictToRequestBBOX='1' srsname='EPSG:3067' typename='inspire_ef:EF.HydrologisetHavaintopaikat_Virtaama_Q' url='https://paikkatiedot.ymparisto.fi/geoserver/inspire_ef/wfs' url='https://paikkatiedot.ymparisto.fi/geoserver/inspire_ef/wfs?request=GetCapabilities' version='auto',Lappi
286,1374,"6503200","Ounasjoki, Köngäs",Q,Virtaama,"65.612",Jatkuva,01.01.1941,15.02.2026,7530912,409428,Hydrologiset havaintopaikat virtaama Q, pagingEnabled='true' preferCoordinatesForWfsT11='false' restrictToRequestBBOX='1' srsname='EPSG:3067' typename='inspire_ef:EF.HydrologisetHavaintopaikat_Virtaama_Q' url='https://paikkatiedot.ymparisto.fi/geoserver/inspire_ef/wfs' url='https://paikkatiedot.ymparisto.fi/geoserver/inspire_ef/wfs?request=GetCapabilities' version='auto',Lappi
287,1376,"6503510",Unari - luusua,Q,Virtaama,"65.592",Jatkuva,01.01.1982,15.02.2026,7446472,445674,Hydrologiset havaintopaikat virtaama Q, pagingEnabled='true' preferCoordinatesForWfsT11='false' restrictToRequestBBOX='1' srsname='EPSG:3067' typename='inspire_ef:EF.HydrologisetHavaintopaikat_Virtaama_Q' url='https://paikkatiedot.ymparisto.fi/geoserver/inspire_ef/wfs' url='https://paikkatiedot.ymparisto.fi/geoserver/inspire_ef/wfs?request=GetCapabilities' version='auto',Lappi
288,1377,"6503600","Ounasjoki, Marraskoski",Q,Virtaama,"65.521",Jatkuva,01.01.1971,15.02.2026,7409394,430545,Hydrologiset havaintopaikat virtaama Q, pagingEnabled='true' preferCoordinatesForWfsT11='false' restrictToRequestBBOX='1' srsname='EPSG:3067' typename='inspire_ef:EF.HydrologisetHavaintopaikat_Virtaama_Q' url='https://paikkatiedot.ymparisto.fi/geoserver/inspire_ef/wfs' url='https://paikkatiedot.ymparisto.fi/geoserver/inspire_ef/wfs?request=GetCapabilities' version='auto',Lappi
289,1379,"6503720",Sinettäjärvi - luusua,Q,Virtaama,"65.514",Jatkuva,01.06.1964,15.02.2026,7389668,430349,Hydrologiset havaintopaikat virtaama Q, pagingEnabled='true' preferCoordinatesForWfsT11='false' restrictToRequestBBOX='1' srsname='EPSG:3067' typename='inspire_ef:EF.HydrologisetHavaintopaikat_Virtaama_Q' url='https://paikkatiedot.ymparisto.fi/geoserver/inspire_ef/wfs' url='https://paikkatiedot.ymparisto.fi/geoserver/inspire_ef/wfs?request=GetCapabilities' version='auto',Lappi
290,1382,"6504050",Valajaskoski,Q,Virtaama,"65.132",Jatkuva,01.12.1960,15.02.2026,7367938,434854,Hydrologiset havaintopaikat virtaama Q, pagingEnabled='true' preferCoordinatesForWfsT11='false' restrictToRequestBBOX='1' srsname='EPSG:3067' typename='inspire_ef:EF.HydrologisetHavaintopaikat_Virtaama_Q' url='https://paikkatiedot.ymparisto.fi/geoserver/inspire_ef/wfs' url='https://paikkatiedot.ymparisto.fi/geoserver/inspire_ef/wfs?request=GetCapabilities' version='auto',Lappi
291,1383,"6504056",Petäjäskoski,Q,Virtaama,"65.131",Jatkuva,28.06.1957,15.02.2026,7351228,425337,Hydrologiset havaintopaikat virtaama Q, pagingEnabled='true' preferCoordinatesForWfsT11='false' restrictToRequestBBOX='1' srsname='EPSG:3067' typename='inspire_ef:EF.HydrologisetHavaintopaikat_Virtaama_Q' url='https://paikkatiedot.ymparisto.fi/geoserver/inspire_ef/wfs' url='https://paikkatiedot.ymparisto.fi/geoserver/inspire_ef/wfs?request=GetCapabilities' version='auto',Lappi
292,1386,"6504251",Ossauskoski,Q,Virtaama,"65.121",Jatkuva,02.09.1965,15.02.2026,7338543,415412,Hydrologiset havaintopaikat virtaama Q, pagingEnabled='true' preferCoordinatesForWfsT11='false' restrictToRequestBBOX='1' srsname='EPSG:3067' typename='inspire_ef:EF.HydrologisetHavaintopaikat_Virtaama_Q' url='https://paikkatiedot.ymparisto.fi/geoserver/inspire_ef/wfs' url='https://paikkatiedot.ymparisto.fi/geoserver/inspire_ef/wfs?request=GetCapabilities' version='auto',Lappi
293,1387,"6504350",Taivalkoski,Q,Virtaama,"65.112",Jatkuva,01.01.1981,15.02.2026,7314042,395993,Hydrologiset havaintopaikat virtaama Q, pagingEnabled='true' preferCoordinatesForWfsT11='false' restrictToRequestBBOX='1' srsname='EPSG:3067' typename='inspire_ef:EF.HydrologisetHavaintopaikat_Virtaama_Q' url='https://paikkatiedot.ymparisto.fi/geoserver/inspire_ef/wfs' url='https://paikkatiedot.ymparisto.fi/geoserver/inspire_ef/wfs?request=GetCapabilities' version='auto',Lappi
294,1388,"6504450",Isohaara,Q,Virtaama,"65.111",Jatkuva,01.01.1949,13.02.2026,7298995,387708,Hydrologiset havaintopaikat virtaama Q, pagingEnabled='true' preferCoordinatesForWfsT11='false' restrictToRequestBBOX='1' srsname='EPSG:3067' typename='inspire_ef:EF.HydrologisetHavaintopaikat_Virtaama_Q' url='https://paikkatiedot.ymparisto.fi/geoserver/inspire_ef/wfs' url='https://paikkatiedot.ymparisto.fi/geoserver/inspire_ef/wfs?request=GetCapabilities' version='auto',Lappi
295,1389,"6700100",Kilpisjärvi - luusua,Q,Virtaama,"67.64",Jatkuva,06.09.1952,15.02.2026,7659837,253786,Hydrologiset havaintopaikat virtaama Q, pagingEnabled='true' preferCoordinatesForWfsT11='false' restrictToRequestBBOX='1' srsname='EPSG:3067' typename='inspire_ef:EF.HydrologisetHavaintopaikat_Virtaama_Q' url='https://paikkatiedot.ymparisto.fi/geoserver/inspire_ef/wfs' url='https://paikkatiedot.ymparisto.fi/geoserver/inspire_ef/wfs?request=GetCapabilities' version='auto',Lappi
296,1390,"6700200",Peerajärvi - luusua,Q,Virtaama,"67.65",Jatkuva,01.05.1959,15.02.2026,7652518,262120,Hydrologiset havaintopaikat virtaama Q, pagingEnabled='true' preferCoordinatesForWfsT11='false' restrictToRequestBBOX='1' srsname='EPSG:3067' typename='inspire_ef:EF.HydrologisetHavaintopaikat_Virtaama_Q' url='https://paikkatiedot.ymparisto.fi/geoserver/inspire_ef/wfs' url='https://paikkatiedot.ymparisto.fi/geoserver/inspire_ef/wfs?request=GetCapabilities' version='auto',Lappi
297,1391,"6700510","Muonionjoki, Kaaresuvanto",Q,Virtaama,"67.52",Jatkuva,01.01.1972,15.02.2026,7598931,315392,Hydrologiset havaintopaikat virtaama Q, pagingEnabled='true' preferCoordinatesForWfsT11='false' restrictToRequestBBOX='1' srsname='EPSG:3067' typename='inspire_ef:EF.HydrologisetHavaintopaikat_Virtaama_Q' url='https://paikkatiedot.ymparisto.fi/geoserver/inspire_ef/wfs' url='https://paikkatiedot.ymparisto.fi/geoserver/inspire_ef/wfs?request=GetCapabilities' version='auto',
298,1393,"6700800","Muonionjoki, Muonio",Q,Virtaama,"67.422",Jatkuva,01.01.1938,15.02.2026,7540596,360108,Hydrologiset havaintopaikat virtaama Q, pagingEnabled='true' preferCoordinatesForWfsT11='false' restrictToRequestBBOX='1' srsname='EPSG:3067' typename='inspire_ef:EF.HydrologisetHavaintopaikat_Virtaama_Q' url='https://paikkatiedot.ymparisto.fi/geoserver/inspire_ef/wfs' url='https://paikkatiedot.ymparisto.fi/geoserver/inspire_ef/wfs?request=GetCapabilities' version='auto',
299,1396,"6701300",Naamijoki,Q,Virtaama,"67.821",Jatkuva,01.01.1971,15.02.2026,7449537,369176,Hydrologiset havaintopaikat virtaama Q, pagingEnabled='true' preferCoordinatesForWfsT11='false' restrictToRequestBBOX='1' srsname='EPSG:3067' typename='inspire_ef:EF.HydrologisetHavaintopaikat_Virtaama_Q' url='https://paikkatiedot.ymparisto.fi/geoserver/inspire_ef/wfs' url='https://paikkatiedot.ymparisto.fi/geoserver/inspire_ef/wfs?request=GetCapabilities' version='auto',Lappi
300,1397,"6701500",Pello,Q,Virtaama,"67.231",Jatkuva,01.01.1959,15.02.2026,7410802,364232,Hydrologiset havaintopaikat virtaama Q, pagingEnabled='true' preferCoordinatesForWfsT11='false' restrictToRequestBBOX='1' srsname='EPSG:3067' typename='inspire_ef:EF.HydrologisetHavaintopaikat_Virtaama_Q' url='https://paikkatiedot.ymparisto.fi/geoserver/inspire_ef/wfs' url='https://paikkatiedot.ymparisto.fi/geoserver/inspire_ef/wfs?request=GetCapabilities' version='auto',Lappi
301,1399,"6701750","Raanujärvi, Jolma",Q,Virtaama,"67.962",Jatkuva,01.01.1959,13.02.2026,7394136,397144,Hydrologiset havaintopaikat virtaama Q, pagingEnabled='true' preferCoordinatesForWfsT11='false' restrictToRequestBBOX='1' srsname='EPSG:3067' typename='inspire_ef:EF.HydrologisetHavaintopaikat_Virtaama_Q' url='https://paikkatiedot.ymparisto.fi/geoserver/inspire_ef/wfs' url='https://paikkatiedot.ymparisto.fi/geoserver/inspire_ef/wfs?request=GetCapabilities' version='auto',Lappi
302,1400,"6701840",Konttajärvi - luusua,Q,Virtaama,"67.951",Jatkuva,01.01.1985,15.02.2026,7414472,385264,Hydrologiset havaintopaikat virtaama Q, pagingEnabled='true' preferCoordinatesForWfsT11='false' restrictToRequestBBOX='1' srsname='EPSG:3067' typename='inspire_ef:EF.HydrologisetHavaintopaikat_Virtaama_Q' url='https://paikkatiedot.ymparisto.fi/geoserver/inspire_ef/wfs' url='https://paikkatiedot.ymparisto.fi/geoserver/inspire_ef/wfs?request=GetCapabilities' version='auto',Lappi
303,1401,"6701850","Iso-Vietonen, Kaaranneskoski",Q,Virtaama,"67.961",Jatkuva,01.01.1959,13.02.2026,7394345,386154,Hydrologiset havaintopaikat virtaama Q, pagingEnabled='true' preferCoordinatesForWfsT11='false' restrictToRequestBBOX='1' srsname='EPSG:3067' typename='inspire_ef:EF.HydrologisetHavaintopaikat_Virtaama_Q' url='https://paikkatiedot.ymparisto.fi/geoserver/inspire_ef/wfs' url='https://paikkatiedot.ymparisto.fi/geoserver/inspire_ef/wfs?request=GetCapabilities' version='auto',Lappi
304,1403,"6701950","Tengeliönjoki, Haapakoski",Q,Virtaama,"67.912",Jatkuva,01.01.1959,13.02.2026,7366113,356270,Hydrologiset havaintopaikat virtaama Q, pagingEnabled='true' preferCoordinatesForWfsT11='false' restrictToRequestBBOX='1' srsname='EPSG:3067' typename='inspire_ef:EF.HydrologisetHavaintopaikat_Virtaama_Q' url='https://paikkatiedot.ymparisto.fi/geoserver/inspire_ef/wfs' url='https://paikkatiedot.ymparisto.fi/geoserver/inspire_ef/wfs?request=GetCapabilities' version='auto',Lappi
305,1406,"6702200",Karunki,Q,Virtaama,"67.12",Jatkuva,01.01.1911,15.02.2026,7326537,365002,Hydrologiset havaintopaikat virtaama Q, pagingEnabled='true' preferCoordinatesForWfsT11='false' restrictToRequestBBOX='1' srsname='EPSG:3067' typename='inspire_ef:EF.HydrologisetHavaintopaikat_Virtaama_Q' url='https://paikkatiedot.ymparisto.fi/geoserver/inspire_ef/wfs' url='https://paikkatiedot.ymparisto.fi/geoserver/inspire_ef/wfs?request=GetCapabilities' version='auto',Lappi
306,1409,"6800510","Inarijoki, Karigasniemi",Q,Virtaama,"68.031",Jatkuva,06.02.1975,15.02.2026,7698917,454636,Hydrologiset havaintopaikat virtaama Q, pagingEnabled='true' preferCoordinatesForWfsT11='false' restrictToRequestBBOX='1' srsname='EPSG:3067' typename='inspire_ef:EF.HydrologisetHavaintopaikat_Virtaama_Q' url='https://paikkatiedot.ymparisto.fi/geoserver/inspire_ef/wfs' url='https://paikkatiedot.ymparisto.fi/geoserver/inspire_ef/wfs?request=GetCapabilities' version='auto',
307,1410,"6801000",Onnelansuvanto,Q,Virtaama,"68.021",Jatkuva,01.01.1959,15.02.2026,7756059,501034,Hydrologiset havaintopaikat virtaama Q, pagingEnabled='true' preferCoordinatesForWfsT11='false' restrictToRequestBBOX='1' srsname='EPSG:3067' typename='inspire_ef:EF.HydrologisetHavaintopaikat_Virtaama_Q' url='https://paikkatiedot.ymparisto.fi/geoserver/inspire_ef/wfs' url='https://paikkatiedot.ymparisto.fi/geoserver/inspire_ef/wfs?request=GetCapabilities' version='auto',Lappi
308,1411,"6801100","Utsjoki, Patoniva",Q,Virtaama,"68.072",Jatkuva,08.06.1962,15.02.2026,7741748,499982,Hydrologiset havaintopaikat virtaama Q, pagingEnabled='true' preferCoordinatesForWfsT11='false' restrictToRequestBBOX='1' srsname='EPSG:3067' typename='inspire_ef:EF.HydrologisetHavaintopaikat_Virtaama_Q' url='https://paikkatiedot.ymparisto.fi/geoserver/inspire_ef/wfs' url='https://paikkatiedot.ymparisto.fi/geoserver/inspire_ef/wfs?request=GetCapabilities' version='auto',Lappi
309,1412,"6810110",Alaköngäs,Q,Virtaama,"68.012",Jatkuva,08.06.1962,15.02.2026,7774533,526436,Hydrologiset havaintopaikat virtaama Q, pagingEnabled='true' preferCoordinatesForWfsT11='false' restrictToRequestBBOX='1' srsname='EPSG:3067' typename='inspire_ef:EF.HydrologisetHavaintopaikat_Virtaama_Q' url='https://paikkatiedot.ymparisto.fi/geoserver/inspire_ef/wfs' url='https://paikkatiedot.ymparisto.fi/geoserver/inspire_ef/wfs?request=GetCapabilities' version='auto',Lappi
310,1413,"6900100",Iijärvi - luusua,Q,Virtaama,"69.031",Jatkuva,01.01.1951,15.02.2026,7711514,540544,Hydrologiset havaintopaikat virtaama Q, pagingEnabled='true' preferCoordinatesForWfsT11='false' restrictToRequestBBOX='1' srsname='EPSG:3067' typename='inspire_ef:EF.HydrologisetHavaintopaikat_Virtaama_Q' url='https://paikkatiedot.ymparisto.fi/geoserver/inspire_ef/wfs' url='https://paikkatiedot.ymparisto.fi/geoserver/inspire_ef/wfs?request=GetCapabilities' version='auto',Lappi
311,1414,"7100700",Kettujoki,Q,Virtaama,"71.241",Jatkuva,01.01.1948,15.02.2026,7645363,489866,Hydrologiset havaintopaikat virtaama Q, pagingEnabled='true' preferCoordinatesForWfsT11='false' restrictToRequestBBOX='1' srsname='EPSG:3067' typename='inspire_ef:EF.HydrologisetHavaintopaikat_Virtaama_Q' url='https://paikkatiedot.ymparisto.fi/geoserver/inspire_ef/wfs' url='https://paikkatiedot.ymparisto.fi/geoserver/inspire_ef/wfs?request=GetCapabilities' version='auto',Lappi
312,1415,"7100800",Juutuanjoki,Q,Virtaama,"71.212",Jatkuva,01.01.1921,15.02.2026,7642008,496993,Hydrologiset havaintopaikat virtaama Q, pagingEnabled='true' preferCoordinatesForWfsT11='false' restrictToRequestBBOX='1' srsname='EPSG:3067' typename='inspire_ef:EF.HydrologisetHavaintopaikat_Virtaama_Q' url='https://paikkatiedot.ymparisto.fi/geoserver/inspire_ef/wfs' url='https://paikkatiedot.ymparisto.fi/geoserver/inspire_ef/wfs?request=GetCapabilities' version='auto',Lappi
313,1417,"7101100",Repojoki,Q,Virtaama,"71.562",Jatkuva,09.06.1972,15.02.2026,7592922,456459,Hydrologiset havaintopaikat virtaama Q, pagingEnabled='true' preferCoordinatesForWfsT11='false' restrictToRequestBBOX='1' srsname='EPSG:3067' typename='inspire_ef:EF.HydrologisetHavaintopaikat_Virtaama_Q' url='https://paikkatiedot.ymparisto.fi/geoserver/inspire_ef/wfs' url='https://paikkatiedot.ymparisto.fi/geoserver/inspire_ef/wfs?request=GetCapabilities' version='auto',Lappi
314,1419,"7101320","Ivalojoki, Pajakoski",Q,Virtaama,"71.413",Jatkuva,01.01.1961,15.02.2026,7604723,511199,Hydrologiset havaintopaikat virtaama Q, pagingEnabled='true' preferCoordinatesForWfsT11='false' restrictToRequestBBOX='1' srsname='EPSG:3067' typename='inspire_ef:EF.HydrologisetHavaintopaikat_Virtaama_Q' url='https://paikkatiedot.ymparisto.fi/geoserver/inspire_ef/wfs' url='https://paikkatiedot.ymparisto.fi/geoserver/inspire_ef/wfs?request=GetCapabilities' version='auto',Lappi
315,1421,"7101800",Nellimjoki,Q,Virtaama,"71.121",Jatkuva,01.02.1971,15.02.2026,7638231,553345,Hydrologiset havaintopaikat virtaama Q, pagingEnabled='true' preferCoordinatesForWfsT11='false' restrictToRequestBBOX='1' srsname='EPSG:3067' typename='inspire_ef:EF.HydrologisetHavaintopaikat_Virtaama_Q' url='https://paikkatiedot.ymparisto.fi/geoserver/inspire_ef/wfs' url='https://paikkatiedot.ymparisto.fi/geoserver/inspire_ef/wfs?request=GetCapabilities' version='auto',Lappi
316,1423,"7101950",Kaitakoski,Q,Virtaama,"71.111",Jatkuva,01.01.1949,08.02.2026,7644872,558184,Hydrologiset havaintopaikat virtaama Q, pagingEnabled='true' preferCoordinatesForWfsT11='false' restrictToRequestBBOX='1' srsname='EPSG:3067' typename='inspire_ef:EF.HydrologisetHavaintopaikat_Virtaama_Q' url='https://paikkatiedot.ymparisto.fi/geoserver/inspire_ef/wfs' url='https://paikkatiedot.ymparisto.fi/geoserver/inspire_ef/wfs?request=GetCapabilities' version='auto',
317,1425,"7200500",Lutto,Q,Virtaama,"72.011",Jatkuva,01.01.1993,15.02.2026,7595414,559968,Hydrologiset havaintopaikat virtaama Q, pagingEnabled='true' preferCoordinatesForWfsT11='false' restrictToRequestBBOX='1' srsname='EPSG:3067' typename='inspire_ef:EF.HydrologisetHavaintopaikat_Virtaama_Q' url='https://paikkatiedot.ymparisto.fi/geoserver/inspire_ef/wfs' url='https://paikkatiedot.ymparisto.fi/geoserver/inspire_ef/wfs?request=GetCapabilities' version='auto',Lappi
318,1426,"7300100",Oulankajoki,Q,Virtaama,"73.012",Jatkuva,01.01.1966,15.02.2026,7362988,603540,Hydrologiset havaintopaikat virtaama Q, pagingEnabled='true' preferCoordinatesForWfsT11='false' restrictToRequestBBOX='1' srsname='EPSG:3067' typename='inspire_ef:EF.HydrologisetHavaintopaikat_Virtaama_Q' url='https://paikkatiedot.ymparisto.fi/geoserver/inspire_ef/wfs' url='https://paikkatiedot.ymparisto.fi/geoserver/inspire_ef/wfs?request=GetCapabilities' version='auto',Pohjois-Pohjanmaa
319,1427,"7300220","Kitkajoki, Käylä",Q,Virtaama,"73.023",Jatkuva,01.01.1971,15.02.2026,7355221,596164,Hydrologiset havaintopaikat virtaama Q, pagingEnabled='true' preferCoordinatesForWfsT11='false' restrictToRequestBBOX='1' srsname='EPSG:3067' typename='inspire_ef:EF.HydrologisetHavaintopaikat_Virtaama_Q' url='https://paikkatiedot.ymparisto.fi/geoserver/inspire_ef/wfs' url='https://paikkatiedot.ymparisto.fi/geoserver/inspire_ef/wfs?request=GetCapabilities' version='auto',Pohjois-Pohjanmaa
320,1428,"7300350",Myllykoski,Q,Virtaama,"73.042",Jatkuva,13.05.1957,30.09.2023,7339659,615246,Hydrologiset havaintopaikat virtaama Q, pagingEnabled='true' preferCoordinatesForWfsT11='false' restrictToRequestBBOX='1' srsname='EPSG:3067' typename='inspire_ef:EF.HydrologisetHavaintopaikat_Virtaama_Q' url='https://paikkatiedot.ymparisto.fi/geoserver/inspire_ef/wfs' url='https://paikkatiedot.ymparisto.fi/geoserver/inspire_ef/wfs?request=GetCapabilities' version='auto',Pohjois-Pohjanmaa
321,1430,"7401000",Muojärvi - luusua,Q,Virtaama,"74.021",Jatkuva,01.01.1997,15.02.2026,7308788,634824,Hydrologiset havaintopaikat virtaama Q, pagingEnabled='true' preferCoordinatesForWfsT11='false' restrictToRequestBBOX='1' srsname='EPSG:3067' typename='inspire_ef:EF.HydrologisetHavaintopaikat_Virtaama_Q' url='https://paikkatiedot.ymparisto.fi/geoserver/inspire_ef/wfs' url='https://paikkatiedot.ymparisto.fi/geoserver/inspire_ef/wfs?request=GetCapabilities' version='auto',Pohjois-Pohjanmaa
322,2589,"5903470",Otermajärvi-luusua,Q,Virtaama,"59.262",Jatkuva,01.01.1982,15.02.2026,7171246,497435,Hydrologiset havaintopaikat virtaama Q, pagingEnabled='true' preferCoordinatesForWfsT11='false' restrictToRequestBBOX='1' srsname='EPSG:3067' typename='inspire_ef:EF.HydrologisetHavaintopaikat_Virtaama_Q' url='https://paikkatiedot.ymparisto.fi/geoserver/inspire_ef/wfs' url='https://paikkatiedot.ymparisto.fi/geoserver/inspire_ef/wfs?request=GetCapabilities' version='auto',Pohjois-Pohjanmaa
323,2675,"3602110",Salmus ala,Q,Virtaama,"36.013",Jatkuva,08.09.1999,15.02.2026,6851424,227340,Hydrologiset havaintopaikat virtaama Q, pagingEnabled='true' preferCoordinatesForWfsT11='false' restrictToRequestBBOX='1' srsname='EPSG:3067' typename='inspire_ef:EF.HydrologisetHavaintopaikat_Virtaama_Q' url='https://paikkatiedot.ymparisto.fi/geoserver/inspire_ef/wfs' url='https://paikkatiedot.ymparisto.fi/geoserver/inspire_ef/wfs?request=GetCapabilities' version='auto',Satakunta
324,2681,"3900100",Kivi- ja Levalammen tekojärvi,Q,Virtaama,"39.004",Jatkuva,02.01.1970,15.02.2026,6968520,243996,Hydrologiset havaintopaikat virtaama Q, pagingEnabled='true' preferCoordinatesForWfsT11='false' restrictToRequestBBOX='1' srsname='EPSG:3067' typename='inspire_ef:EF.HydrologisetHavaintopaikat_Virtaama_Q' url='https://paikkatiedot.ymparisto.fi/geoserver/inspire_ef/wfs' url='https://paikkatiedot.ymparisto.fi/geoserver/inspire_ef/wfs?request=GetCapabilities' version='auto',Etelä-Pohjanmaa
325,2685,"4200270",Kauhajoen säänn.pato,Q,Virtaama,"42.091",Jatkuva,03.04.1987,15.02.2026,6948072,262651,Hydrologiset havaintopaikat virtaama Q, pagingEnabled='true' preferCoordinatesForWfsT11='false' restrictToRequestBBOX='1' srsname='EPSG:3067' typename='inspire_ef:EF.HydrologisetHavaintopaikat_Virtaama_Q' url='https://paikkatiedot.ymparisto.fi/geoserver/inspire_ef/wfs' url='https://paikkatiedot.ymparisto.fi/geoserver/inspire_ef/wfs?request=GetCapabilities' version='auto',Etelä-Pohjanmaa
326,2687,"4200280",Jalasjoen säänn.pato,Q,Virtaama,"42.042",Jatkuva,03.04.1987,15.02.2026,6947236,267179,Hydrologiset havaintopaikat virtaama Q, pagingEnabled='true' preferCoordinatesForWfsT11='false' restrictToRequestBBOX='1' srsname='EPSG:3067' typename='inspire_ef:EF.HydrologisetHavaintopaikat_Virtaama_Q' url='https://paikkatiedot.ymparisto.fi/geoserver/inspire_ef/wfs' url='https://paikkatiedot.ymparisto.fi/geoserver/inspire_ef/wfs?request=GetCapabilities' version='auto',Etelä-Pohjanmaa
327,2692,"4200410",Kyrkösjärven tekojärvi,Q,Virtaama,"42.071",Jatkuva,01.01.1992,15.02.2026,6966920,286647,Hydrologiset havaintopaikat virtaama Q, pagingEnabled='true' preferCoordinatesForWfsT11='false' restrictToRequestBBOX='1' srsname='EPSG:3067' typename='inspire_ef:EF.HydrologisetHavaintopaikat_Virtaama_Q' url='https://paikkatiedot.ymparisto.fi/geoserver/inspire_ef/wfs' url='https://paikkatiedot.ymparisto.fi/geoserver/inspire_ef/wfs?request=GetCapabilities' version='auto',Etelä-Pohjanmaa
328,2697,"4400140",Kätkänjärvi,Q,Virtaama,"44.073",Jatkuva,02.12.1970,15.02.2026,6973617,337987,Hydrologiset havaintopaikat virtaama Q, pagingEnabled='true' preferCoordinatesForWfsT11='false' restrictToRequestBBOX='1' srsname='EPSG:3067' typename='inspire_ef:EF.HydrologisetHavaintopaikat_Virtaama_Q' url='https://paikkatiedot.ymparisto.fi/geoserver/inspire_ef/wfs' url='https://paikkatiedot.ymparisto.fi/geoserver/inspire_ef/wfs?request=GetCapabilities' version='auto',Etelä-Pohjanmaa
329,2700,"4400112",Jääskänjärvi,Q,Virtaama,"44.097",Jatkuva,06.05.1970,15.02.2026,6948636,308127,Hydrologiset havaintopaikat virtaama Q, pagingEnabled='true' preferCoordinatesForWfsT11='false' restrictToRequestBBOX='1' srsname='EPSG:3067' typename='inspire_ef:EF.HydrologisetHavaintopaikat_Virtaama_Q' url='https://paikkatiedot.ymparisto.fi/geoserver/inspire_ef/wfs' url='https://paikkatiedot.ymparisto.fi/geoserver/inspire_ef/wfs?request=GetCapabilities' version='auto',Etelä-Pohjanmaa
330,2702,"4400113",Kuotesjärvi,Q,Virtaama,"44.095",Jatkuva,06.05.1970,15.02.2026,6950095,314804,Hydrologiset havaintopaikat virtaama Q, pagingEnabled='true' preferCoordinatesForWfsT11='false' restrictToRequestBBOX='1' srsname='EPSG:3067' typename='inspire_ef:EF.HydrologisetHavaintopaikat_Virtaama_Q' url='https://paikkatiedot.ymparisto.fi/geoserver/inspire_ef/wfs' url='https://paikkatiedot.ymparisto.fi/geoserver/inspire_ef/wfs?request=GetCapabilities' version='auto',Etelä-Pohjanmaa
331,2706,"4400116",Kuorasjärvi,Q,Virtaama,"44.095",Jatkuva,02.10.1970,15.02.2026,6959142,306007,Hydrologiset havaintopaikat virtaama Q, pagingEnabled='true' preferCoordinatesForWfsT11='false' restrictToRequestBBOX='1' srsname='EPSG:3067' typename='inspire_ef:EF.HydrologisetHavaintopaikat_Virtaama_Q' url='https://paikkatiedot.ymparisto.fi/geoserver/inspire_ef/wfs' url='https://paikkatiedot.ymparisto.fi/geoserver/inspire_ef/wfs?request=GetCapabilities' version='auto',Etelä-Pohjanmaa
332,2708,"4400220",Varpulan tekojärvi,Q,Virtaama,"44.092",Jatkuva,12.03.1970,15.02.2026,6970460,302402,Hydrologiset havaintopaikat virtaama Q, pagingEnabled='true' preferCoordinatesForWfsT11='false' restrictToRequestBBOX='1' srsname='EPSG:3067' typename='inspire_ef:EF.HydrologisetHavaintopaikat_Virtaama_Q' url='https://paikkatiedot.ymparisto.fi/geoserver/inspire_ef/wfs' url='https://paikkatiedot.ymparisto.fi/geoserver/inspire_ef/wfs?request=GetCapabilities' version='auto',Etelä-Pohjanmaa
333,2714,"4900370",Ullavanjärvi,Q,Virtaama,"49.054",Jatkuva,,,7060531,352858,Hydrologiset havaintopaikat virtaama Q, pagingEnabled='true' preferCoordinatesForWfsT11='false' restrictToRequestBBOX='1' srsname='EPSG:3067' typename='inspire_ef:EF.HydrologisetHavaintopaikat_Virtaama_Q' url='https://paikkatiedot.ymparisto.fi/geoserver/inspire_ef/wfs' url='https://paikkatiedot.ymparisto.fi/geoserver/inspire_ef/wfs?request=GetCapabilities' version='auto',Keski-Pohjanmaa
334,2716,"4900320",Vissavesi,Q,Virtaama,"49.067",Jatkuva,01.01.1980,15.02.2026,7050445,341412,Hydrologiset havaintopaikat virtaama Q, pagingEnabled='true' preferCoordinatesForWfsT11='false' restrictToRequestBBOX='1' srsname='EPSG:3067' typename='inspire_ef:EF.HydrologisetHavaintopaikat_Virtaama_Q' url='https://paikkatiedot.ymparisto.fi/geoserver/inspire_ef/wfs' url='https://paikkatiedot.ymparisto.fi/geoserver/inspire_ef/wfs?request=GetCapabilities' version='auto',Keski-Pohjanmaa
335,2719,"4900200",Venetjärvi,Q,Virtaama,"49.072",Jatkuva,01.01.1980,15.02.2026,7047406,360545,Hydrologiset havaintopaikat virtaama Q, pagingEnabled='true' preferCoordinatesForWfsT11='false' restrictToRequestBBOX='1' srsname='EPSG:3067' typename='inspire_ef:EF.HydrologisetHavaintopaikat_Virtaama_Q' url='https://paikkatiedot.ymparisto.fi/geoserver/inspire_ef/wfs' url='https://paikkatiedot.ymparisto.fi/geoserver/inspire_ef/wfs?request=GetCapabilities' version='auto',Keski-Pohjanmaa
336,2721,"4900100",Patanan tekoallas,Q,Virtaama,"49.092",Jatkuva,02.12.2000,15.02.2026,7022856,348770,Hydrologiset havaintopaikat virtaama Q, pagingEnabled='true' preferCoordinatesForWfsT11='false' restrictToRequestBBOX='1' srsname='EPSG:3067' typename='inspire_ef:EF.HydrologisetHavaintopaikat_Virtaama_Q' url='https://paikkatiedot.ymparisto.fi/geoserver/inspire_ef/wfs' url='https://paikkatiedot.ymparisto.fi/geoserver/inspire_ef/wfs?request=GetCapabilities' version='auto',Keski-Pohjanmaa
337,2723,"4900120",Yrttikosken säänn. Pato,Q,Virtaama,"49.082",Jatkuva,30.12.1996,15.02.2026,7023816,355467,Hydrologiset havaintopaikat virtaama Q, pagingEnabled='true' preferCoordinatesForWfsT11='false' restrictToRequestBBOX='1' srsname='EPSG:3067' typename='inspire_ef:EF.HydrologisetHavaintopaikat_Virtaama_Q' url='https://paikkatiedot.ymparisto.fi/geoserver/inspire_ef/wfs' url='https://paikkatiedot.ymparisto.fi/geoserver/inspire_ef/wfs?request=GetCapabilities' version='auto',Keski-Pohjanmaa
338,2725,"4900330",Emmesin järvi,Q,Virtaama,"49.051",Jatkuva,,,7065419,330807,Hydrologiset havaintopaikat virtaama Q, pagingEnabled='true' preferCoordinatesForWfsT11='false' restrictToRequestBBOX='1' srsname='EPSG:3067' typename='inspire_ef:EF.HydrologisetHavaintopaikat_Virtaama_Q' url='https://paikkatiedot.ymparisto.fi/geoserver/inspire_ef/wfs' url='https://paikkatiedot.ymparisto.fi/geoserver/inspire_ef/wfs?request=GetCapabilities' version='auto',Pohjanmaa
339,2726,"4900410",Lahnakoski,Q,Virtaama,"49.012",Jatkuva,05.09.2002,15.02.2026,7077984,318901,Hydrologiset havaintopaikat virtaama Q, pagingEnabled='true' preferCoordinatesForWfsT11='false' restrictToRequestBBOX='1' srsname='EPSG:3067' typename='inspire_ef:EF.HydrologisetHavaintopaikat_Virtaama_Q' url='https://paikkatiedot.ymparisto.fi/geoserver/inspire_ef/wfs' url='https://paikkatiedot.ymparisto.fi/geoserver/inspire_ef/wfs?request=GetCapabilities' version='auto',Keski-Pohjanmaa
340,2734,"4200411",Kalajärven voimalaitos,Q,Virtaama,"42.073",Jatkuva,21.02.1977,15.02.2026,6941625,299128,Hydrologiset havaintopaikat virtaama Q, pagingEnabled='true' preferCoordinatesForWfsT11='false' restrictToRequestBBOX='1' srsname='EPSG:3067' typename='inspire_ef:EF.HydrologisetHavaintopaikat_Virtaama_Q' url='https://paikkatiedot.ymparisto.fi/geoserver/inspire_ef/wfs' url='https://paikkatiedot.ymparisto.fi/geoserver/inspire_ef/wfs?request=GetCapabilities' version='auto',Etelä-Pohjanmaa
341,2739,"6500435",Matarakoski,Q,Virtaama,"65.821",Jatkuva,01.10.1995,15.02.2026,7496591,489154,Hydrologiset havaintopaikat virtaama Q, pagingEnabled='true' preferCoordinatesForWfsT11='false' restrictToRequestBBOX='1' srsname='EPSG:3067' typename='inspire_ef:EF.HydrologisetHavaintopaikat_Virtaama_Q' url='https://paikkatiedot.ymparisto.fi/geoserver/inspire_ef/wfs' url='https://paikkatiedot.ymparisto.fi/geoserver/inspire_ef/wfs?request=GetCapabilities' version='auto',Lappi
342,2740,"6500445",Kelukoski,Q,Virtaama,"65.821",Jatkuva,28.09.2001,15.02.2026,7482193,482703,Hydrologiset havaintopaikat virtaama Q, pagingEnabled='true' preferCoordinatesForWfsT11='false' restrictToRequestBBOX='1' srsname='EPSG:3067' typename='inspire_ef:EF.HydrologisetHavaintopaikat_Virtaama_Q' url='https://paikkatiedot.ymparisto.fi/geoserver/inspire_ef/wfs' url='https://paikkatiedot.ymparisto.fi/geoserver/inspire_ef/wfs?request=GetCapabilities' version='auto',Lappi
343,2741,"6501800",Savukoski,Q,Virtaama,"65.421",Jatkuva,26.04.1954,15.02.2026,7463939,550047,Hydrologiset havaintopaikat virtaama Q, pagingEnabled='true' preferCoordinatesForWfsT11='false' restrictToRequestBBOX='1' srsname='EPSG:3067' typename='inspire_ef:EF.HydrologisetHavaintopaikat_Virtaama_Q' url='https://paikkatiedot.ymparisto.fi/geoserver/inspire_ef/wfs' url='https://paikkatiedot.ymparisto.fi/geoserver/inspire_ef/wfs?request=GetCapabilities' version='auto',Lappi
344,2954,"1700500","Ilolanjoki, Ilolan silta",Q,Virtaama,"17.001",Jatkuva,08.01.1996,15.02.2026,6702706,431478,Hydrologiset havaintopaikat virtaama Q, pagingEnabled='true' preferCoordinatesForWfsT11='false' restrictToRequestBBOX='1' srsname='EPSG:3067' typename='inspire_ef:EF.HydrologisetHavaintopaikat_Virtaama_Q' url='https://paikkatiedot.ymparisto.fi/geoserver/inspire_ef/wfs' url='https://paikkatiedot.ymparisto.fi/geoserver/inspire_ef/wfs?request=GetCapabilities' version='auto',Uusimaa
345,2981,"1601100","Koskenkylänjoki, Niinikoski",Q,Virtaama,"16.001",Jatkuva,01.08.1995,15.02.2026,6709324,441784,Hydrologiset havaintopaikat virtaama Q, pagingEnabled='true' preferCoordinatesForWfsT11='false' restrictToRequestBBOX='1' srsname='EPSG:3067' typename='inspire_ef:EF.HydrologisetHavaintopaikat_Virtaama_Q' url='https://paikkatiedot.ymparisto.fi/geoserver/inspire_ef/wfs' url='https://paikkatiedot.ymparisto.fi/geoserver/inspire_ef/wfs?request=GetCapabilities' version='auto',Uusimaa
346,3006,"8102800",Espoonjoki,Q,Virtaama,"81.055",Jatkuva,24.03.1995,15.02.2026,6674534,366548,Hydrologiset havaintopaikat virtaama Q, pagingEnabled='true' preferCoordinatesForWfsT11='false' restrictToRequestBBOX='1' srsname='EPSG:3067' typename='inspire_ef:EF.HydrologisetHavaintopaikat_Virtaama_Q' url='https://paikkatiedot.ymparisto.fi/geoserver/inspire_ef/wfs' url='https://paikkatiedot.ymparisto.fi/geoserver/inspire_ef/wfs?request=GetCapabilities' version='auto',Uusimaa
347,3009,"2000110",Byabäcken (Sipoonjoki),Q,Virtaama,"20.004",Satunnainen,08.01.1996,19.04.2021,6690249,403139,Hydrologiset havaintopaikat virtaama Q, pagingEnabled='true' preferCoordinatesForWfsT11='false' restrictToRequestBBOX='1' srsname='EPSG:3067' typename='inspire_ef:EF.HydrologisetHavaintopaikat_Virtaama_Q' url='https://paikkatiedot.ymparisto.fi/geoserver/inspire_ef/wfs' url='https://paikkatiedot.ymparisto.fi/geoserver/inspire_ef/wfs?request=GetCapabilities' version='auto',Uusimaa
348,3018,"2104900",Lepsämänjoki,Q,Virtaama,"21.041",Jatkuva,04.01.2002,15.02.2026,6690506,376269,Hydrologiset havaintopaikat virtaama Q, pagingEnabled='true' preferCoordinatesForWfsT11='false' restrictToRequestBBOX='1' srsname='EPSG:3067' typename='inspire_ef:EF.HydrologisetHavaintopaikat_Virtaama_Q' url='https://paikkatiedot.ymparisto.fi/geoserver/inspire_ef/wfs' url='https://paikkatiedot.ymparisto.fi/geoserver/inspire_ef/wfs?request=GetCapabilities' version='auto',Uusimaa
349,3029,"1408450",Verla,Q,Virtaama,"14.911",Jatkuva,01.01.1996,13.02.2026,6769859,480558,Hydrologiset havaintopaikat virtaama Q, pagingEnabled='true' preferCoordinatesForWfsT11='false' restrictToRequestBBOX='1' srsname='EPSG:3067' typename='inspire_ef:EF.HydrologisetHavaintopaikat_Virtaama_Q' url='https://paikkatiedot.ymparisto.fi/geoserver/inspire_ef/wfs' url='https://paikkatiedot.ymparisto.fi/geoserver/inspire_ef/wfs?request=GetCapabilities' version='auto',Kymenlaakso
350,3030,"1410610",Pihkoo,Q,Virtaama,"14.111",Jatkuva,01.01.2000,13.02.2026,6709408,492332,Hydrologiset havaintopaikat virtaama Q, pagingEnabled='true' preferCoordinatesForWfsT11='false' restrictToRequestBBOX='1' srsname='EPSG:3067' typename='inspire_ef:EF.HydrologisetHavaintopaikat_Virtaama_Q' url='https://paikkatiedot.ymparisto.fi/geoserver/inspire_ef/wfs' url='https://paikkatiedot.ymparisto.fi/geoserver/inspire_ef/wfs?request=GetCapabilities' version='auto',Kymenlaakso
351,3033,"1409750",Myllykoski,Q,Virtaama,"14.113",Jatkuva,25.11.1999,13.02.2026,6736923,487585,Hydrologiset havaintopaikat virtaama Q, pagingEnabled='true' preferCoordinatesForWfsT11='false' restrictToRequestBBOX='1' srsname='EPSG:3067' typename='inspire_ef:EF.HydrologisetHavaintopaikat_Virtaama_Q' url='https://paikkatiedot.ymparisto.fi/geoserver/inspire_ef/wfs' url='https://paikkatiedot.ymparisto.fi/geoserver/inspire_ef/wfs?request=GetCapabilities' version='auto',Kymenlaakso
352,3038,"1411150",Klåsarö,Q,Virtaama,"14.111",Jatkuva,01.01.1984,13.02.2026,6710638,473961,Hydrologiset havaintopaikat virtaama Q, pagingEnabled='true' preferCoordinatesForWfsT11='false' restrictToRequestBBOX='1' srsname='EPSG:3067' typename='inspire_ef:EF.HydrologisetHavaintopaikat_Virtaama_Q' url='https://paikkatiedot.ymparisto.fi/geoserver/inspire_ef/wfs' url='https://paikkatiedot.ymparisto.fi/geoserver/inspire_ef/wfs?request=GetCapabilities' version='auto',Kymenlaakso
353,3039,"1411000",Paaskoski,Q,Virtaama,"14.111",Jatkuva,01.01.1984,13.02.2026,6711438,472697,Hydrologiset havaintopaikat virtaama Q, pagingEnabled='true' preferCoordinatesForWfsT11='false' restrictToRequestBBOX='1' srsname='EPSG:3067' typename='inspire_ef:EF.HydrologisetHavaintopaikat_Virtaama_Q' url='https://paikkatiedot.ymparisto.fi/geoserver/inspire_ef/wfs' url='https://paikkatiedot.ymparisto.fi/geoserver/inspire_ef/wfs?request=GetCapabilities' version='auto',Uusimaa
354,3044,"2300240","Nummenjoki, Pirkkula",Q,Virtaama,"23.061",Jatkuva,09.06.1981,15.02.2026,6698253,331139,Hydrologiset havaintopaikat virtaama Q, pagingEnabled='true' preferCoordinatesForWfsT11='false' restrictToRequestBBOX='1' srsname='EPSG:3067' typename='inspire_ef:EF.HydrologisetHavaintopaikat_Virtaama_Q' url='https://paikkatiedot.ymparisto.fi/geoserver/inspire_ef/wfs' url='https://paikkatiedot.ymparisto.fi/geoserver/inspire_ef/wfs?request=GetCapabilities' version='auto',Uusimaa
355,3073,"2101500","Vantaa,Ylikylä",Q,Virtaama,"21.021",Jatkuva,19.03.2002,15.02.2026,6701596,381644,Hydrologiset havaintopaikat virtaama Q, pagingEnabled='true' preferCoordinatesForWfsT11='false' restrictToRequestBBOX='1' srsname='EPSG:3067' typename='inspire_ef:EF.HydrologisetHavaintopaikat_Virtaama_Q' url='https://paikkatiedot.ymparisto.fi/geoserver/inspire_ef/wfs' url='https://paikkatiedot.ymparisto.fi/geoserver/inspire_ef/wfs?request=GetCapabilities' version='auto',Uusimaa
356,3086,"5700251",Lämsänkosken ohijuoksutus,Q,Virtaama,"57.023",Jatkuva,01.01.1971,15.02.2026,7131113,459144,Hydrologiset havaintopaikat virtaama Q, pagingEnabled='true' preferCoordinatesForWfsT11='false' restrictToRequestBBOX='1' srsname='EPSG:3067' typename='inspire_ef:EF.HydrologisetHavaintopaikat_Virtaama_Q' url='https://paikkatiedot.ymparisto.fi/geoserver/inspire_ef/wfs' url='https://paikkatiedot.ymparisto.fi/geoserver/inspire_ef/wfs?request=GetCapabilities' version='auto',Pohjois-Pohjanmaa
357,3096,"3600510","Karhijärvenpato,ala",Q,Virtaama,"36.092",Jatkuva,01.01.1982,15.02.2026,6837913,251694,Hydrologiset havaintopaikat virtaama Q, pagingEnabled='true' preferCoordinatesForWfsT11='false' restrictToRequestBBOX='1' srsname='EPSG:3067' typename='inspire_ef:EF.HydrologisetHavaintopaikat_Virtaama_Q' url='https://paikkatiedot.ymparisto.fi/geoserver/inspire_ef/wfs' url='https://paikkatiedot.ymparisto.fi/geoserver/inspire_ef/wfs?request=GetCapabilities' version='auto',Satakunta
358,3158,"4400115",Iso-Allasjärvi,Q,Virtaama,"44.096",Jatkuva,01.08.1999,15.02.2026,6943298,312435,Hydrologiset havaintopaikat virtaama Q, pagingEnabled='true' preferCoordinatesForWfsT11='false' restrictToRequestBBOX='1' srsname='EPSG:3067' typename='inspire_ef:EF.HydrologisetHavaintopaikat_Virtaama_Q' url='https://paikkatiedot.ymparisto.fi/geoserver/inspire_ef/wfs' url='https://paikkatiedot.ymparisto.fi/geoserver/inspire_ef/wfs?request=GetCapabilities' version='auto',Etelä-Pohjanmaa
359,3159,"4400114",Vähä-Allasjärvi,Q,Virtaama,"44.096",Jatkuva,01.08.1999,15.02.2026,6944338,313924,Hydrologiset havaintopaikat virtaama Q, pagingEnabled='true' preferCoordinatesForWfsT11='false' restrictToRequestBBOX='1' srsname='EPSG:3067' typename='inspire_ef:EF.HydrologisetHavaintopaikat_Virtaama_Q' url='https://paikkatiedot.ymparisto.fi/geoserver/inspire_ef/wfs' url='https://paikkatiedot.ymparisto.fi/geoserver/inspire_ef/wfs?request=GetCapabilities' version='auto',Etelä-Pohjanmaa
360,3160,"4200281",Niiles,Q,Virtaama,"42.042",Jatkuva,01.08.2003,15.02.2026,6947236,267179,Hydrologiset havaintopaikat virtaama Q, pagingEnabled='true' preferCoordinatesForWfsT11='false' restrictToRequestBBOX='1' srsname='EPSG:3067' typename='inspire_ef:EF.HydrologisetHavaintopaikat_Virtaama_Q' url='https://paikkatiedot.ymparisto.fi/geoserver/inspire_ef/wfs' url='https://paikkatiedot.ymparisto.fi/geoserver/inspire_ef/wfs?request=GetCapabilities' version='auto',Etelä-Pohjanmaa
361,3214,"5700163",Vähä-lamujärvi pato,Q,Virtaama,"57.063",Satunnainen,05.01.1990,31.12.2011,7105923,457305,Hydrologiset havaintopaikat virtaama Q, pagingEnabled='true' preferCoordinatesForWfsT11='false' restrictToRequestBBOX='1' srsname='EPSG:3067' typename='inspire_ef:EF.HydrologisetHavaintopaikat_Virtaama_Q' url='https://paikkatiedot.ymparisto.fi/geoserver/inspire_ef/wfs' url='https://paikkatiedot.ymparisto.fi/geoserver/inspire_ef/wfs?request=GetCapabilities' version='auto',Pohjois-Pohjanmaa
362,3215,"5700252",Uljuan juoksutus vl,Q,Virtaama,"57.022",Jatkuva,01.01.1971,15.02.2026,7134992,445450,Hydrologiset havaintopaikat virtaama Q, pagingEnabled='true' preferCoordinatesForWfsT11='false' restrictToRequestBBOX='1' srsname='EPSG:3067' typename='inspire_ef:EF.HydrologisetHavaintopaikat_Virtaama_Q' url='https://paikkatiedot.ymparisto.fi/geoserver/inspire_ef/wfs' url='https://paikkatiedot.ymparisto.fi/geoserver/inspire_ef/wfs?request=GetCapabilities' version='auto',Pohjois-Pohjanmaa
363,3216,"5703100",Lämsä meno (uljuan täyttökanava),Q,Virtaama,"57.023",Jatkuva,01.01.1974,15.02.2026,7131113,459144,Hydrologiset havaintopaikat virtaama Q, pagingEnabled='true' preferCoordinatesForWfsT11='false' restrictToRequestBBOX='1' srsname='EPSG:3067' typename='inspire_ef:EF.HydrologisetHavaintopaikat_Virtaama_Q' url='https://paikkatiedot.ymparisto.fi/geoserver/inspire_ef/wfs' url='https://paikkatiedot.ymparisto.fi/geoserver/inspire_ef/wfs?request=GetCapabilities' version='auto',Pohjois-Pohjanmaa
364,3218,"5800100","Tyrnävänjoki, lm",Q,Virtaama,"58.052",Jatkuva,10.04.1989,15.02.2026,7175895,438552,Hydrologiset havaintopaikat virtaama Q, pagingEnabled='true' preferCoordinatesForWfsT11='false' restrictToRequestBBOX='1' srsname='EPSG:3067' typename='inspire_ef:EF.HydrologisetHavaintopaikat_Virtaama_Q' url='https://paikkatiedot.ymparisto.fi/geoserver/inspire_ef/wfs' url='https://paikkatiedot.ymparisto.fi/geoserver/inspire_ef/wfs?request=GetCapabilities' version='auto',Pohjois-Pohjanmaa
365,3235,"8400900",Pattijoki,Q,Virtaama,"84.090",Jatkuva,07.06.1984,15.02.2026,7175945,384624,Hydrologiset havaintopaikat virtaama Q, pagingEnabled='true' preferCoordinatesForWfsT11='false' restrictToRequestBBOX='1' srsname='EPSG:3067' typename='inspire_ef:EF.HydrologisetHavaintopaikat_Virtaama_Q' url='https://paikkatiedot.ymparisto.fi/geoserver/inspire_ef/wfs' url='https://paikkatiedot.ymparisto.fi/geoserver/inspire_ef/wfs?request=GetCapabilities' version='auto',Pohjois-Pohjanmaa
366,3236,"5300130",Korpinen,Q,Virtaama,"53.058",Jatkuva,01.01.1980,15.02.2026,7062538,398662,Hydrologiset havaintopaikat virtaama Q, pagingEnabled='true' preferCoordinatesForWfsT11='false' restrictToRequestBBOX='1' srsname='EPSG:3067' typename='inspire_ef:EF.HydrologisetHavaintopaikat_Virtaama_Q' url='https://paikkatiedot.ymparisto.fi/geoserver/inspire_ef/wfs' url='https://paikkatiedot.ymparisto.fi/geoserver/inspire_ef/wfs?request=GetCapabilities' version='auto',Pohjois-Pohjanmaa
367,3237,"5300120",Kiljanjärvi,Q,Virtaama,"53.057",Jatkuva,02.10.2004,15.02.2026,7056143,397416,Hydrologiset havaintopaikat virtaama Q, pagingEnabled='true' preferCoordinatesForWfsT11='false' restrictToRequestBBOX='1' srsname='EPSG:3067' typename='inspire_ef:EF.HydrologisetHavaintopaikat_Virtaama_Q' url='https://paikkatiedot.ymparisto.fi/geoserver/inspire_ef/wfs' url='https://paikkatiedot.ymparisto.fi/geoserver/inspire_ef/wfs?request=GetCapabilities' version='auto',Pohjois-Pohjanmaa
368,3238,"5300140",Iso-Juurikka,Q,Virtaama,"53.059",Jatkuva,01.01.1980,15.02.2026,7071615,399233,Hydrologiset havaintopaikat virtaama Q, pagingEnabled='true' preferCoordinatesForWfsT11='false' restrictToRequestBBOX='1' srsname='EPSG:3067' typename='inspire_ef:EF.HydrologisetHavaintopaikat_Virtaama_Q' url='https://paikkatiedot.ymparisto.fi/geoserver/inspire_ef/wfs' url='https://paikkatiedot.ymparisto.fi/geoserver/inspire_ef/wfs?request=GetCapabilities' version='auto',Pohjois-Pohjanmaa
369,3239,"5300340",Jämsänkosken sp,Q,Virtaama,"53.043",Jatkuva,26.09.2004,15.02.2026,7076007,413695,Hydrologiset havaintopaikat virtaama Q, pagingEnabled='true' preferCoordinatesForWfsT11='false' restrictToRequestBBOX='1' srsname='EPSG:3067' typename='inspire_ef:EF.HydrologisetHavaintopaikat_Virtaama_Q' url='https://paikkatiedot.ymparisto.fi/geoserver/inspire_ef/wfs' url='https://paikkatiedot.ymparisto.fi/geoserver/inspire_ef/wfs?request=GetCapabilities' version='auto',Pohjois-Pohjanmaa
370,3240,"5300164",Haittaperän sp,Q,Virtaama,"53.082",Jatkuva,02.10.2004,15.02.2026,7068102,422405,Hydrologiset havaintopaikat virtaama Q, pagingEnabled='true' preferCoordinatesForWfsT11='false' restrictToRequestBBOX='1' srsname='EPSG:3067' typename='inspire_ef:EF.HydrologisetHavaintopaikat_Virtaama_Q' url='https://paikkatiedot.ymparisto.fi/geoserver/inspire_ef/wfs' url='https://paikkatiedot.ymparisto.fi/geoserver/inspire_ef/wfs?request=GetCapabilities' version='auto',Pohjois-Pohjanmaa
371,3241,"5300150",Jalkakosken sp,Q,Virtaama,"53.043",Jatkuva,02.10.2004,15.02.2026,7064118,408434,Hydrologiset havaintopaikat virtaama Q, pagingEnabled='true' preferCoordinatesForWfsT11='false' restrictToRequestBBOX='1' srsname='EPSG:3067' typename='inspire_ef:EF.HydrologisetHavaintopaikat_Virtaama_Q' url='https://paikkatiedot.ymparisto.fi/geoserver/inspire_ef/wfs' url='https://paikkatiedot.ymparisto.fi/geoserver/inspire_ef/wfs?request=GetCapabilities' version='auto',Pohjois-Pohjanmaa
372,3257,"2100300",Ridasjärvi,Q,Virtaama,"21.094",Jatkuva,01.01.2002,13.02.2026,6723029,390744,Hydrologiset havaintopaikat virtaama Q, pagingEnabled='true' preferCoordinatesForWfsT11='false' restrictToRequestBBOX='1' srsname='EPSG:3067' typename='inspire_ef:EF.HydrologisetHavaintopaikat_Virtaama_Q' url='https://paikkatiedot.ymparisto.fi/geoserver/inspire_ef/wfs' url='https://paikkatiedot.ymparisto.fi/geoserver/inspire_ef/wfs?request=GetCapabilities' version='auto',Uusimaa
373,3260,"3508400","Siuro, ylä",Q,Virtaama,"35.511",Jatkuva,31.12.1997,10.02.2026,6821428,304736,Hydrologiset havaintopaikat virtaama Q, pagingEnabled='true' preferCoordinatesForWfsT11='false' restrictToRequestBBOX='1' srsname='EPSG:3067' typename='inspire_ef:EF.HydrologisetHavaintopaikat_Virtaama_Q' url='https://paikkatiedot.ymparisto.fi/geoserver/inspire_ef/wfs' url='https://paikkatiedot.ymparisto.fi/geoserver/inspire_ef/wfs?request=GetCapabilities' version='auto',Pirkanmaa
374,3264,"8102000","Loviisanjoki, urheilukenttä",Q,Virtaama,"81.027",Jatkuva,01.01.2000,15.02.2026,6703376,457388,Hydrologiset havaintopaikat virtaama Q, pagingEnabled='true' preferCoordinatesForWfsT11='false' restrictToRequestBBOX='1' srsname='EPSG:3067' typename='inspire_ef:EF.HydrologisetHavaintopaikat_Virtaama_Q' url='https://paikkatiedot.ymparisto.fi/geoserver/inspire_ef/wfs' url='https://paikkatiedot.ymparisto.fi/geoserver/inspire_ef/wfs?request=GetCapabilities' version='auto',Uusimaa
375,3265,"1500600","Taasianjoki, Holmankoski",Q,Virtaama,"15.002",Jatkuva,01.01.2002,15.02.2026,6705645,462309,Hydrologiset havaintopaikat virtaama Q, pagingEnabled='true' preferCoordinatesForWfsT11='false' restrictToRequestBBOX='1' srsname='EPSG:3067' typename='inspire_ef:EF.HydrologisetHavaintopaikat_Virtaama_Q' url='https://paikkatiedot.ymparisto.fi/geoserver/inspire_ef/wfs' url='https://paikkatiedot.ymparisto.fi/geoserver/inspire_ef/wfs?request=GetCapabilities' version='auto',Uusimaa
376,3277,"4900353","Kaitfors, ohijuoksutus",Q,Virtaama,"49.022",Jatkuva,01.04.1983,15.02.2026,7067677,323046,Hydrologiset havaintopaikat virtaama Q, pagingEnabled='true' preferCoordinatesForWfsT11='false' restrictToRequestBBOX='1' srsname='EPSG:3067' typename='inspire_ef:EF.HydrologisetHavaintopaikat_Virtaama_Q' url='https://paikkatiedot.ymparisto.fi/geoserver/inspire_ef/wfs' url='https://paikkatiedot.ymparisto.fi/geoserver/inspire_ef/wfs?request=GetCapabilities' version='auto',Pohjanmaa
377,3324,"2300340","Vihtijärvi, Sorvarinjoki",Q,Virtaama,"23.092",Jatkuva,02.02.2002,15.02.2026,6712266,366992,Hydrologiset havaintopaikat virtaama Q, pagingEnabled='true' preferCoordinatesForWfsT11='false' restrictToRequestBBOX='1' srsname='EPSG:3067' typename='inspire_ef:EF.HydrologisetHavaintopaikat_Virtaama_Q' url='https://paikkatiedot.ymparisto.fi/geoserver/inspire_ef/wfs' url='https://paikkatiedot.ymparisto.fi/geoserver/inspire_ef/wfs?request=GetCapabilities' version='auto',Uusimaa
378,3328,"0418081",Konnuskoski,Q,Virtaama,"04.272",Jatkuva,01.11.1990,05.02.2026,6935639,539516,Hydrologiset havaintopaikat virtaama Q, pagingEnabled='true' preferCoordinatesForWfsT11='false' restrictToRequestBBOX='1' srsname='EPSG:3067' typename='inspire_ef:EF.HydrologisetHavaintopaikat_Virtaama_Q' url='https://paikkatiedot.ymparisto.fi/geoserver/inspire_ef/wfs' url='https://paikkatiedot.ymparisto.fi/geoserver/inspire_ef/wfs?request=GetCapabilities' version='auto',Pohjois-Savo
379,3329,"0428081",Naapuskoski,Q,Virtaama,"04.272",Jatkuva,01.11.1990,05.02.2026,6935291,541947,Hydrologiset havaintopaikat virtaama Q, pagingEnabled='true' preferCoordinatesForWfsT11='false' restrictToRequestBBOX='1' srsname='EPSG:3067' typename='inspire_ef:EF.HydrologisetHavaintopaikat_Virtaama_Q' url='https://paikkatiedot.ymparisto.fi/geoserver/inspire_ef/wfs' url='https://paikkatiedot.ymparisto.fi/geoserver/inspire_ef/wfs?request=GetCapabilities' version='auto',Pohjois-Savo
380,3330,"0438081",Konnus laivakanava,Q,Virtaama,"04.272",Jatkuva,01.11.1990,05.02.2026,6935490,539771,Hydrologiset havaintopaikat virtaama Q, pagingEnabled='true' preferCoordinatesForWfsT11='false' restrictToRequestBBOX='1' srsname='EPSG:3067' typename='inspire_ef:EF.HydrologisetHavaintopaikat_Virtaama_Q' url='https://paikkatiedot.ymparisto.fi/geoserver/inspire_ef/wfs' url='https://paikkatiedot.ymparisto.fi/geoserver/inspire_ef/wfs?request=GetCapabilities' version='auto',Pohjois-Savo
381,3334,"6500710",Pallasjärvi-luusua,Q,Virtaama,"65.652",Jatkuva,07.09.2004,15.02.2026,7548370,386616,Hydrologiset havaintopaikat virtaama Q, pagingEnabled='true' preferCoordinatesForWfsT11='false' restrictToRequestBBOX='1' srsname='EPSG:3067' typename='inspire_ef:EF.HydrologisetHavaintopaikat_Virtaama_Q' url='https://paikkatiedot.ymparisto.fi/geoserver/inspire_ef/wfs' url='https://paikkatiedot.ymparisto.fi/geoserver/inspire_ef/wfs?request=GetCapabilities' version='auto',Lappi
382,3335,"6500720",Pyhäjoki,Q,Virtaama,"65.652",Jatkuva,08.09.2004,15.02.2026,7548323,380728,Hydrologiset havaintopaikat virtaama Q, pagingEnabled='true' preferCoordinatesForWfsT11='false' restrictToRequestBBOX='1' srsname='EPSG:3067' typename='inspire_ef:EF.HydrologisetHavaintopaikat_Virtaama_Q' url='https://paikkatiedot.ymparisto.fi/geoserver/inspire_ef/wfs' url='https://paikkatiedot.ymparisto.fi/geoserver/inspire_ef/wfs?request=GetCapabilities' version='auto',Lappi
383,3378,"8400800",Haapajärven tekojärven juoksutus,Q,Virtaama,"84.088",Satunnainen,01.01.1992,03.06.2008,7167098,380176,Hydrologiset havaintopaikat virtaama Q, pagingEnabled='true' preferCoordinatesForWfsT11='false' restrictToRequestBBOX='1' srsname='EPSG:3067' typename='inspire_ef:EF.HydrologisetHavaintopaikat_Virtaama_Q' url='https://paikkatiedot.ymparisto.fi/geoserver/inspire_ef/wfs' url='https://paikkatiedot.ymparisto.fi/geoserver/inspire_ef/wfs?request=GetCapabilities' version='auto',Pohjois-Pohjanmaa
384,3394,"6503221",Seurujoki,Q,Virtaama,"65.697",Jatkuva,09.09.2007,15.02.2026,7535819,430753,Hydrologiset havaintopaikat virtaama Q, pagingEnabled='true' preferCoordinatesForWfsT11='false' restrictToRequestBBOX='1' srsname='EPSG:3067' typename='inspire_ef:EF.HydrologisetHavaintopaikat_Virtaama_Q' url='https://paikkatiedot.ymparisto.fi/geoserver/inspire_ef/wfs' url='https://paikkatiedot.ymparisto.fi/geoserver/inspire_ef/wfs?request=GetCapabilities' version='auto',Lappi
385,3406,"2300402",Olkkalanjoki,Q,Virtaama,"23.091",Jatkuva,11.04.2006,14.02.2026,6703889,354349,Hydrologiset havaintopaikat virtaama Q, pagingEnabled='true' preferCoordinatesForWfsT11='false' restrictToRequestBBOX='1' srsname='EPSG:3067' typename='inspire_ef:EF.HydrologisetHavaintopaikat_Virtaama_Q' url='https://paikkatiedot.ymparisto.fi/geoserver/inspire_ef/wfs' url='https://paikkatiedot.ymparisto.fi/geoserver/inspire_ef/wfs?request=GetCapabilities' version='auto',Uusimaa
386,3499,"4200420",Seinäjärvi,Q,Virtaama,"42.074",Jatkuva,30.09.2011,15.02.2026,6921931,311524,Hydrologiset havaintopaikat virtaama Q, pagingEnabled='true' preferCoordinatesForWfsT11='false' restrictToRequestBBOX='1' srsname='EPSG:3067' typename='inspire_ef:EF.HydrologisetHavaintopaikat_Virtaama_Q' url='https://paikkatiedot.ymparisto.fi/geoserver/inspire_ef/wfs' url='https://paikkatiedot.ymparisto.fi/geoserver/inspire_ef/wfs?request=GetCapabilities' version='auto',Pirkanmaa
387,3524,"8103200",Ingarskilaån,Q,Virtaama,"81.064",Jatkuva,06.06.2007,15.02.2026,6661992,344771,Hydrologiset havaintopaikat virtaama Q, pagingEnabled='true' preferCoordinatesForWfsT11='false' restrictToRequestBBOX='1' srsname='EPSG:3067' typename='inspire_ef:EF.HydrologisetHavaintopaikat_Virtaama_Q' url='https://paikkatiedot.ymparisto.fi/geoserver/inspire_ef/wfs' url='https://paikkatiedot.ymparisto.fi/geoserver/inspire_ef/wfs?request=GetCapabilities' version='auto',Uusimaa
388,3532,"4200900",Hiirikoski,Q,Virtaama,"42.016",Jatkuva,01.01.2015,31.10.2022,6995767,254475,Hydrologiset havaintopaikat virtaama Q, pagingEnabled='true' preferCoordinatesForWfsT11='false' restrictToRequestBBOX='1' srsname='EPSG:3067' typename='inspire_ef:EF.HydrologisetHavaintopaikat_Virtaama_Q' url='https://paikkatiedot.ymparisto.fi/geoserver/inspire_ef/wfs' url='https://paikkatiedot.ymparisto.fi/geoserver/inspire_ef/wfs?request=GetCapabilities' version='auto',Pohjanmaa
389,3536,"4409110","Hourunkoski, kokonaisvirtaama",Q,Virtaama,"44.031",Jatkuva,09.09.2005,15.02.2026,6986049,304284,Hydrologiset havaintopaikat virtaama Q, pagingEnabled='true' preferCoordinatesForWfsT11='false' restrictToRequestBBOX='1' srsname='EPSG:3067' typename='inspire_ef:EF.HydrologisetHavaintopaikat_Virtaama_Q' url='https://paikkatiedot.ymparisto.fi/geoserver/inspire_ef/wfs' url='https://paikkatiedot.ymparisto.fi/geoserver/inspire_ef/wfs?request=GetCapabilities' version='auto',Etelä-Pohjanmaa
390,3538,"4403200","Mäkelänkoski, kokonaisvirtaama",Q,Virtaama,"44.033",Jatkuva,25.03.2013,15.02.2026,6980901,310922,Hydrologiset havaintopaikat virtaama Q, pagingEnabled='true' preferCoordinatesForWfsT11='false' restrictToRequestBBOX='1' srsname='EPSG:3067' typename='inspire_ef:EF.HydrologisetHavaintopaikat_Virtaama_Q' url='https://paikkatiedot.ymparisto.fi/geoserver/inspire_ef/wfs' url='https://paikkatiedot.ymparisto.fi/geoserver/inspire_ef/wfs?request=GetCapabilities' version='auto',Etelä-Pohjanmaa
391,3540,"3543100","Ryötönkoski, kokonaisvirtaama",Q,Virtaama,"35.431",Jatkuva,25.03.2013,15.02.2026,6934888,351480,Hydrologiset havaintopaikat virtaama Q, pagingEnabled='true' preferCoordinatesForWfsT11='false' restrictToRequestBBOX='1' srsname='EPSG:3067' typename='inspire_ef:EF.HydrologisetHavaintopaikat_Virtaama_Q' url='https://paikkatiedot.ymparisto.fi/geoserver/inspire_ef/wfs' url='https://paikkatiedot.ymparisto.fi/geoserver/inspire_ef/wfs?request=GetCapabilities' version='auto',Etelä-Pohjanmaa
392,3542,"3542400","Vääräkoski, kokonaisvirtaama",Q,Virtaama,"35.424",Jatkuva,25.03.2013,15.02.2026,6935984,347830,Hydrologiset havaintopaikat virtaama Q, pagingEnabled='true' preferCoordinatesForWfsT11='false' restrictToRequestBBOX='1' srsname='EPSG:3067' typename='inspire_ef:EF.HydrologisetHavaintopaikat_Virtaama_Q' url='https://paikkatiedot.ymparisto.fi/geoserver/inspire_ef/wfs' url='https://paikkatiedot.ymparisto.fi/geoserver/inspire_ef/wfs?request=GetCapabilities' version='auto',Etelä-Pohjanmaa
393,3543,"5904400",Sanginjoki,Q,Virtaama,"59.141",Satunnainen,02.06.2008,15.02.2026,7206679,438808,Hydrologiset havaintopaikat virtaama Q, pagingEnabled='true' preferCoordinatesForWfsT11='false' restrictToRequestBBOX='1' srsname='EPSG:3067' typename='inspire_ef:EF.HydrologisetHavaintopaikat_Virtaama_Q' url='https://paikkatiedot.ymparisto.fi/geoserver/inspire_ef/wfs' url='https://paikkatiedot.ymparisto.fi/geoserver/inspire_ef/wfs?request=GetCapabilities' version='auto',Pohjois-Pohjanmaa
394,3544,"6300101",Kivijoki,Q,Virtaama,"63.031",Jatkuva,05.11.2005,15.02.2026,7285211,455191,Hydrologiset havaintopaikat virtaama Q, pagingEnabled='true' preferCoordinatesForWfsT11='false' restrictToRequestBBOX='1' srsname='EPSG:3067' typename='inspire_ef:EF.HydrologisetHavaintopaikat_Virtaama_Q' url='https://paikkatiedot.ymparisto.fi/geoserver/inspire_ef/wfs' url='https://paikkatiedot.ymparisto.fi/geoserver/inspire_ef/wfs?request=GetCapabilities' version='auto',Pohjois-Pohjanmaa
395,3551,"4200432",Liikapuron tekojärvi pato,Q,Virtaama,"42.078",Jatkuva,17.04.2013,15.02.2026,6921320,297393,Hydrologiset havaintopaikat virtaama Q, pagingEnabled='true' preferCoordinatesForWfsT11='false' restrictToRequestBBOX='1' srsname='EPSG:3067' typename='inspire_ef:EF.HydrologisetHavaintopaikat_Virtaama_Q' url='https://paikkatiedot.ymparisto.fi/geoserver/inspire_ef/wfs' url='https://paikkatiedot.ymparisto.fi/geoserver/inspire_ef/wfs?request=GetCapabilities' version='auto',Etelä-Pohjanmaa
396,3558,"4700350",Hattar,Q,Virtaama,"47.013",Jatkuva,01.01.2014,15.02.2026,7055243,307866,Hydrologiset havaintopaikat virtaama Q, pagingEnabled='true' preferCoordinatesForWfsT11='false' restrictToRequestBBOX='1' srsname='EPSG:3067' typename='inspire_ef:EF.HydrologisetHavaintopaikat_Virtaama_Q' url='https://paikkatiedot.ymparisto.fi/geoserver/inspire_ef/wfs' url='https://paikkatiedot.ymparisto.fi/geoserver/inspire_ef/wfs?request=GetCapabilities' version='auto',Pohjanmaa
397,3568,"4200290","Jalasjoki, Jalasjärvi",Q,Virtaama,"42.043",Jatkuva,12.02.2014,15.02.2026,6936684,280784,Hydrologiset havaintopaikat virtaama Q, pagingEnabled='true' preferCoordinatesForWfsT11='false' restrictToRequestBBOX='1' srsname='EPSG:3067' typename='inspire_ef:EF.HydrologisetHavaintopaikat_Virtaama_Q' url='https://paikkatiedot.ymparisto.fi/geoserver/inspire_ef/wfs' url='https://paikkatiedot.ymparisto.fi/geoserver/inspire_ef/wfs?request=GetCapabilities' version='auto',Etelä-Pohjanmaa
398,3580,"3900150","Jurva, Tainuskylä",Q,Virtaama,"39.005",Jatkuva,25.03.2015,21.01.2026,6962588,247809,Hydrologiset havaintopaikat virtaama Q, pagingEnabled='true' preferCoordinatesForWfsT11='false' restrictToRequestBBOX='1' srsname='EPSG:3067' typename='inspire_ef:EF.HydrologisetHavaintopaikat_Virtaama_Q' url='https://paikkatiedot.ymparisto.fi/geoserver/inspire_ef/wfs' url='https://paikkatiedot.ymparisto.fi/geoserver/inspire_ef/wfs?request=GetCapabilities' version='auto',Etelä-Pohjanmaa
399,3581,"1300101","Reitkalli, Puutarhak. silta",Q,Virtaama,"13.001",Jatkuva,02.04.2003,15.02.2026,6720492,505504,Hydrologiset havaintopaikat virtaama Q, pagingEnabled='true' preferCoordinatesForWfsT11='false' restrictToRequestBBOX='1' srsname='EPSG:3067' typename='inspire_ef:EF.HydrologisetHavaintopaikat_Virtaama_Q' url='https://paikkatiedot.ymparisto.fi/geoserver/inspire_ef/wfs' url='https://paikkatiedot.ymparisto.fi/geoserver/inspire_ef/wfs?request=GetCapabilities' version='auto',Kymenlaakso
400,3602,"0409760",Liuna,Q,Virtaama,"04.251",Jatkuva,25.01.2016,05.02.2026,6893640,541303,Hydrologiset havaintopaikat virtaama Q, pagingEnabled='true' preferCoordinatesForWfsT11='false' restrictToRequestBBOX='1' srsname='EPSG:3067' typename='inspire_ef:EF.HydrologisetHavaintopaikat_Virtaama_Q' url='https://paikkatiedot.ymparisto.fi/geoserver/inspire_ef/wfs' url='https://paikkatiedot.ymparisto.fi/geoserver/inspire_ef/wfs?request=GetCapabilities' version='auto',Pohjois-Savo
401,3605,"3502200",Loppijärvi - Luusua,Q,Virtaama,"35.874",Jatkuva,01.07.2009,29.02.2016,6732866,361491,Hydrologiset havaintopaikat virtaama Q, pagingEnabled='true' preferCoordinatesForWfsT11='false' restrictToRequestBBOX='1' srsname='EPSG:3067' typename='inspire_ef:EF.HydrologisetHavaintopaikat_Virtaama_Q' url='https://paikkatiedot.ymparisto.fi/geoserver/inspire_ef/wfs' url='https://paikkatiedot.ymparisto.fi/geoserver/inspire_ef/wfs?request=GetCapabilities' version='auto',Kanta-Häme
402,3607,"4700430","Evijärvi, Kaarenhaara",Q,Virtaama,"47.015",Jatkuva,31.03.2016,15.02.2026,7038939,320287,Hydrologiset havaintopaikat virtaama Q, pagingEnabled='true' preferCoordinatesForWfsT11='false' restrictToRequestBBOX='1' srsname='EPSG:3067' typename='inspire_ef:EF.HydrologisetHavaintopaikat_Virtaama_Q' url='https://paikkatiedot.ymparisto.fi/geoserver/inspire_ef/wfs' url='https://paikkatiedot.ymparisto.fi/geoserver/inspire_ef/wfs?request=GetCapabilities' version='auto',Etelä-Pohjanmaa
403,3619,"0411760","Vuoksi, Imatra",Q,Virtaama,"04.111",Jatkuva,14.06.2016,13.02.2026,6783095,595601,Hydrologiset havaintopaikat virtaama Q, pagingEnabled='true' preferCoordinatesForWfsT11='false' restrictToRequestBBOX='1' srsname='EPSG:3067' typename='inspire_ef:EF.HydrologisetHavaintopaikat_Virtaama_Q' url='https://paikkatiedot.ymparisto.fi/geoserver/inspire_ef/wfs' url='https://paikkatiedot.ymparisto.fi/geoserver/inspire_ef/wfs?request=GetCapabilities' version='auto',Etelä-Karjala
404,3670,"3600530",Riuttan pato ala,Q,Virtaama,"36.015",Jatkuva,,,6844038,241594,Hydrologiset havaintopaikat virtaama Q, pagingEnabled='true' preferCoordinatesForWfsT11='false' restrictToRequestBBOX='1' srsname='EPSG:3067' typename='inspire_ef:EF.HydrologisetHavaintopaikat_Virtaama_Q' url='https://paikkatiedot.ymparisto.fi/geoserver/inspire_ef/wfs' url='https://paikkatiedot.ymparisto.fi/geoserver/inspire_ef/wfs?request=GetCapabilities' version='auto',Satakunta
405,3671,"3600540",Maajärvi,Q,Virtaama,"36.017",Jatkuva,,,6841696,238322,Hydrologiset havaintopaikat virtaama Q, pagingEnabled='true' preferCoordinatesForWfsT11='false' restrictToRequestBBOX='1' srsname='EPSG:3067' typename='inspire_ef:EF.HydrologisetHavaintopaikat_Virtaama_Q' url='https://paikkatiedot.ymparisto.fi/geoserver/inspire_ef/wfs' url='https://paikkatiedot.ymparisto.fi/geoserver/inspire_ef/wfs?request=GetCapabilities' version='auto',Satakunta
406,3674,"0448081",Konnus tulvakanava,Q,Virtaama,"04.272",Jatkuva,13.09.2017,15.02.2026,6935558,539581,Hydrologiset havaintopaikat virtaama Q, pagingEnabled='true' preferCoordinatesForWfsT11='false' restrictToRequestBBOX='1' srsname='EPSG:3067' typename='inspire_ef:EF.HydrologisetHavaintopaikat_Virtaama_Q' url='https://paikkatiedot.ymparisto.fi/geoserver/inspire_ef/wfs' url='https://paikkatiedot.ymparisto.fi/geoserver/inspire_ef/wfs?request=GetCapabilities' version='auto',Pohjois-Savo
407,3678,"2801000",Paattistenjoki mittapato,Q,Virtaama,"28.004",Jatkuva,11.03.2017,15.02.2026,6720111,244655,Hydrologiset havaintopaikat virtaama Q, pagingEnabled='true' preferCoordinatesForWfsT11='false' restrictToRequestBBOX='1' srsname='EPSG:3067' typename='inspire_ef:EF.HydrologisetHavaintopaikat_Virtaama_Q' url='https://paikkatiedot.ymparisto.fi/geoserver/inspire_ef/wfs' url='https://paikkatiedot.ymparisto.fi/geoserver/inspire_ef/wfs?request=GetCapabilities' version='auto',Varsinais-Suomi
408,3681,"0600200",Kalliokoskenoja,Q,Virtaama,"06.022",Jatkuva,24.02.2017,15.02.2026,6765238,567164,Hydrologiset havaintopaikat virtaama Q, pagingEnabled='true' preferCoordinatesForWfsT11='false' restrictToRequestBBOX='1' srsname='EPSG:3067' typename='inspire_ef:EF.HydrologisetHavaintopaikat_Virtaama_Q' url='https://paikkatiedot.ymparisto.fi/geoserver/inspire_ef/wfs' url='https://paikkatiedot.ymparisto.fi/geoserver/inspire_ef/wfs?request=GetCapabilities' version='auto',Etelä-Karjala
409,3682,"0600800",Haapajärvi,Q,Virtaama,"06.022",Jatkuva,24.02.2017,15.02.2026,6753256,570738,Hydrologiset havaintopaikat virtaama Q, pagingEnabled='true' preferCoordinatesForWfsT11='false' restrictToRequestBBOX='1' srsname='EPSG:3067' typename='inspire_ef:EF.HydrologisetHavaintopaikat_Virtaama_Q' url='https://paikkatiedot.ymparisto.fi/geoserver/inspire_ef/wfs' url='https://paikkatiedot.ymparisto.fi/geoserver/inspire_ef/wfs?request=GetCapabilities' version='auto',Etelä-Karjala
410,3683,"0600210",Lisävesi Rakkolanjokeen,Q,Virtaama,"06.022",Jatkuva,24.02.2017,15.02.2026,6769813,570138,Hydrologiset havaintopaikat virtaama Q, pagingEnabled='true' preferCoordinatesForWfsT11='false' restrictToRequestBBOX='1' srsname='EPSG:3067' typename='inspire_ef:EF.HydrologisetHavaintopaikat_Virtaama_Q' url='https://paikkatiedot.ymparisto.fi/geoserver/inspire_ef/wfs' url='https://paikkatiedot.ymparisto.fi/geoserver/inspire_ef/wfs?request=GetCapabilities' version='auto',Etelä-Karjala
411,3719,"2400000",Perniönjoki Pohjankoski,Q,Virtaama,"24.042",Jatkuva,24.04.2015,14.02.2026,6691310,286342,Hydrologiset havaintopaikat virtaama Q, pagingEnabled='true' preferCoordinatesForWfsT11='false' restrictToRequestBBOX='1' srsname='EPSG:3067' typename='inspire_ef:EF.HydrologisetHavaintopaikat_Virtaama_Q' url='https://paikkatiedot.ymparisto.fi/geoserver/inspire_ef/wfs' url='https://paikkatiedot.ymparisto.fi/geoserver/inspire_ef/wfs?request=GetCapabilities' version='auto',Varsinais-Suomi
412,3727,"6502130",Näskänjärvi,Q,Virtaama,"65.275",Jatkuva,06.03.2018,15.02.2026,7342390,489823,Hydrologiset havaintopaikat virtaama Q, pagingEnabled='true' preferCoordinatesForWfsT11='false' restrictToRequestBBOX='1' srsname='EPSG:3067' typename='inspire_ef:EF.HydrologisetHavaintopaikat_Virtaama_Q' url='https://paikkatiedot.ymparisto.fi/geoserver/inspire_ef/wfs' url='https://paikkatiedot.ymparisto.fi/geoserver/inspire_ef/wfs?request=GetCapabilities' version='auto',Lappi
413,3728,"6502140",Paattinkijärvi,Q,Virtaama,"65.275",Jatkuva,06.03.2018,15.02.2026,7346230,481088,Hydrologiset havaintopaikat virtaama Q, pagingEnabled='true' preferCoordinatesForWfsT11='false' restrictToRequestBBOX='1' srsname='EPSG:3067' typename='inspire_ef:EF.HydrologisetHavaintopaikat_Virtaama_Q' url='https://paikkatiedot.ymparisto.fi/geoserver/inspire_ef/wfs' url='https://paikkatiedot.ymparisto.fi/geoserver/inspire_ef/wfs?request=GetCapabilities' version='auto',Lappi
414,3743,"3510800","Forssa, Loimijoki Q",Q,Virtaama,"35.923",Jatkuva,01.09.2015,14.02.2026,6747587,316157,Hydrologiset havaintopaikat virtaama Q, pagingEnabled='true' preferCoordinatesForWfsT11='false' restrictToRequestBBOX='1' srsname='EPSG:3067' typename='inspire_ef:EF.HydrologisetHavaintopaikat_Virtaama_Q' url='https://paikkatiedot.ymparisto.fi/geoserver/inspire_ef/wfs' url='https://paikkatiedot.ymparisto.fi/geoserver/inspire_ef/wfs?request=GetCapabilities' version='auto',Kanta-Häme
415,3748,"4900123",Yrttikoski ohivirtaus,Q,Virtaama,"49.082",Jatkuva,24.09.2018,15.02.2026,7024069,355415,Hydrologiset havaintopaikat virtaama Q, pagingEnabled='true' preferCoordinatesForWfsT11='false' restrictToRequestBBOX='1' srsname='EPSG:3067' typename='inspire_ef:EF.HydrologisetHavaintopaikat_Virtaama_Q' url='https://paikkatiedot.ymparisto.fi/geoserver/inspire_ef/wfs' url='https://paikkatiedot.ymparisto.fi/geoserver/inspire_ef/wfs?request=GetCapabilities' version='auto',Keski-Pohjanmaa
416,3749,"4900352","Kaitfors, konevirtaama",Q,Virtaama,"49.022",Jatkuva,25.09.2018,15.02.2026,7067933,322953,Hydrologiset havaintopaikat virtaama Q, pagingEnabled='true' preferCoordinatesForWfsT11='false' restrictToRequestBBOX='1' srsname='EPSG:3067' typename='inspire_ef:EF.HydrologisetHavaintopaikat_Virtaama_Q' url='https://paikkatiedot.ymparisto.fi/geoserver/inspire_ef/wfs' url='https://paikkatiedot.ymparisto.fi/geoserver/inspire_ef/wfs?request=GetCapabilities' version='auto',Pohjanmaa
417,3751,"3900300",Säläisjärvi,Q,Virtaama,"39.003",Jatkuva,19.12.2018,15.09.2020,6958213,243079,Hydrologiset havaintopaikat virtaama Q, pagingEnabled='true' preferCoordinatesForWfsT11='false' restrictToRequestBBOX='1' srsname='EPSG:3067' typename='inspire_ef:EF.HydrologisetHavaintopaikat_Virtaama_Q' url='https://paikkatiedot.ymparisto.fi/geoserver/inspire_ef/wfs' url='https://paikkatiedot.ymparisto.fi/geoserver/inspire_ef/wfs?request=GetCapabilities' version='auto',Etelä-Pohjanmaa
418,3788,"4400118",Saukkojärvi,Q,Virtaama,"44.095",Jatkuva,01.08.1999,15.02.2026,6952994,309986,Hydrologiset havaintopaikat virtaama Q, pagingEnabled='true' preferCoordinatesForWfsT11='false' restrictToRequestBBOX='1' srsname='EPSG:3067' typename='inspire_ef:EF.HydrologisetHavaintopaikat_Virtaama_Q' url='https://paikkatiedot.ymparisto.fi/geoserver/inspire_ef/wfs' url='https://paikkatiedot.ymparisto.fi/geoserver/inspire_ef/wfs?request=GetCapabilities' version='auto',Etelä-Pohjanmaa
419,3789,"0408200","Unnukka, Varkaus",Q,Virtaama,"04.271",Jatkuva,01.01.2015,01.02.2026,6969430,546740,Hydrologiset havaintopaikat virtaama Q, pagingEnabled='true' preferCoordinatesForWfsT11='false' restrictToRequestBBOX='1' srsname='EPSG:3067' typename='inspire_ef:EF.HydrologisetHavaintopaikat_Virtaama_Q' url='https://paikkatiedot.ymparisto.fi/geoserver/inspire_ef/wfs' url='https://paikkatiedot.ymparisto.fi/geoserver/inspire_ef/wfs?request=GetCapabilities' version='auto',Pohjois-Savo
420,3790,"0408206",Ämmäkosken säännöstelypato,Q,Virtaama,"04.271",Jatkuva,01.01.2015,01.02.2026,6909340,546645,Hydrologiset havaintopaikat virtaama Q, pagingEnabled='true' preferCoordinatesForWfsT11='false' restrictToRequestBBOX='1' srsname='EPSG:3067' typename='inspire_ef:EF.HydrologisetHavaintopaikat_Virtaama_Q' url='https://paikkatiedot.ymparisto.fi/geoserver/inspire_ef/wfs' url='https://paikkatiedot.ymparisto.fi/geoserver/inspire_ef/wfs?request=GetCapabilities' version='auto',Pohjois-Savo
421,3791,"0408205",Huruskosken voimalaitos,Q,Virtaama,"04.271",Jatkuva,01.01.2015,01.02.2026,6909875,546440,Hydrologiset havaintopaikat virtaama Q, pagingEnabled='true' preferCoordinatesForWfsT11='false' restrictToRequestBBOX='1' srsname='EPSG:3067' typename='inspire_ef:EF.HydrologisetHavaintopaikat_Virtaama_Q' url='https://paikkatiedot.ymparisto.fi/geoserver/inspire_ef/wfs' url='https://paikkatiedot.ymparisto.fi/geoserver/inspire_ef/wfs?request=GetCapabilities' version='auto',Pohjois-Savo
422,3792,"0408207",Ämmäkosken ja Kämärin kalatiet,Q,Virtaama,"04.271",Jatkuva,01.01.2015,01.02.2026,6909180,546850,Hydrologiset havaintopaikat virtaama Q, pagingEnabled='true' preferCoordinatesForWfsT11='false' restrictToRequestBBOX='1' srsname='EPSG:3067' typename='inspire_ef:EF.HydrologisetHavaintopaikat_Virtaama_Q' url='https://paikkatiedot.ymparisto.fi/geoserver/inspire_ef/wfs' url='https://paikkatiedot.ymparisto.fi/geoserver/inspire_ef/wfs?request=GetCapabilities' version='auto',Pohjois-Savo
423,3794,"1405455",Arrakosken kalatie,Q,Virtaama,"14.252",Jatkuva,15.11.2019,10.02.2026,6807186,402984,Hydrologiset havaintopaikat virtaama Q, pagingEnabled='true' preferCoordinatesForWfsT11='false' restrictToRequestBBOX='1' srsname='EPSG:3067' typename='inspire_ef:EF.HydrologisetHavaintopaikat_Virtaama_Q' url='https://paikkatiedot.ymparisto.fi/geoserver/inspire_ef/wfs' url='https://paikkatiedot.ymparisto.fi/geoserver/inspire_ef/wfs?request=GetCapabilities' version='auto',Päijät-Häme
424,3829,"2403600","Enäjärvi, luusua",Q,Virtaama,"24.033",Määräaikainen,07.08.2018,28.12.2025,6688129,316091,Hydrologiset havaintopaikat virtaama Q, pagingEnabled='true' preferCoordinatesForWfsT11='false' restrictToRequestBBOX='1' srsname='EPSG:3067' typename='inspire_ef:EF.HydrologisetHavaintopaikat_Virtaama_Q' url='https://paikkatiedot.ymparisto.fi/geoserver/inspire_ef/wfs' url='https://paikkatiedot.ymparisto.fi/geoserver/inspire_ef/wfs?request=GetCapabilities' version='auto',Uusimaa
425,3850,"0601000","Rakkolanjoki, Vormuinmäki",Q,Virtaama,"06.021",Jatkuva,13.11.2015,15.02.2026,6751348,574711,Hydrologiset havaintopaikat virtaama Q, pagingEnabled='true' preferCoordinatesForWfsT11='false' restrictToRequestBBOX='1' srsname='EPSG:3067' typename='inspire_ef:EF.HydrologisetHavaintopaikat_Virtaama_Q' url='https://paikkatiedot.ymparisto.fi/geoserver/inspire_ef/wfs' url='https://paikkatiedot.ymparisto.fi/geoserver/inspire_ef/wfs?request=GetCapabilities' version='auto',Etelä-Karjala
426,3851,"0605800","Hounijoki, Myllymäenkoski",Q,Virtaama,"06.011",Jatkuva,10.10.2019,15.02.2026,6751405,565022,Hydrologiset havaintopaikat virtaama Q, pagingEnabled='true' preferCoordinatesForWfsT11='false' restrictToRequestBBOX='1' srsname='EPSG:3067' typename='inspire_ef:EF.HydrologisetHavaintopaikat_Virtaama_Q' url='https://paikkatiedot.ymparisto.fi/geoserver/inspire_ef/wfs' url='https://paikkatiedot.ymparisto.fi/geoserver/inspire_ef/wfs?request=GetCapabilities' version='auto',Etelä-Karjala
427,3858,"4200460","Kuljunkoski, Peräseinäjoki",Q,Virtaama,"42.073",Jatkuva,08.04.2021,10.02.2025,6931337,303986,Hydrologiset havaintopaikat virtaama Q, pagingEnabled='true' preferCoordinatesForWfsT11='false' restrictToRequestBBOX='1' srsname='EPSG:3067' typename='inspire_ef:EF.HydrologisetHavaintopaikat_Virtaama_Q' url='https://paikkatiedot.ymparisto.fi/geoserver/inspire_ef/wfs' url='https://paikkatiedot.ymparisto.fi/geoserver/inspire_ef/wfs?request=GetCapabilities' version='auto',Etelä-Pohjanmaa
428,3870,"0405510","Kiurujoki, Saarikoski",Q,Virtaama,"04.523",Jatkuva,,,7051645,491704,Hydrologiset havaintopaikat virtaama Q, pagingEnabled='true' preferCoordinatesForWfsT11='false' restrictToRequestBBOX='1' srsname='EPSG:3067' typename='inspire_ef:EF.HydrologisetHavaintopaikat_Virtaama_Q' url='https://paikkatiedot.ymparisto.fi/geoserver/inspire_ef/wfs' url='https://paikkatiedot.ymparisto.fi/geoserver/inspire_ef/wfs?request=GetCapabilities' version='auto',Pohjois-Savo
429,3872,"6503225",Loukinen,Q,Virtaama,"65.691",Jatkuva,08.08.2019,14.02.2026,7522749,417068,Hydrologiset havaintopaikat virtaama Q, pagingEnabled='true' preferCoordinatesForWfsT11='false' restrictToRequestBBOX='1' srsname='EPSG:3067' typename='inspire_ef:EF.HydrologisetHavaintopaikat_Virtaama_Q' url='https://paikkatiedot.ymparisto.fi/geoserver/inspire_ef/wfs' url='https://paikkatiedot.ymparisto.fi/geoserver/inspire_ef/wfs?request=GetCapabilities' version='auto',Lappi
430,3875,"4207102",Kiikun pato virtaama,Q,Virtaama,"42.071",Jatkuva,24.07.2006,15.02.2026,6976774,285995,Hydrologiset havaintopaikat virtaama Q, pagingEnabled='true' preferCoordinatesForWfsT11='false' restrictToRequestBBOX='1' srsname='EPSG:3067' typename='inspire_ef:EF.HydrologisetHavaintopaikat_Virtaama_Q' url='https://paikkatiedot.ymparisto.fi/geoserver/inspire_ef/wfs' url='https://paikkatiedot.ymparisto.fi/geoserver/inspire_ef/wfs?request=GetCapabilities' version='auto',Etelä-Pohjanmaa
431,3892,"4700560","Björkfors, Q",Q,Virtaama,"47.014",Jatkuva,03.03.2021,15.02.2026,7049258,311557,Hydrologiset havaintopaikat virtaama Q, pagingEnabled='true' preferCoordinatesForWfsT11='false' restrictToRequestBBOX='1' srsname='EPSG:3067' typename='inspire_ef:EF.HydrologisetHavaintopaikat_Virtaama_Q' url='https://paikkatiedot.ymparisto.fi/geoserver/inspire_ef/wfs' url='https://paikkatiedot.ymparisto.fi/geoserver/inspire_ef/wfs?request=GetCapabilities' version='auto',Pohjanmaa
432,3895,"4700600",Långfors,Q,Virtaama,"47.012",Jatkuva,04.03.2021,15.02.2026,7061978,299227,Hydrologiset havaintopaikat virtaama Q, pagingEnabled='true' preferCoordinatesForWfsT11='false' restrictToRequestBBOX='1' srsname='EPSG:3067' typename='inspire_ef:EF.HydrologisetHavaintopaikat_Virtaama_Q' url='https://paikkatiedot.ymparisto.fi/geoserver/inspire_ef/wfs' url='https://paikkatiedot.ymparisto.fi/geoserver/inspire_ef/wfs?request=GetCapabilities' version='auto',Pohjanmaa
433,3900,"4700700",Finnholm,Q,Virtaama,"47.013",Jatkuva,03.03.2021,15.02.2026,7053250,309048,Hydrologiset havaintopaikat virtaama Q, pagingEnabled='true' preferCoordinatesForWfsT11='false' restrictToRequestBBOX='1' srsname='EPSG:3067' typename='inspire_ef:EF.HydrologisetHavaintopaikat_Virtaama_Q' url='https://paikkatiedot.ymparisto.fi/geoserver/inspire_ef/wfs' url='https://paikkatiedot.ymparisto.fi/geoserver/inspire_ef/wfs?request=GetCapabilities' version='auto',Pohjanmaa
434,3902,"4700800",Värnum,Q,Virtaama,"47.013",Jatkuva,05.11.2024,15.02.2026,7057301,306219,Hydrologiset havaintopaikat virtaama Q, pagingEnabled='true' preferCoordinatesForWfsT11='false' restrictToRequestBBOX='1' srsname='EPSG:3067' typename='inspire_ef:EF.HydrologisetHavaintopaikat_Virtaama_Q' url='https://paikkatiedot.ymparisto.fi/geoserver/inspire_ef/wfs' url='https://paikkatiedot.ymparisto.fi/geoserver/inspire_ef/wfs?request=GetCapabilities' version='auto',Pohjanmaa
435,3907,"2900200","Hirvijoki, Nousiainen",Q,Virtaama,"29.002",Jatkuva,11.09.2014,15.02.2026,6727374,231008,Hydrologiset havaintopaikat virtaama Q, pagingEnabled='true' preferCoordinatesForWfsT11='false' restrictToRequestBBOX='1' srsname='EPSG:3067' typename='inspire_ef:EF.HydrologisetHavaintopaikat_Virtaama_Q' url='https://paikkatiedot.ymparisto.fi/geoserver/inspire_ef/wfs' url='https://paikkatiedot.ymparisto.fi/geoserver/inspire_ef/wfs?request=GetCapabilities' version='auto',Varsinais-Suomi
436,3915,"3400000",Ahmasoja,Q,Virtaama,"34.024",Jatkuva,05.06.2020,15.02.2026,6786229,237249,Hydrologiset havaintopaikat virtaama Q, pagingEnabled='true' preferCoordinatesForWfsT11='false' restrictToRequestBBOX='1' srsname='EPSG:3067' typename='inspire_ef:EF.HydrologisetHavaintopaikat_Virtaama_Q' url='https://paikkatiedot.ymparisto.fi/geoserver/inspire_ef/wfs' url='https://paikkatiedot.ymparisto.fi/geoserver/inspire_ef/wfs?request=GetCapabilities' version='auto',Satakunta
437,3932,"3508340",Matalusjoki,Q,Virtaama,"35.511",Jatkuva,,,6826556,305089,Hydrologiset havaintopaikat virtaama Q, pagingEnabled='true' preferCoordinatesForWfsT11='false' restrictToRequestBBOX='1' srsname='EPSG:3067' typename='inspire_ef:EF.HydrologisetHavaintopaikat_Virtaama_Q' url='https://paikkatiedot.ymparisto.fi/geoserver/inspire_ef/wfs' url='https://paikkatiedot.ymparisto.fi/geoserver/inspire_ef/wfs?request=GetCapabilities' version='auto',Pirkanmaa
438,3933,"3508370",Ruonanjoki,Q,Virtaama,"35.592",Jatkuva,,,6844593,311116,Hydrologiset havaintopaikat virtaama Q, pagingEnabled='true' preferCoordinatesForWfsT11='false' restrictToRequestBBOX='1' srsname='EPSG:3067' typename='inspire_ef:EF.HydrologisetHavaintopaikat_Virtaama_Q' url='https://paikkatiedot.ymparisto.fi/geoserver/inspire_ef/wfs' url='https://paikkatiedot.ymparisto.fi/geoserver/inspire_ef/wfs?request=GetCapabilities' version='auto',Pirkanmaa
439,3934,"3508390",Turkimusoja,Q,Virtaama,"35.515",Jatkuva,,,6843547,296503,Hydrologiset havaintopaikat virtaama Q, pagingEnabled='true' preferCoordinatesForWfsT11='false' restrictToRequestBBOX='1' srsname='EPSG:3067' typename='inspire_ef:EF.HydrologisetHavaintopaikat_Virtaama_Q' url='https://paikkatiedot.ymparisto.fi/geoserver/inspire_ef/wfs' url='https://paikkatiedot.ymparisto.fi/geoserver/inspire_ef/wfs?request=GetCapabilities' version='auto',Pirkanmaa
440,3939,"3503310",Vanajavesi - Lempäälän kanava,Q,Virtaama,"35.221",Jatkuva,01.01.2022,14.02.2026,6801514,325982,Hydrologiset havaintopaikat virtaama Q, pagingEnabled='true' preferCoordinatesForWfsT11='false' restrictToRequestBBOX='1' srsname='EPSG:3067' typename='inspire_ef:EF.HydrologisetHavaintopaikat_Virtaama_Q' url='https://paikkatiedot.ymparisto.fi/geoserver/inspire_ef/wfs' url='https://paikkatiedot.ymparisto.fi/geoserver/inspire_ef/wfs?request=GetCapabilities' version='auto',Pirkanmaa
441,3944,"4400012",Jääskänjärven kalatie,Q,Virtaama,"44.098",Jatkuva,25.10.2022,15.02.2026,6948664,308105,Hydrologiset havaintopaikat virtaama Q, pagingEnabled='true' preferCoordinatesForWfsT11='false' restrictToRequestBBOX='1' srsname='EPSG:3067' typename='inspire_ef:EF.HydrologisetHavaintopaikat_Virtaama_Q' url='https://paikkatiedot.ymparisto.fi/geoserver/inspire_ef/wfs' url='https://paikkatiedot.ymparisto.fi/geoserver/inspire_ef/wfs?request=GetCapabilities' version='auto',Etelä-Pohjanmaa
442,3945,"4207200",Kyrkösjärven täyttökanava,Q,Virtaama,"42.071",Jatkuva,24.07.2006,15.02.2026,6958854,287035,Hydrologiset havaintopaikat virtaama Q, pagingEnabled='true' preferCoordinatesForWfsT11='false' restrictToRequestBBOX='1' srsname='EPSG:3067' typename='inspire_ef:EF.HydrologisetHavaintopaikat_Virtaama_Q' url='https://paikkatiedot.ymparisto.fi/geoserver/inspire_ef/wfs' url='https://paikkatiedot.ymparisto.fi/geoserver/inspire_ef/wfs?request=GetCapabilities' version='auto',Etelä-Pohjanmaa
443,3947,"6502152","Juotas, ohijuoksutus",Q,Virtaama,"65.271",Jatkuva,,,7355695,497774,Hydrologiset havaintopaikat virtaama Q, pagingEnabled='true' preferCoordinatesForWfsT11='false' restrictToRequestBBOX='1' srsname='EPSG:3067' typename='inspire_ef:EF.HydrologisetHavaintopaikat_Virtaama_Q' url='https://paikkatiedot.ymparisto.fi/geoserver/inspire_ef/wfs' url='https://paikkatiedot.ymparisto.fi/geoserver/inspire_ef/wfs?request=GetCapabilities' version='auto',Lappi
444,3952,"4207100","Rengon pato, pohjapadon virtaama",Q,Virtaama,"42.071",Jatkuva,31.10.2022,15.02.2026,6958860,287056,Hydrologiset havaintopaikat virtaama Q, pagingEnabled='true' preferCoordinatesForWfsT11='false' restrictToRequestBBOX='1' srsname='EPSG:3067' typename='inspire_ef:EF.HydrologisetHavaintopaikat_Virtaama_Q' url='https://paikkatiedot.ymparisto.fi/geoserver/inspire_ef/wfs' url='https://paikkatiedot.ymparisto.fi/geoserver/inspire_ef/wfs?request=GetCapabilities' version='auto',Etelä-Pohjanmaa
445,3955,"2400401","Kiskonjoki, Koski, pato",Q,Virtaama,"24.021",Jatkuva,01.12.2022,15.02.2026,6677190,294080,Hydrologiset havaintopaikat virtaama Q, pagingEnabled='true' preferCoordinatesForWfsT11='false' restrictToRequestBBOX='1' srsname='EPSG:3067' typename='inspire_ef:EF.HydrologisetHavaintopaikat_Virtaama_Q' url='https://paikkatiedot.ymparisto.fi/geoserver/inspire_ef/wfs' url='https://paikkatiedot.ymparisto.fi/geoserver/inspire_ef/wfs?request=GetCapabilities' version='auto',Varsinais-Suomi
446,3956,"2400402","Kiskonjoki, Koski, kalatie",Q,Virtaama,"24.021",Jatkuva,10.02.2023,15.02.2026,6677336,294365,Hydrologiset havaintopaikat virtaama Q, pagingEnabled='true' preferCoordinatesForWfsT11='false' restrictToRequestBBOX='1' srsname='EPSG:3067' typename='inspire_ef:EF.HydrologisetHavaintopaikat_Virtaama_Q' url='https://paikkatiedot.ymparisto.fi/geoserver/inspire_ef/wfs' url='https://paikkatiedot.ymparisto.fi/geoserver/inspire_ef/wfs?request=GetCapabilities' version='auto',Uusimaa
447,3957,"3509870",Piilijoki,Q,Virtaama,"35.153",Jatkuva,04.04.2023,04.10.2023,6815469,261070,Hydrologiset havaintopaikat virtaama Q, pagingEnabled='true' preferCoordinatesForWfsT11='false' restrictToRequestBBOX='1' srsname='EPSG:3067' typename='inspire_ef:EF.HydrologisetHavaintopaikat_Virtaama_Q' url='https://paikkatiedot.ymparisto.fi/geoserver/inspire_ef/wfs' url='https://paikkatiedot.ymparisto.fi/geoserver/inspire_ef/wfs?request=GetCapabilities' version='auto',Satakunta
448,3960,"4900354",Kaitfors kalatie lisävesitysputki,Q,Virtaama,"49.022",Jatkuva,04.04.2023,15.02.2026,7067720,323233,Hydrologiset havaintopaikat virtaama Q, pagingEnabled='true' preferCoordinatesForWfsT11='false' restrictToRequestBBOX='1' srsname='EPSG:3067' typename='inspire_ef:EF.HydrologisetHavaintopaikat_Virtaama_Q' url='https://paikkatiedot.ymparisto.fi/geoserver/inspire_ef/wfs' url='https://paikkatiedot.ymparisto.fi/geoserver/inspire_ef/wfs?request=GetCapabilities' version='auto',Pohjanmaa
449,3968,"4802000",Djupsjön,Q,Virtaama,"48.004",Jatkuva,09.08.2024,15.02.2026,7046640,330960,Hydrologiset havaintopaikat virtaama Q, pagingEnabled='true' preferCoordinatesForWfsT11='false' restrictToRequestBBOX='1' srsname='EPSG:3067' typename='inspire_ef:EF.HydrologisetHavaintopaikat_Virtaama_Q' url='https://paikkatiedot.ymparisto.fi/geoserver/inspire_ef/wfs' url='https://paikkatiedot.ymparisto.fi/geoserver/inspire_ef/wfs?request=GetCapabilities' version='auto',Pohjanmaa
450,3969,"1403020","Haringan pato, virtaama",Q,Virtaama,"14.722",Jatkuva,,,6977855,492392,Hydrologiset havaintopaikat virtaama Q, pagingEnabled='true' preferCoordinatesForWfsT11='false' restrictToRequestBBOX='1' srsname='EPSG:3067' typename='inspire_ef:EF.HydrologisetHavaintopaikat_Virtaama_Q' url='https://paikkatiedot.ymparisto.fi/geoserver/inspire_ef/wfs' url='https://paikkatiedot.ymparisto.fi/geoserver/inspire_ef/wfs?request=GetCapabilities' version='auto',Pohjois-Savo
451,3973,"0300460","Hiitolanjoki, Kangaskoski",Q,Virtaama,"03.011",Jatkuva,01.09.2021,15.02.2026,6811039,628061,Hydrologiset havaintopaikat virtaama Q, pagingEnabled='true' preferCoordinatesForWfsT11='false' restrictToRequestBBOX='1' srsname='EPSG:3067' typename='inspire_ef:EF.HydrologisetHavaintopaikat_Virtaama_Q' url='https://paikkatiedot.ymparisto.fi/geoserver/inspire_ef/wfs' url='https://paikkatiedot.ymparisto.fi/geoserver/inspire_ef/wfs?request=GetCapabilities' version='auto',Etelä-Karjala
452,3975,"0912000","Urpalanjoki, Tohmonsilta",Q,Virtaama,"09.001",Jatkuva,02.09.1970,15.02.2026,6724906,549205,Hydrologiset havaintopaikat virtaama Q, pagingEnabled='true' preferCoordinatesForWfsT11='false' restrictToRequestBBOX='1' srsname='EPSG:3067' typename='inspire_ef:EF.HydrologisetHavaintopaikat_Virtaama_Q' url='https://paikkatiedot.ymparisto.fi/geoserver/inspire_ef/wfs' url='https://paikkatiedot.ymparisto.fi/geoserver/inspire_ef/wfs?request=GetCapabilities' version='auto',Kymenlaakso
453,3976,"0900400","Lastenlampi, luusua",Q,Virtaama,"09.002",Jatkuva,,,6733650,546610,Hydrologiset havaintopaikat virtaama Q, pagingEnabled='true' preferCoordinatesForWfsT11='false' restrictToRequestBBOX='1' srsname='EPSG:3067' typename='inspire_ef:EF.HydrologisetHavaintopaikat_Virtaama_Q' url='https://paikkatiedot.ymparisto.fi/geoserver/inspire_ef/wfs' url='https://paikkatiedot.ymparisto.fi/geoserver/inspire_ef/wfs?request=GetCapabilities' version='auto',Kymenlaakso
454,3987,"0409951",Maaveden voimalaitos,Q,Virtaama,"04.252",Jatkuva,,,6898707,529997,Hydrologiset havaintopaikat virtaama Q, pagingEnabled='true' preferCoordinatesForWfsT11='false' restrictToRequestBBOX='1' srsname='EPSG:3067' typename='inspire_ef:EF.HydrologisetHavaintopaikat_Virtaama_Q' url='https://paikkatiedot.ymparisto.fi/geoserver/inspire_ef/wfs' url='https://paikkatiedot.ymparisto.fi/geoserver/inspire_ef/wfs?request=GetCapabilities' version='auto',Pohjois-Savo
455,3988,"0409952",Vasaralankosken kalatie,Q,Virtaama,"04.252",Jatkuva,,,6896962,529361,Hydrologiset havaintopaikat virtaama Q, pagingEnabled='true' preferCoordinatesForWfsT11='false' restrictToRequestBBOX='1' srsname='EPSG:3067' typename='inspire_ef:EF.HydrologisetHavaintopaikat_Virtaama_Q' url='https://paikkatiedot.ymparisto.fi/geoserver/inspire_ef/wfs' url='https://paikkatiedot.ymparisto.fi/geoserver/inspire_ef/wfs?request=GetCapabilities' version='auto',Pohjois-Savo
456,3989,"0409953",Vasaralankosken säännöstelypato,Q,Virtaama,"04.252",Jatkuva,,,6896848,529293,Hydrologiset havaintopaikat virtaama Q, pagingEnabled='true' preferCoordinatesForWfsT11='false' restrictToRequestBBOX='1' srsname='EPSG:3067' typename='inspire_ef:EF.HydrologisetHavaintopaikat_Virtaama_Q' url='https://paikkatiedot.ymparisto.fi/geoserver/inspire_ef/wfs' url='https://paikkatiedot.ymparisto.fi/geoserver/inspire_ef/wfs?request=GetCapabilities' version='auto',Pohjois-Savo
457,3991,"6701200","Muonionjoki, Kolari",Q,Virtaama,"67.321",Jatkuva,,,7472185,361360,Hydrologiset havaintopaikat virtaama Q, pagingEnabled='true' preferCoordinatesForWfsT11='false' restrictToRequestBBOX='1' srsname='EPSG:3067' typename='inspire_ef:EF.HydrologisetHavaintopaikat_Virtaama_Q' url='https://paikkatiedot.ymparisto.fi/geoserver/inspire_ef/wfs' url='https://paikkatiedot.ymparisto.fi/geoserver/inspire_ef/wfs?request=GetCapabilities' version='auto',Lappi
458,3992,"2801200",Savojärvi,Q,Virtaama,"28.005",Jatkuva,21.09.2024,15.02.2026,6742699,248828,Hydrologiset havaintopaikat virtaama Q, pagingEnabled='true' preferCoordinatesForWfsT11='false' restrictToRequestBBOX='1' srsname='EPSG:3067' typename='inspire_ef:EF.HydrologisetHavaintopaikat_Virtaama_Q' url='https://paikkatiedot.ymparisto.fi/geoserver/inspire_ef/wfs' url='https://paikkatiedot.ymparisto.fi/geoserver/inspire_ef/wfs?request=GetCapabilities' version='auto',Varsinais-Suomi
459,3995,"1100705","Kantturakoski, kalatie",Q,Virtaama,"11.001",Jatkuva,30.04.2025,18.12.2025,6717045,537314,Hydrologiset havaintopaikat virtaama Q, pagingEnabled='true' preferCoordinatesForWfsT11='false' restrictToRequestBBOX='1' srsname='EPSG:3067' typename='inspire_ef:EF.HydrologisetHavaintopaikat_Virtaama_Q' url='https://paikkatiedot.ymparisto.fi/geoserver/inspire_ef/wfs' url='https://paikkatiedot.ymparisto.fi/geoserver/inspire_ef/wfs?request=GetCapabilities' version='auto',Kymenlaakso
460,4000,"3003000","Mynäjoki, Mietoinen Sillanpää",Q,Virtaama,"30.001",Jatkuva,,,6732312,221963,Hydrologiset havaintopaikat virtaama Q, pagingEnabled='true' preferCoordinatesForWfsT11='false' restrictToRequestBBOX='1' srsname='EPSG:3067' typename='inspire_ef:EF.HydrologisetHavaintopaikat_Virtaama_Q' url='https://paikkatiedot.ymparisto.fi/geoserver/inspire_ef/wfs' url='https://paikkatiedot.ymparisto.fi/geoserver/inspire_ef/wfs?request=GetCapabilities' version='auto',Varsinais-Suomi
461,4004,"8204701","Raisionjoki, Huhko",Q,Virtaama,"82.047",Jatkuva,,,6714091,235762,Hydrologiset havaintopaikat virtaama Q, pagingEnabled='true' preferCoordinatesForWfsT11='false' restrictToRequestBBOX='1' srsname='EPSG:3067' typename='inspire_ef:EF.HydrologisetHavaintopaikat_Virtaama_Q' url='https://paikkatiedot.ymparisto.fi/geoserver/inspire_ef/wfs' url='https://paikkatiedot.ymparisto.fi/geoserver/inspire_ef/wfs?request=GetCapabilities' version='auto',Varsinais-Suomi
462,4006,"3400510","Eurajoki, Eurajoen vanha jvp",Q,Virtaama,"34.01",Jatkuva,21.09.2024,15.02.2026,6796733,216712,Hydrologiset havaintopaikat virtaama Q, pagingEnabled='true' preferCoordinatesForWfsT11='false' restrictToRequestBBOX='1' srsname='EPSG:3067' typename='inspire_ef:EF.HydrologisetHavaintopaikat_Virtaama_Q' url='https://paikkatiedot.ymparisto.fi/geoserver/inspire_ef/wfs' url='https://paikkatiedot.ymparisto.fi/geoserver/inspire_ef/wfs?request=GetCapabilities' version='auto',Satakunta
463,899,"0400510","Jongunjoki, Viitakoski",Q,Virtaama,"04.432",Lopetettu,01.01.1965,31.12.1972,7051867,649728,Hydrologiset havaintopaikat virtaama Q lopetetut, pagingEnabled='true' preferCoordinatesForWfsT11='false' restrictToRequestBBOX='1' srsname='EPSG:3067' typename='inspire_ef:EF.HydrologisetHavaintopaikat_Virtaama_Q_lopetetut' url='https://paikkatiedot.ymparisto.fi/geoserver/inspire_ef/wfs' url='https://paikkatiedot.ymparisto.fi/geoserver/inspire_ef/wfs?request=GetCapabilities' version='auto',Pohjois-Karjala
464,902,"0400800","Lieksanjoki, Höpöttäjänvirta",Q,Virtaama,"04.422",Lopetettu,01.01.1937,31.12.1960,7026588,652025,Hydrologiset havaintopaikat virtaama Q lopetetut, pagingEnabled='true' preferCoordinatesForWfsT11='false' restrictToRequestBBOX='1' srsname='EPSG:3067' typename='inspire_ef:EF.HydrologisetHavaintopaikat_Virtaama_Q_lopetetut' url='https://paikkatiedot.ymparisto.fi/geoserver/inspire_ef/wfs' url='https://paikkatiedot.ymparisto.fi/geoserver/inspire_ef/wfs?request=GetCapabilities' version='auto',Pohjois-Karjala
465,904,"0401100","Saramojoki, Roukkajankoski",Q,Virtaama,"04.472",Lopetettu,12.08.1963,31.12.1973,7059048,603681,Hydrologiset havaintopaikat virtaama Q lopetetut, pagingEnabled='true' preferCoordinatesForWfsT11='false' restrictToRequestBBOX='1' srsname='EPSG:3067' typename='inspire_ef:EF.HydrologisetHavaintopaikat_Virtaama_Q_lopetetut' url='https://paikkatiedot.ymparisto.fi/geoserver/inspire_ef/wfs' url='https://paikkatiedot.ymparisto.fi/geoserver/inspire_ef/wfs?request=GetCapabilities' version='auto',Pohjois-Karjala
466,906,"0401300","Valtimonjoki, Kuokkastenkoski",Q,Virtaama,"04.461",Lopetettu,01.07.1943,31.12.1960,7047410,597161,Hydrologiset havaintopaikat virtaama Q lopetetut, pagingEnabled='true' preferCoordinatesForWfsT11='false' restrictToRequestBBOX='1' srsname='EPSG:3067' typename='inspire_ef:EF.HydrologisetHavaintopaikat_Virtaama_Q_lopetetut' url='https://paikkatiedot.ymparisto.fi/geoserver/inspire_ef/wfs' url='https://paikkatiedot.ymparisto.fi/geoserver/inspire_ef/wfs?request=GetCapabilities' version='auto',Pohjois-Karjala
467,911,"0402400","Koitajoki, Lylykoski",Q,Virtaama,"04.921",Lopetettu,01.01.1936,31.12.1958,6967212,691981,Hydrologiset havaintopaikat virtaama Q lopetetut, pagingEnabled='true' preferCoordinatesForWfsT11='false' restrictToRequestBBOX='1' srsname='EPSG:3067' typename='inspire_ef:EF.HydrologisetHavaintopaikat_Virtaama_Q_lopetetut' url='https://paikkatiedot.ymparisto.fi/geoserver/inspire_ef/wfs' url='https://paikkatiedot.ymparisto.fi/geoserver/inspire_ef/wfs?request=GetCapabilities' version='auto',Pohjois-Karjala
468,912,"0402410","Koitajoki, Lylykoski",Q,Virtaama,"04.921",Lopetettu,01.01.1959,31.12.1976,6967212,691981,Hydrologiset havaintopaikat virtaama Q lopetetut, pagingEnabled='true' preferCoordinatesForWfsT11='false' restrictToRequestBBOX='1' srsname='EPSG:3067' typename='inspire_ef:EF.HydrologisetHavaintopaikat_Virtaama_Q_lopetetut' url='https://paikkatiedot.ymparisto.fi/geoserver/inspire_ef/wfs' url='https://paikkatiedot.ymparisto.fi/geoserver/inspire_ef/wfs?request=GetCapabilities' version='auto',Pohjois-Karjala
469,913,"0402420","Koitajoki, Lylykoski",Q,Virtaama,"04.921",Lopetettu,01.01.1977,31.12.2009,6967212,691981,Hydrologiset havaintopaikat virtaama Q lopetetut, pagingEnabled='true' preferCoordinatesForWfsT11='false' restrictToRequestBBOX='1' srsname='EPSG:3067' typename='inspire_ef:EF.HydrologisetHavaintopaikat_Virtaama_Q_lopetetut' url='https://paikkatiedot.ymparisto.fi/geoserver/inspire_ef/wfs' url='https://paikkatiedot.ymparisto.fi/geoserver/inspire_ef/wfs?request=GetCapabilities' version='auto',Pohjois-Karjala
470,914,"0402700","Koitereenjoki, Hiiskoski",Q,Virtaama,"04.941",Lopetettu,01.01.1911,31.12.1954,6974618,684968,Hydrologiset havaintopaikat virtaama Q lopetetut, pagingEnabled='true' preferCoordinatesForWfsT11='false' restrictToRequestBBOX='1' srsname='EPSG:3067' typename='inspire_ef:EF.HydrologisetHavaintopaikat_Virtaama_Q_lopetetut' url='https://paikkatiedot.ymparisto.fi/geoserver/inspire_ef/wfs' url='https://paikkatiedot.ymparisto.fi/geoserver/inspire_ef/wfs?request=GetCapabilities' version='auto',Pohjois-Karjala
471,915,"0402710","Koitereenjoki, Hiiskoski",Q,Virtaama,"04.941",Lopetettu,01.01.1942,31.12.1954,6974618,684968,Hydrologiset havaintopaikat virtaama Q lopetetut, pagingEnabled='true' preferCoordinatesForWfsT11='false' restrictToRequestBBOX='1' srsname='EPSG:3067' typename='inspire_ef:EF.HydrologisetHavaintopaikat_Virtaama_Q_lopetetut' url='https://paikkatiedot.ymparisto.fi/geoserver/inspire_ef/wfs' url='https://paikkatiedot.ymparisto.fi/geoserver/inspire_ef/wfs?request=GetCapabilities' version='auto',Pohjois-Karjala
472,916,"0402800","Koitajoki, Siikakoski",Q,Virtaama,"04.913",Lopetettu,01.01.1937,15.09.1955,6975515,668618,Hydrologiset havaintopaikat virtaama Q lopetetut, pagingEnabled='true' preferCoordinatesForWfsT11='false' restrictToRequestBBOX='1' srsname='EPSG:3067' typename='inspire_ef:EF.HydrologisetHavaintopaikat_Virtaama_Q_lopetetut' url='https://paikkatiedot.ymparisto.fi/geoserver/inspire_ef/wfs' url='https://paikkatiedot.ymparisto.fi/geoserver/inspire_ef/wfs?request=GetCapabilities' version='auto',Pohjois-Karjala
473,918,"0402900","Pielisjoki, Häihä",Q,Virtaama,"04.342",Lopetettu,01.01.1901,31.12.1956,6968316,663127,Hydrologiset havaintopaikat virtaama Q lopetetut, pagingEnabled='true' preferCoordinatesForWfsT11='false' restrictToRequestBBOX='1' srsname='EPSG:3067' typename='inspire_ef:EF.HydrologisetHavaintopaikat_Virtaama_Q_lopetetut' url='https://paikkatiedot.ymparisto.fi/geoserver/inspire_ef/wfs' url='https://paikkatiedot.ymparisto.fi/geoserver/inspire_ef/wfs?request=GetCapabilities' version='auto',Pohjois-Karjala
474,920,"0403700","Pielisjoki, Jakokoski",Q,Virtaama,"04.341",Lopetettu,01.01.1911,31.12.1970,6961138,656710,Hydrologiset havaintopaikat virtaama Q lopetetut, pagingEnabled='true' preferCoordinatesForWfsT11='false' restrictToRequestBBOX='1' srsname='EPSG:3067' typename='inspire_ef:EF.HydrologisetHavaintopaikat_Virtaama_Q_lopetetut' url='https://paikkatiedot.ymparisto.fi/geoserver/inspire_ef/wfs' url='https://paikkatiedot.ymparisto.fi/geoserver/inspire_ef/wfs?request=GetCapabilities' version='auto',Pohjois-Karjala
475,922,"0404810",Höytiäinen - luusua,Q,Virtaama,"04.821",Lopetettu,01.01.1941,31.12.1957,6952727,635716,Hydrologiset havaintopaikat virtaama Q lopetetut, pagingEnabled='true' preferCoordinatesForWfsT11='false' restrictToRequestBBOX='1' srsname='EPSG:3067' typename='inspire_ef:EF.HydrologisetHavaintopaikat_Virtaama_Q_lopetetut' url='https://paikkatiedot.ymparisto.fi/geoserver/inspire_ef/wfs' url='https://paikkatiedot.ymparisto.fi/geoserver/inspire_ef/wfs?request=GetCapabilities' version='auto',Pohjois-Karjala
476,928,"0405300",Enonkoski,Q,Virtaama,"04.291",Lopetettu,01.01.1980,31.12.1984,6885710,600116,Hydrologiset havaintopaikat virtaama Q lopetetut, pagingEnabled='true' preferCoordinatesForWfsT11='false' restrictToRequestBBOX='1' srsname='EPSG:3067' typename='inspire_ef:EF.HydrologisetHavaintopaikat_Virtaama_Q_lopetetut' url='https://paikkatiedot.ymparisto.fi/geoserver/inspire_ef/wfs' url='https://paikkatiedot.ymparisto.fi/geoserver/inspire_ef/wfs?request=GetCapabilities' version='auto',Etelä-Savo
477,929,"0405360",Enonkoski,Q,Virtaama,"04.291",Lopetettu,01.01.1985,31.12.1995,6885710,600116,Hydrologiset havaintopaikat virtaama Q lopetetut, pagingEnabled='true' preferCoordinatesForWfsT11='false' restrictToRequestBBOX='1' srsname='EPSG:3067' typename='inspire_ef:EF.HydrologisetHavaintopaikat_Virtaama_Q_lopetetut' url='https://paikkatiedot.ymparisto.fi/geoserver/inspire_ef/wfs' url='https://paikkatiedot.ymparisto.fi/geoserver/inspire_ef/wfs?request=GetCapabilities' version='auto',Etelä-Savo
478,930,"0405440",Luupujoki,Q,Virtaama,"04.572",Lopetettu,01.01.1975,31.12.1997,7061606,490849,Hydrologiset havaintopaikat virtaama Q lopetetut, pagingEnabled='true' preferCoordinatesForWfsT11='false' restrictToRequestBBOX='1' srsname='EPSG:3067' typename='inspire_ef:EF.HydrologisetHavaintopaikat_Virtaama_Q_lopetetut' url='https://paikkatiedot.ymparisto.fi/geoserver/inspire_ef/wfs' url='https://paikkatiedot.ymparisto.fi/geoserver/inspire_ef/wfs?request=GetCapabilities' version='auto',Pohjois-Savo
479,932,"0406000",Sonkajärvi - luusua,Q,Virtaama,"04.583",Lopetettu,01.01.1966,31.12.1972,7063691,520743,Hydrologiset havaintopaikat virtaama Q lopetetut, pagingEnabled='true' preferCoordinatesForWfsT11='false' restrictToRequestBBOX='1' srsname='EPSG:3067' typename='inspire_ef:EF.HydrologisetHavaintopaikat_Virtaama_Q_lopetetut' url='https://paikkatiedot.ymparisto.fi/geoserver/inspire_ef/wfs' url='https://paikkatiedot.ymparisto.fi/geoserver/inspire_ef/wfs?request=GetCapabilities' version='auto',Pohjois-Savo
480,934,"0406200","Porovesi, Nerohvirta",Q,Virtaama,"04.512",Lopetettu,01.01.1911,31.12.1951,7036807,511196,Hydrologiset havaintopaikat virtaama Q lopetetut, pagingEnabled='true' preferCoordinatesForWfsT11='false' restrictToRequestBBOX='1' srsname='EPSG:3067' typename='inspire_ef:EF.HydrologisetHavaintopaikat_Virtaama_Q_lopetetut' url='https://paikkatiedot.ymparisto.fi/geoserver/inspire_ef/wfs' url='https://paikkatiedot.ymparisto.fi/geoserver/inspire_ef/wfs?request=GetCapabilities' version='auto',Pohjois-Savo
481,936,"0406400","Onkivesi, Viannonkoski",Q,Virtaama,"04.511",Lopetettu,01.01.1881,31.12.1951,7010012,510164,Hydrologiset havaintopaikat virtaama Q lopetetut, pagingEnabled='true' preferCoordinatesForWfsT11='false' restrictToRequestBBOX='1' srsname='EPSG:3067' typename='inspire_ef:EF.HydrologisetHavaintopaikat_Virtaama_Q_lopetetut' url='https://paikkatiedot.ymparisto.fi/geoserver/inspire_ef/wfs' url='https://paikkatiedot.ymparisto.fi/geoserver/inspire_ef/wfs?request=GetCapabilities' version='auto',Pohjois-Savo
482,940,"0406760","Laakajärvi, pato",Q,Virtaama,"04.644",Lopetettu,01.10.1961,31.12.1982,7078555,544040,Hydrologiset havaintopaikat virtaama Q lopetetut, pagingEnabled='true' preferCoordinatesForWfsT11='false' restrictToRequestBBOX='1' srsname='EPSG:3067' typename='inspire_ef:EF.HydrologisetHavaintopaikat_Virtaama_Q_lopetetut' url='https://paikkatiedot.ymparisto.fi/geoserver/inspire_ef/wfs' url='https://paikkatiedot.ymparisto.fi/geoserver/inspire_ef/wfs?request=GetCapabilities' version='auto',Pohjois-Savo
483,942,"0406900",Korpijärvi - luusua,Q,Virtaama,"04.642",Lopetettu,01.01.1917,31.12.1956,7035059,549089,Hydrologiset havaintopaikat virtaama Q lopetetut, pagingEnabled='true' preferCoordinatesForWfsT11='false' restrictToRequestBBOX='1' srsname='EPSG:3067' typename='inspire_ef:EF.HydrologisetHavaintopaikat_Virtaama_Q_lopetetut' url='https://paikkatiedot.ymparisto.fi/geoserver/inspire_ef/wfs' url='https://paikkatiedot.ymparisto.fi/geoserver/inspire_ef/wfs?request=GetCapabilities' version='auto',Pohjois-Savo
484,945,"0407200","Syväri, Lastukoski",Q,Virtaama,"04.631",Lopetettu,01.01.1911,31.12.1958,7009047,564162,Hydrologiset havaintopaikat virtaama Q lopetetut, pagingEnabled='true' preferCoordinatesForWfsT11='false' restrictToRequestBBOX='1' srsname='EPSG:3067' typename='inspire_ef:EF.HydrologisetHavaintopaikat_Virtaama_Q_lopetetut' url='https://paikkatiedot.ymparisto.fi/geoserver/inspire_ef/wfs' url='https://paikkatiedot.ymparisto.fi/geoserver/inspire_ef/wfs?request=GetCapabilities' version='auto',Pohjois-Savo
485,947,"0407300",Ala-Luosta - luusua,Q,Virtaama,"04.681",Lopetettu,01.01.1917,31.12.1991,7016560,573677,Hydrologiset havaintopaikat virtaama Q lopetetut, pagingEnabled='true' preferCoordinatesForWfsT11='false' restrictToRequestBBOX='1' srsname='EPSG:3067' typename='inspire_ef:EF.HydrologisetHavaintopaikat_Virtaama_Q_lopetetut' url='https://paikkatiedot.ymparisto.fi/geoserver/inspire_ef/wfs' url='https://paikkatiedot.ymparisto.fi/geoserver/inspire_ef/wfs?request=GetCapabilities' version='auto',Pohjois-Savo
486,948,"0407400",Keyritynjoki,Q,Virtaama,"04.672",Lopetettu,01.01.1965,31.12.1987,7023621,577238,Hydrologiset havaintopaikat virtaama Q lopetetut, pagingEnabled='true' preferCoordinatesForWfsT11='false' restrictToRequestBBOX='1' srsname='EPSG:3067' typename='inspire_ef:EF.HydrologisetHavaintopaikat_Virtaama_Q_lopetetut' url='https://paikkatiedot.ymparisto.fi/geoserver/inspire_ef/wfs' url='https://paikkatiedot.ymparisto.fi/geoserver/inspire_ef/wfs?request=GetCapabilities' version='auto',Pohjois-Savo
487,950,"0407630","Vuotjärvi, Juankoski",Q,Virtaama,"04.621",Lopetettu,01.01.1931,31.12.1960,6993874,567649,Hydrologiset havaintopaikat virtaama Q lopetetut, pagingEnabled='true' preferCoordinatesForWfsT11='false' restrictToRequestBBOX='1' srsname='EPSG:3067' typename='inspire_ef:EF.HydrologisetHavaintopaikat_Virtaama_Q_lopetetut' url='https://paikkatiedot.ymparisto.fi/geoserver/inspire_ef/wfs' url='https://paikkatiedot.ymparisto.fi/geoserver/inspire_ef/wfs?request=GetCapabilities' version='auto',Pohjois-Savo
488,952,"0407930",Räimänkoski,Q,Virtaama,"04.289",Lopetettu,29.03.1982,11.01.2018,6988075,531657,Hydrologiset havaintopaikat virtaama Q lopetetut, pagingEnabled='true' preferCoordinatesForWfsT11='false' restrictToRequestBBOX='1' srsname='EPSG:3067' typename='inspire_ef:EF.HydrologisetHavaintopaikat_Virtaama_Q_lopetetut' url='https://paikkatiedot.ymparisto.fi/geoserver/inspire_ef/wfs' url='https://paikkatiedot.ymparisto.fi/geoserver/inspire_ef/wfs?request=GetCapabilities' version='auto',Pohjois-Savo
489,953,"0408000","Kallavesi, Konnus",Q,Virtaama,"04.272",Lopetettu,01.01.1911,31.12.1930,6935678,539528,Hydrologiset havaintopaikat virtaama Q lopetetut, pagingEnabled='true' preferCoordinatesForWfsT11='false' restrictToRequestBBOX='1' srsname='EPSG:3067' typename='inspire_ef:EF.HydrologisetHavaintopaikat_Virtaama_Q_lopetetut' url='https://paikkatiedot.ymparisto.fi/geoserver/inspire_ef/wfs' url='https://paikkatiedot.ymparisto.fi/geoserver/inspire_ef/wfs?request=GetCapabilities' version='auto',Pohjois-Savo
490,957,"0408310",Kärenjärvi - luusua,Q,Virtaama,"04.742",Lopetettu,26.05.1986,31.08.1993,6989847,585504,Hydrologiset havaintopaikat virtaama Q lopetetut, pagingEnabled='true' preferCoordinatesForWfsT11='false' restrictToRequestBBOX='1' srsname='EPSG:3067' typename='inspire_ef:EF.HydrologisetHavaintopaikat_Virtaama_Q_lopetetut' url='https://paikkatiedot.ymparisto.fi/geoserver/inspire_ef/wfs' url='https://paikkatiedot.ymparisto.fi/geoserver/inspire_ef/wfs?request=GetCapabilities' version='auto',Pohjois-Savo
491,959,"0408600",Juojärvi - luusua,Q,Virtaama,"04.711",Lopetettu,01.01.1911,31.12.1930,6938823,586638,Hydrologiset havaintopaikat virtaama Q lopetetut, pagingEnabled='true' preferCoordinatesForWfsT11='false' restrictToRequestBBOX='1' srsname='EPSG:3067' typename='inspire_ef:EF.HydrologisetHavaintopaikat_Virtaama_Q_lopetetut' url='https://paikkatiedot.ymparisto.fi/geoserver/inspire_ef/wfs' url='https://paikkatiedot.ymparisto.fi/geoserver/inspire_ef/wfs?request=GetCapabilities' version='auto',Pohjois-Karjala
492,960,"0408610",Juojärvi - luusua,Q,Virtaama,"04.711",Lopetettu,01.01.1931,31.12.1960,6938823,586638,Hydrologiset havaintopaikat virtaama Q lopetetut, pagingEnabled='true' preferCoordinatesForWfsT11='false' restrictToRequestBBOX='1' srsname='EPSG:3067' typename='inspire_ef:EF.HydrologisetHavaintopaikat_Virtaama_Q_lopetetut' url='https://paikkatiedot.ymparisto.fi/geoserver/inspire_ef/wfs' url='https://paikkatiedot.ymparisto.fi/geoserver/inspire_ef/wfs?request=GetCapabilities' version='auto',Pohjois-Karjala
493,965,"0409600",Osmajärvi - luusua,Q,Virtaama,"04.262",Lopetettu,01.01.1964,31.12.1993,6913905,541467,Hydrologiset havaintopaikat virtaama Q lopetetut, pagingEnabled='true' preferCoordinatesForWfsT11='false' restrictToRequestBBOX='1' srsname='EPSG:3067' typename='inspire_ef:EF.HydrologisetHavaintopaikat_Virtaama_Q_lopetetut' url='https://paikkatiedot.ymparisto.fi/geoserver/inspire_ef/wfs' url='https://paikkatiedot.ymparisto.fi/geoserver/inspire_ef/wfs?request=GetCapabilities' version='auto',Pohjois-Savo
494,966,"0409900",Sysmäjärvi - luusua,Q,Virtaama,"04.252",Lopetettu,01.10.1946,31.12.1956,6897033,537320,Hydrologiset havaintopaikat virtaama Q lopetetut, pagingEnabled='true' preferCoordinatesForWfsT11='false' restrictToRequestBBOX='1' srsname='EPSG:3067' typename='inspire_ef:EF.HydrologisetHavaintopaikat_Virtaama_Q_lopetetut' url='https://paikkatiedot.ymparisto.fi/geoserver/inspire_ef/wfs' url='https://paikkatiedot.ymparisto.fi/geoserver/inspire_ef/wfs?request=GetCapabilities' version='auto',Pohjois-Savo
495,971,"0410420","Rautjärvi, Siikakoski",Q,Virtaama,"04.162",Lopetettu,01.01.1976,31.12.1992,6846247,536795,Hydrologiset havaintopaikat virtaama Q lopetetut, pagingEnabled='true' preferCoordinatesForWfsT11='false' restrictToRequestBBOX='1' srsname='EPSG:3067' typename='inspire_ef:EF.HydrologisetHavaintopaikat_Virtaama_Q_lopetetut' url='https://paikkatiedot.ymparisto.fi/geoserver/inspire_ef/wfs' url='https://paikkatiedot.ymparisto.fi/geoserver/inspire_ef/wfs?request=GetCapabilities' version='auto',Etelä-Savo
496,973,"0411200","Vuoksi, Imatra",Q,Virtaama,"04.111",Lopetettu,01.01.1847,31.12.1900,6787553,595831,Hydrologiset havaintopaikat virtaama Q lopetetut, pagingEnabled='true' preferCoordinatesForWfsT11='false' restrictToRequestBBOX='1' srsname='EPSG:3067' typename='inspire_ef:EF.HydrologisetHavaintopaikat_Virtaama_Q_lopetetut' url='https://paikkatiedot.ymparisto.fi/geoserver/inspire_ef/wfs' url='https://paikkatiedot.ymparisto.fi/geoserver/inspire_ef/wfs?request=GetCapabilities' version='auto',Etelä-Karjala
497,975,"0411750","Vuoksi, Imatra",Q,Virtaama,"04.191",Lopetettu,01.01.1898,31.12.1963,6782640,595462,Hydrologiset havaintopaikat virtaama Q lopetetut, pagingEnabled='true' preferCoordinatesForWfsT11='false' restrictToRequestBBOX='1' srsname='EPSG:3067' typename='inspire_ef:EF.HydrologisetHavaintopaikat_Virtaama_Q_lopetetut' url='https://paikkatiedot.ymparisto.fi/geoserver/inspire_ef/wfs' url='https://paikkatiedot.ymparisto.fi/geoserver/inspire_ef/wfs?request=GetCapabilities' version='auto',Etelä-Karjala
498,978,"1400400",Kolima - luusua,Q,Virtaama,"14.472",Lopetettu,01.01.1921,31.12.1950,7004793,446405,Hydrologiset havaintopaikat virtaama Q lopetetut, pagingEnabled='true' preferCoordinatesForWfsT11='false' restrictToRequestBBOX='1' srsname='EPSG:3067' typename='inspire_ef:EF.HydrologisetHavaintopaikat_Virtaama_Q_lopetetut' url='https://paikkatiedot.ymparisto.fi/geoserver/inspire_ef/wfs' url='https://paikkatiedot.ymparisto.fi/geoserver/inspire_ef/wfs?request=GetCapabilities' version='auto',Keski-Suomi
499,979,"1400500",Kolima - luusua,Q,Virtaama,"14.472",Lopetettu,01.01.1937,31.12.1951,7004793,446405,Hydrologiset havaintopaikat virtaama Q lopetetut, pagingEnabled='true' preferCoordinatesForWfsT11='false' restrictToRequestBBOX='1' srsname='EPSG:3067' typename='inspire_ef:EF.HydrologisetHavaintopaikat_Virtaama_Q_lopetetut' url='https://paikkatiedot.ymparisto.fi/geoserver/inspire_ef/wfs' url='https://paikkatiedot.ymparisto.fi/geoserver/inspire_ef/wfs?request=GetCapabilities' version='auto',Keski-Suomi
500,981,"1400710",Heitjärvi - luusua,Q,Virtaama,"14.446",Lopetettu,01.01.1964,31.12.1999,6996457,401793,Hydrologiset havaintopaikat virtaama Q lopetetut, pagingEnabled='true' preferCoordinatesForWfsT11='false' restrictToRequestBBOX='1' srsname='EPSG:3067' typename='inspire_ef:EF.HydrologisetHavaintopaikat_Virtaama_Q_lopetetut' url='https://paikkatiedot.ymparisto.fi/geoserver/inspire_ef/wfs' url='https://paikkatiedot.ymparisto.fi/geoserver/inspire_ef/wfs?request=GetCapabilities' version='auto',Keski-Suomi
501,990,"1401800",Saarijärvi - luusua,Q,Virtaama,"14.614",Lopetettu,01.01.1910,31.12.1961,6949767,411363,Hydrologiset havaintopaikat virtaama Q lopetetut, pagingEnabled='true' preferCoordinatesForWfsT11='false' restrictToRequestBBOX='1' srsname='EPSG:3067' typename='inspire_ef:EF.HydrologisetHavaintopaikat_Virtaama_Q_lopetetut' url='https://paikkatiedot.ymparisto.fi/geoserver/inspire_ef/wfs' url='https://paikkatiedot.ymparisto.fi/geoserver/inspire_ef/wfs?request=GetCapabilities' version='auto',Keski-Suomi
502,994,"1402100",Kiimasjärvi - luusua,Q,Virtaama,"14.612",Lopetettu,01.09.1909,31.12.1966,6942209,426439,Hydrologiset havaintopaikat virtaama Q lopetetut, pagingEnabled='true' preferCoordinatesForWfsT11='false' restrictToRequestBBOX='1' srsname='EPSG:3067' typename='inspire_ef:EF.HydrologisetHavaintopaikat_Virtaama_Q_lopetetut' url='https://paikkatiedot.ymparisto.fi/geoserver/inspire_ef/wfs' url='https://paikkatiedot.ymparisto.fi/geoserver/inspire_ef/wfs?request=GetCapabilities' version='auto',Keski-Suomi
503,995,"1402110",Naarajärvi - luusua,Q,Virtaama,"14.611",Lopetettu,12.05.1936,31.12.1981,6944678,430057,Hydrologiset havaintopaikat virtaama Q lopetetut, pagingEnabled='true' preferCoordinatesForWfsT11='false' restrictToRequestBBOX='1' srsname='EPSG:3067' typename='inspire_ef:EF.HydrologisetHavaintopaikat_Virtaama_Q_lopetetut' url='https://paikkatiedot.ymparisto.fi/geoserver/inspire_ef/wfs' url='https://paikkatiedot.ymparisto.fi/geoserver/inspire_ef/wfs?request=GetCapabilities' version='auto',Keski-Suomi
504,997,"1402200","Kuhnamo, Kapeenkoski",Q,Virtaama,"14.332",Lopetettu,01.01.1911,31.12.1992,6933832,440588,Hydrologiset havaintopaikat virtaama Q lopetetut, pagingEnabled='true' preferCoordinatesForWfsT11='false' restrictToRequestBBOX='1' srsname='EPSG:3067' typename='inspire_ef:EF.HydrologisetHavaintopaikat_Virtaama_Q_lopetetut' url='https://paikkatiedot.ymparisto.fi/geoserver/inspire_ef/wfs' url='https://paikkatiedot.ymparisto.fi/geoserver/inspire_ef/wfs?request=GetCapabilities' version='auto',Keski-Suomi
505,998,"1402210","Kuhnamo, Kapeenkoski",Q,Virtaama,"14.332",Lopetettu,01.01.1946,31.12.1987,6933733,440553,Hydrologiset havaintopaikat virtaama Q lopetetut, pagingEnabled='true' preferCoordinatesForWfsT11='false' restrictToRequestBBOX='1' srsname='EPSG:3067' typename='inspire_ef:EF.HydrologisetHavaintopaikat_Virtaama_Q_lopetetut' url='https://paikkatiedot.ymparisto.fi/geoserver/inspire_ef/wfs' url='https://paikkatiedot.ymparisto.fi/geoserver/inspire_ef/wfs?request=GetCapabilities' version='auto',Keski-Suomi
506,999,"1402300",Vatianjärvi - luusua,Q,Virtaama,"14.331",Lopetettu,01.01.1909,31.12.1977,6925637,445250,Hydrologiset havaintopaikat virtaama Q lopetetut, pagingEnabled='true' preferCoordinatesForWfsT11='false' restrictToRequestBBOX='1' srsname='EPSG:3067' typename='inspire_ef:EF.HydrologisetHavaintopaikat_Virtaama_Q_lopetetut' url='https://paikkatiedot.ymparisto.fi/geoserver/inspire_ef/wfs' url='https://paikkatiedot.ymparisto.fi/geoserver/inspire_ef/wfs?request=GetCapabilities' version='auto',Keski-Suomi
507,1000,"1402500",Koivujärvi - luusua,Q,Virtaama,"14.753",Lopetettu,01.01.1910,01.05.2005,7030967,469158,Hydrologiset havaintopaikat virtaama Q lopetetut, pagingEnabled='true' preferCoordinatesForWfsT11='false' restrictToRequestBBOX='1' srsname='EPSG:3067' typename='inspire_ef:EF.HydrologisetHavaintopaikat_Virtaama_Q_lopetetut' url='https://paikkatiedot.ymparisto.fi/geoserver/inspire_ef/wfs' url='https://paikkatiedot.ymparisto.fi/geoserver/inspire_ef/wfs?request=GetCapabilities' version='auto',Pohjois-Savo
508,1001,"1402510",Koivujoki,Q,Virtaama,"14.752",Lopetettu,01.01.1973,31.12.1974,7028657,470862,Hydrologiset havaintopaikat virtaama Q lopetetut, pagingEnabled='true' preferCoordinatesForWfsT11='false' restrictToRequestBBOX='1' srsname='EPSG:3067' typename='inspire_ef:EF.HydrologisetHavaintopaikat_Virtaama_Q_lopetetut' url='https://paikkatiedot.ymparisto.fi/geoserver/inspire_ef/wfs' url='https://paikkatiedot.ymparisto.fi/geoserver/inspire_ef/wfs?request=GetCapabilities' version='auto',Pohjois-Savo
509,1002,"1402520",Koivujoki,Q,Virtaama,"14.752",Lopetettu,01.01.1975,11.12.1994,7028657,470862,Hydrologiset havaintopaikat virtaama Q lopetetut, pagingEnabled='true' preferCoordinatesForWfsT11='false' restrictToRequestBBOX='1' srsname='EPSG:3067' typename='inspire_ef:EF.HydrologisetHavaintopaikat_Virtaama_Q_lopetetut' url='https://paikkatiedot.ymparisto.fi/geoserver/inspire_ef/wfs' url='https://paikkatiedot.ymparisto.fi/geoserver/inspire_ef/wfs?request=GetCapabilities' version='auto',Pohjois-Savo
510,1004,"1402900","Nilakka, Äyskoski",Q,Virtaama,"14.731",Lopetettu,01.01.1896,28.02.1994,6986943,483700,Hydrologiset havaintopaikat virtaama Q lopetetut, pagingEnabled='true' preferCoordinatesForWfsT11='false' restrictToRequestBBOX='1' srsname='EPSG:3067' typename='inspire_ef:EF.HydrologisetHavaintopaikat_Virtaama_Q_lopetetut' url='https://paikkatiedot.ymparisto.fi/geoserver/inspire_ef/wfs' url='https://paikkatiedot.ymparisto.fi/geoserver/inspire_ef/wfs?request=GetCapabilities' version='auto',Pohjois-Savo
511,1006,"1403310","Niinivesi, Nokisenkoski",Q,Virtaama,"14.721",Lopetettu,01.01.1929,28.02.1994,6953488,493851,Hydrologiset havaintopaikat virtaama Q lopetetut, pagingEnabled='true' preferCoordinatesForWfsT11='false' restrictToRequestBBOX='1' srsname='EPSG:3067' typename='inspire_ef:EF.HydrologisetHavaintopaikat_Virtaama_Q_lopetetut' url='https://paikkatiedot.ymparisto.fi/geoserver/inspire_ef/wfs' url='https://paikkatiedot.ymparisto.fi/geoserver/inspire_ef/wfs?request=GetCapabilities' version='auto',Pohjois-Savo
512,1009,"1404000",Vanginvesi - luusua,Q,Virtaama,"14.361",Lopetettu,01.01.1910,30.12.2007,6935084,460520,Hydrologiset havaintopaikat virtaama Q lopetetut, pagingEnabled='true' preferCoordinatesForWfsT11='false' restrictToRequestBBOX='1' srsname='EPSG:3067' typename='inspire_ef:EF.HydrologisetHavaintopaikat_Virtaama_Q_lopetetut' url='https://paikkatiedot.ymparisto.fi/geoserver/inspire_ef/wfs' url='https://paikkatiedot.ymparisto.fi/geoserver/inspire_ef/wfs?request=GetCapabilities' version='auto',Keski-Suomi
513,1010,"1404100","Kynsivesi, Simuna",Q,Virtaama,"14.352",Lopetettu,01.01.1910,31.12.1963,6916818,457286,Hydrologiset havaintopaikat virtaama Q lopetetut, pagingEnabled='true' preferCoordinatesForWfsT11='false' restrictToRequestBBOX='1' srsname='EPSG:3067' typename='inspire_ef:EF.HydrologisetHavaintopaikat_Virtaama_Q_lopetetut' url='https://paikkatiedot.ymparisto.fi/geoserver/inspire_ef/wfs' url='https://paikkatiedot.ymparisto.fi/geoserver/inspire_ef/wfs?request=GetCapabilities' version='auto',Keski-Suomi
514,1011,"1404110","Kynsivesi, Simuna",Q,Virtaama,"14.352",Lopetettu,01.01.1941,31.08.1978,6916818,457286,Hydrologiset havaintopaikat virtaama Q lopetetut, pagingEnabled='true' preferCoordinatesForWfsT11='false' restrictToRequestBBOX='1' srsname='EPSG:3067' typename='inspire_ef:EF.HydrologisetHavaintopaikat_Virtaama_Q_lopetetut' url='https://paikkatiedot.ymparisto.fi/geoserver/inspire_ef/wfs' url='https://paikkatiedot.ymparisto.fi/geoserver/inspire_ef/wfs?request=GetCapabilities' version='auto',Keski-Suomi
515,1014,"1404250",Venekoski,Q,Virtaama,"14.371",Lopetettu,01.03.1962,28.02.2007,6916210,467522,Hydrologiset havaintopaikat virtaama Q lopetetut, pagingEnabled='true' preferCoordinatesForWfsT11='false' restrictToRequestBBOX='1' srsname='EPSG:3067' typename='inspire_ef:EF.HydrologisetHavaintopaikat_Virtaama_Q_lopetetut' url='https://paikkatiedot.ymparisto.fi/geoserver/inspire_ef/wfs' url='https://paikkatiedot.ymparisto.fi/geoserver/inspire_ef/wfs?request=GetCapabilities' version='auto',Keski-Suomi
516,1016,"1404500",Leppävesi - luusua,Q,Virtaama,"14.311",Lopetettu,01.01.1910,31.12.1918,6901966,442223,Hydrologiset havaintopaikat virtaama Q lopetetut, pagingEnabled='true' preferCoordinatesForWfsT11='false' restrictToRequestBBOX='1' srsname='EPSG:3067' typename='inspire_ef:EF.HydrologisetHavaintopaikat_Virtaama_Q_lopetetut' url='https://paikkatiedot.ymparisto.fi/geoserver/inspire_ef/wfs' url='https://paikkatiedot.ymparisto.fi/geoserver/inspire_ef/wfs?request=GetCapabilities' version='auto',Keski-Suomi
517,1017,"1404510",Leppävesi - luusua,Q,Virtaama,"14.311",Lopetettu,01.01.1919,31.12.1946,6901966,442223,Hydrologiset havaintopaikat virtaama Q lopetetut, pagingEnabled='true' preferCoordinatesForWfsT11='false' restrictToRequestBBOX='1' srsname='EPSG:3067' typename='inspire_ef:EF.HydrologisetHavaintopaikat_Virtaama_Q_lopetetut' url='https://paikkatiedot.ymparisto.fi/geoserver/inspire_ef/wfs' url='https://paikkatiedot.ymparisto.fi/geoserver/inspire_ef/wfs?request=GetCapabilities' version='auto',Keski-Suomi
518,1023,"1405100",Salosjärvi - luusua,Q,Virtaama,"14.523",Lopetettu,01.01.1910,31.12.1991,6888389,404035,Hydrologiset havaintopaikat virtaama Q lopetetut, pagingEnabled='true' preferCoordinatesForWfsT11='false' restrictToRequestBBOX='1' srsname='EPSG:3067' typename='inspire_ef:EF.HydrologisetHavaintopaikat_Virtaama_Q_lopetetut' url='https://paikkatiedot.ymparisto.fi/geoserver/inspire_ef/wfs' url='https://paikkatiedot.ymparisto.fi/geoserver/inspire_ef/wfs?request=GetCapabilities' version='auto',Keski-Suomi
519,1026,"1405400","Lummene, Harmoistenoja",Q,Virtaama,"14.254",Lopetettu,01.01.1985,31.12.1995,6816547,400867,Hydrologiset havaintopaikat virtaama Q lopetetut, pagingEnabled='true' preferCoordinatesForWfsT11='false' restrictToRequestBBOX='1' srsname='EPSG:3067' typename='inspire_ef:EF.HydrologisetHavaintopaikat_Virtaama_Q_lopetetut' url='https://paikkatiedot.ymparisto.fi/geoserver/inspire_ef/wfs' url='https://paikkatiedot.ymparisto.fi/geoserver/inspire_ef/wfs?request=GetCapabilities' version='auto',Pirkanmaa
520,1027,"1405401","Lummene, Porraskoski",Q,Virtaama,"14.254",Lopetettu,01.01.1985,31.12.1995,6820693,390062,Hydrologiset havaintopaikat virtaama Q lopetetut, pagingEnabled='true' preferCoordinatesForWfsT11='false' restrictToRequestBBOX='1' srsname='EPSG:3067' typename='inspire_ef:EF.HydrologisetHavaintopaikat_Virtaama_Q_lopetetut' url='https://paikkatiedot.ymparisto.fi/geoserver/inspire_ef/wfs' url='https://paikkatiedot.ymparisto.fi/geoserver/inspire_ef/wfs?request=GetCapabilities' version='auto',Pirkanmaa
521,1031,"1406460",Päijännetunneli - Vantaa,Q,Virtaama,"21.094",Lopetettu,01.07.1982,31.12.1988,6724630,390746,Hydrologiset havaintopaikat virtaama Q lopetetut, pagingEnabled='true' preferCoordinatesForWfsT11='false' restrictToRequestBBOX='1' srsname='EPSG:3067' typename='inspire_ef:EF.HydrologisetHavaintopaikat_Virtaama_Q_lopetetut' url='https://paikkatiedot.ymparisto.fi/geoserver/inspire_ef/wfs' url='https://paikkatiedot.ymparisto.fi/geoserver/inspire_ef/wfs?request=GetCapabilities' version='auto',Uusimaa
522,1032,"1406500","Päijänne, Kalkkinen",Q,Virtaama,"14.211",Lopetettu,01.01.1911,31.12.1963,6794965,424637,Hydrologiset havaintopaikat virtaama Q lopetetut, pagingEnabled='true' preferCoordinatesForWfsT11='false' restrictToRequestBBOX='1' srsname='EPSG:3067' typename='inspire_ef:EF.HydrologisetHavaintopaikat_Virtaama_Q_lopetetut' url='https://paikkatiedot.ymparisto.fi/geoserver/inspire_ef/wfs' url='https://paikkatiedot.ymparisto.fi/geoserver/inspire_ef/wfs?request=GetCapabilities' version='auto',Päijät-Häme
523,1034,"1406566","Päijänne, Kalkkinen",Q,Virtaama,"14.211",Lopetettu,01.01.1964,31.12.1969,6794965,424637,Hydrologiset havaintopaikat virtaama Q lopetetut, pagingEnabled='true' preferCoordinatesForWfsT11='false' restrictToRequestBBOX='1' srsname='EPSG:3067' typename='inspire_ef:EF.HydrologisetHavaintopaikat_Virtaama_Q_lopetetut' url='https://paikkatiedot.ymparisto.fi/geoserver/inspire_ef/wfs' url='https://paikkatiedot.ymparisto.fi/geoserver/inspire_ef/wfs?request=GetCapabilities' version='auto',Päijät-Häme
524,1035,"1406800",Ala-Rieveli - luusua,Q,Virtaama,"14.171",Lopetettu,01.01.1934,31.12.2003,6791589,451487,Hydrologiset havaintopaikat virtaama Q lopetetut, pagingEnabled='true' preferCoordinatesForWfsT11='false' restrictToRequestBBOX='1' srsname='EPSG:3067' typename='inspire_ef:EF.HydrologisetHavaintopaikat_Virtaama_Q_lopetetut' url='https://paikkatiedot.ymparisto.fi/geoserver/inspire_ef/wfs' url='https://paikkatiedot.ymparisto.fi/geoserver/inspire_ef/wfs?request=GetCapabilities' version='auto',Päijät-Häme
525,1036,"1406900","Konnivesi, Vuolenkoski",Q,Virtaama,"14.131",Lopetettu,01.01.1909,31.12.1958,6771958,455918,Hydrologiset havaintopaikat virtaama Q lopetetut, pagingEnabled='true' preferCoordinatesForWfsT11='false' restrictToRequestBBOX='1' srsname='EPSG:3067' typename='inspire_ef:EF.HydrologisetHavaintopaikat_Virtaama_Q_lopetetut' url='https://paikkatiedot.ymparisto.fi/geoserver/inspire_ef/wfs' url='https://paikkatiedot.ymparisto.fi/geoserver/inspire_ef/wfs?request=GetCapabilities' version='auto',Päijät-Häme
526,1037,"1406920",Sylvöjärvi - luusua,Q,Virtaama,"14.161",Lopetettu,,,6761490,448076,Hydrologiset havaintopaikat virtaama Q lopetetut, pagingEnabled='true' preferCoordinatesForWfsT11='false' restrictToRequestBBOX='1' srsname='EPSG:3067' typename='inspire_ef:EF.HydrologisetHavaintopaikat_Virtaama_Q_lopetetut' url='https://paikkatiedot.ymparisto.fi/geoserver/inspire_ef/wfs' url='https://paikkatiedot.ymparisto.fi/geoserver/inspire_ef/wfs?request=GetCapabilities' version='auto',Päijät-Häme
527,1039,"1407000",Kaurakoski,Q,Virtaama,"14.122",Lopetettu,01.01.1901,31.12.1950,6754785,460366,Hydrologiset havaintopaikat virtaama Q lopetetut, pagingEnabled='true' preferCoordinatesForWfsT11='false' restrictToRequestBBOX='1' srsname='EPSG:3067' typename='inspire_ef:EF.HydrologisetHavaintopaikat_Virtaama_Q_lopetetut' url='https://paikkatiedot.ymparisto.fi/geoserver/inspire_ef/wfs' url='https://paikkatiedot.ymparisto.fi/geoserver/inspire_ef/wfs?request=GetCapabilities' version='auto',Päijät-Häme
528,1042,"1407401",Kyyvesi - luusua,Q,Virtaama,"14.931",Lopetettu,01.01.1910,31.12.1965,6865757,499777,Hydrologiset havaintopaikat virtaama Q lopetetut, pagingEnabled='true' preferCoordinatesForWfsT11='false' restrictToRequestBBOX='1' srsname='EPSG:3067' typename='inspire_ef:EF.HydrologisetHavaintopaikat_Virtaama_Q_lopetetut' url='https://paikkatiedot.ymparisto.fi/geoserver/inspire_ef/wfs' url='https://paikkatiedot.ymparisto.fi/geoserver/inspire_ef/wfs?request=GetCapabilities' version='auto',Etelä-Savo
529,1049,"1408400",Kamponen - luusua,Q,Virtaama,"14.911",Lopetettu,01.01.1910,31.12.1962,6769971,480354,Hydrologiset havaintopaikat virtaama Q lopetetut, pagingEnabled='true' preferCoordinatesForWfsT11='false' restrictToRequestBBOX='1' srsname='EPSG:3067' typename='inspire_ef:EF.HydrologisetHavaintopaikat_Virtaama_Q_lopetetut' url='https://paikkatiedot.ymparisto.fi/geoserver/inspire_ef/wfs' url='https://paikkatiedot.ymparisto.fi/geoserver/inspire_ef/wfs?request=GetCapabilities' version='auto',Kymenlaakso
530,1051,"1408800",Ylä-Kivijärvi - luusua,Q,Virtaama,"14.191",Lopetettu,01.01.1910,31.12.1961,6760371,529598,Hydrologiset havaintopaikat virtaama Q lopetetut, pagingEnabled='true' preferCoordinatesForWfsT11='false' restrictToRequestBBOX='1' srsname='EPSG:3067' typename='inspire_ef:EF.HydrologisetHavaintopaikat_Virtaama_Q_lopetetut' url='https://paikkatiedot.ymparisto.fi/geoserver/inspire_ef/wfs' url='https://paikkatiedot.ymparisto.fi/geoserver/inspire_ef/wfs?request=GetCapabilities' version='auto',Etelä-Karjala
531,1054,"1409410",Kuusankoski,Q,Virtaama,"14.115",Lopetettu,01.01.1909,30.09.1939,6752516,480938,Hydrologiset havaintopaikat virtaama Q lopetetut, pagingEnabled='true' preferCoordinatesForWfsT11='false' restrictToRequestBBOX='1' srsname='EPSG:3067' typename='inspire_ef:EF.HydrologisetHavaintopaikat_Virtaama_Q_lopetetut' url='https://paikkatiedot.ymparisto.fi/geoserver/inspire_ef/wfs' url='https://paikkatiedot.ymparisto.fi/geoserver/inspire_ef/wfs?request=GetCapabilities' version='auto',Kymenlaakso
532,1059,"1410100",Piirteenvirta,Q,Virtaama,"14.111",Lopetettu,01.01.1970,31.12.1991,6725877,487655,Hydrologiset havaintopaikat virtaama Q lopetetut, pagingEnabled='true' preferCoordinatesForWfsT11='false' restrictToRequestBBOX='1' srsname='EPSG:3067' typename='inspire_ef:EF.HydrologisetHavaintopaikat_Virtaama_Q_lopetetut' url='https://paikkatiedot.ymparisto.fi/geoserver/inspire_ef/wfs' url='https://paikkatiedot.ymparisto.fi/geoserver/inspire_ef/wfs?request=GetCapabilities' version='auto',Kymenlaakso
533,1062,"1410410",Pernoonkoski,Q,Virtaama,"14.111",Lopetettu,01.01.1970,29.02.1984,6713268,491671,Hydrologiset havaintopaikat virtaama Q lopetetut, pagingEnabled='true' preferCoordinatesForWfsT11='false' restrictToRequestBBOX='1' srsname='EPSG:3067' typename='inspire_ef:EF.HydrologisetHavaintopaikat_Virtaama_Q_lopetetut' url='https://paikkatiedot.ymparisto.fi/geoserver/inspire_ef/wfs' url='https://paikkatiedot.ymparisto.fi/geoserver/inspire_ef/wfs?request=GetCapabilities' version='auto',Kymenlaakso
534,1064,"1410480","Kymijoki, itähaara",Q,Virtaama,"14.111",Lopetettu,01.01.1954,30.04.1978,6709634,492514,Hydrologiset havaintopaikat virtaama Q lopetetut, pagingEnabled='true' preferCoordinatesForWfsT11='false' restrictToRequestBBOX='1' srsname='EPSG:3067' typename='inspire_ef:EF.HydrologisetHavaintopaikat_Virtaama_Q_lopetetut' url='https://paikkatiedot.ymparisto.fi/geoserver/inspire_ef/wfs' url='https://paikkatiedot.ymparisto.fi/geoserver/inspire_ef/wfs?request=GetCapabilities' version='auto',Kymenlaakso
535,1069,"1410820",Hirvivuolle,Q,Virtaama,"14.111",Lopetettu,01.01.1941,31.12.1991,6716321,484527,Hydrologiset havaintopaikat virtaama Q lopetetut, pagingEnabled='true' preferCoordinatesForWfsT11='false' restrictToRequestBBOX='1' srsname='EPSG:3067' typename='inspire_ef:EF.HydrologisetHavaintopaikat_Virtaama_Q_lopetetut' url='https://paikkatiedot.ymparisto.fi/geoserver/inspire_ef/wfs' url='https://paikkatiedot.ymparisto.fi/geoserver/inspire_ef/wfs?request=GetCapabilities' version='auto',Kymenlaakso
536,1071,"1410920",Villikkalanjoki,Q,Virtaama,"14.116",Lopetettu,01.01.1952,31.12.1964,6723128,478259,Hydrologiset havaintopaikat virtaama Q lopetetut, pagingEnabled='true' preferCoordinatesForWfsT11='false' restrictToRequestBBOX='1' srsname='EPSG:3067' typename='inspire_ef:EF.HydrologisetHavaintopaikat_Virtaama_Q_lopetetut' url='https://paikkatiedot.ymparisto.fi/geoserver/inspire_ef/wfs' url='https://paikkatiedot.ymparisto.fi/geoserver/inspire_ef/wfs?request=GetCapabilities' version='auto',Kymenlaakso
537,1072,"1410930",Villikkalanjoki,Q,Virtaama,"14.116",Lopetettu,01.01.1970,31.12.1987,6723128,478259,Hydrologiset havaintopaikat virtaama Q lopetetut, pagingEnabled='true' preferCoordinatesForWfsT11='false' restrictToRequestBBOX='1' srsname='EPSG:3067' typename='inspire_ef:EF.HydrologisetHavaintopaikat_Virtaama_Q_lopetetut' url='https://paikkatiedot.ymparisto.fi/geoserver/inspire_ef/wfs' url='https://paikkatiedot.ymparisto.fi/geoserver/inspire_ef/wfs?request=GetCapabilities' version='auto',Kymenlaakso
538,1077,"1800200",Kukonkoski,Q,Virtaama,"18.051",Lopetettu,01.01.1980,31.12.1988,6758587,424663,Hydrologiset havaintopaikat virtaama Q lopetetut, pagingEnabled='true' preferCoordinatesForWfsT11='false' restrictToRequestBBOX='1' srsname='EPSG:3067' typename='inspire_ef:EF.HydrologisetHavaintopaikat_Virtaama_Q_lopetetut' url='https://paikkatiedot.ymparisto.fi/geoserver/inspire_ef/wfs' url='https://paikkatiedot.ymparisto.fi/geoserver/inspire_ef/wfs?request=GetCapabilities' version='auto',Päijät-Häme
539,1080,"1800650",Strömsberg,Q,Virtaama,"18.012",Lopetettu,01.01.1991,31.08.1998,6701097,423026,Hydrologiset havaintopaikat virtaama Q lopetetut, pagingEnabled='true' preferCoordinatesForWfsT11='false' restrictToRequestBBOX='1' srsname='EPSG:3067' typename='inspire_ef:EF.HydrologisetHavaintopaikat_Virtaama_Q_lopetetut' url='https://paikkatiedot.ymparisto.fi/geoserver/inspire_ef/wfs' url='https://paikkatiedot.ymparisto.fi/geoserver/inspire_ef/wfs?request=GetCapabilities' version='auto',Uusimaa
540,1082,"1900300",Ridanfors,Q,Virtaama,"19.001",Lopetettu,01.01.1932,31.12.1965,6693401,420751,Hydrologiset havaintopaikat virtaama Q lopetetut, pagingEnabled='true' preferCoordinatesForWfsT11='false' restrictToRequestBBOX='1' srsname='EPSG:3067' typename='inspire_ef:EF.HydrologisetHavaintopaikat_Virtaama_Q_lopetetut' url='https://paikkatiedot.ymparisto.fi/geoserver/inspire_ef/wfs' url='https://paikkatiedot.ymparisto.fi/geoserver/inspire_ef/wfs?request=GetCapabilities' version='auto',Uusimaa
541,1086,"2100121",Ala-Suolijärvi - luusua,Q,Virtaama,"21.033",Lopetettu,01.01.1965,30.09.2004,6722649,371260,Hydrologiset havaintopaikat virtaama Q lopetetut, pagingEnabled='true' preferCoordinatesForWfsT11='false' restrictToRequestBBOX='1' srsname='EPSG:3067' typename='inspire_ef:EF.HydrologisetHavaintopaikat_Virtaama_Q_lopetetut' url='https://paikkatiedot.ymparisto.fi/geoserver/inspire_ef/wfs' url='https://paikkatiedot.ymparisto.fi/geoserver/inspire_ef/wfs?request=GetCapabilities' version='auto',Uusimaa
542,1094,"2101510",Hanala,Q,Virtaama,"21.092",Lopetettu,01.01.1940,31.12.1965,6688298,394158,Hydrologiset havaintopaikat virtaama Q lopetetut, pagingEnabled='true' preferCoordinatesForWfsT11='false' restrictToRequestBBOX='1' srsname='EPSG:3067' typename='inspire_ef:EF.HydrologisetHavaintopaikat_Virtaama_Q_lopetetut' url='https://paikkatiedot.ymparisto.fi/geoserver/inspire_ef/wfs' url='https://paikkatiedot.ymparisto.fi/geoserver/inspire_ef/wfs?request=GetCapabilities' version='auto',Uusimaa
543,1096,"2101600",Stenkulla,Q,Virtaama,"21.091",Lopetettu,06.05.1912,31.12.1927,6688298,394158,Hydrologiset havaintopaikat virtaama Q lopetetut, pagingEnabled='true' preferCoordinatesForWfsT11='false' restrictToRequestBBOX='1' srsname='EPSG:3067' typename='inspire_ef:EF.HydrologisetHavaintopaikat_Virtaama_Q_lopetetut' url='https://paikkatiedot.ymparisto.fi/geoserver/inspire_ef/wfs' url='https://paikkatiedot.ymparisto.fi/geoserver/inspire_ef/wfs?request=GetCapabilities' version='auto',Uusimaa
544,1099,"2200610",Siuntionjoki,Q,Virtaama,"22.002",Lopetettu,01.01.1969,14.08.1975,6670414,346445,Hydrologiset havaintopaikat virtaama Q lopetetut, pagingEnabled='true' preferCoordinatesForWfsT11='false' restrictToRequestBBOX='1' srsname='EPSG:3067' typename='inspire_ef:EF.HydrologisetHavaintopaikat_Virtaama_Q_lopetetut' url='https://paikkatiedot.ymparisto.fi/geoserver/inspire_ef/wfs' url='https://paikkatiedot.ymparisto.fi/geoserver/inspire_ef/wfs?request=GetCapabilities' version='auto',Uusimaa
545,1100,"2200620",Siuntionjoki,Q,Virtaama,"22.002",Lopetettu,01.01.1975,10.10.2000,6670414,346445,Hydrologiset havaintopaikat virtaama Q lopetetut, pagingEnabled='true' preferCoordinatesForWfsT11='false' restrictToRequestBBOX='1' srsname='EPSG:3067' typename='inspire_ef:EF.HydrologisetHavaintopaikat_Virtaama_Q_lopetetut' url='https://paikkatiedot.ymparisto.fi/geoserver/inspire_ef/wfs' url='https://paikkatiedot.ymparisto.fi/geoserver/inspire_ef/wfs?request=GetCapabilities' version='auto',Uusimaa
546,1102,"2300146",Keritty - luusua,Q,Virtaama,"23.054",Lopetettu,01.01.1971,31.12.1992,6731639,343415,Hydrologiset havaintopaikat virtaama Q lopetetut, pagingEnabled='true' preferCoordinatesForWfsT11='false' restrictToRequestBBOX='1' srsname='EPSG:3067' typename='inspire_ef:EF.HydrologisetHavaintopaikat_Virtaama_Q_lopetetut' url='https://paikkatiedot.ymparisto.fi/geoserver/inspire_ef/wfs' url='https://paikkatiedot.ymparisto.fi/geoserver/inspire_ef/wfs?request=GetCapabilities' version='auto',Kanta-Häme
547,1103,"2300156",Punelia - luusua,Q,Virtaama,"23.053",Lopetettu,01.01.1971,04.04.2016,6729324,348064,Hydrologiset havaintopaikat virtaama Q lopetetut, pagingEnabled='true' preferCoordinatesForWfsT11='false' restrictToRequestBBOX='1' srsname='EPSG:3067' typename='inspire_ef:EF.HydrologisetHavaintopaikat_Virtaama_Q_lopetetut' url='https://paikkatiedot.ymparisto.fi/geoserver/inspire_ef/wfs' url='https://paikkatiedot.ymparisto.fi/geoserver/inspire_ef/wfs?request=GetCapabilities' version='auto',Kanta-Häme
548,1104,"2300160",Sakara - luusua,Q,Virtaama,"23.053",Lopetettu,01.01.1971,31.12.1995,6726247,349474,Hydrologiset havaintopaikat virtaama Q lopetetut, pagingEnabled='true' preferCoordinatesForWfsT11='false' restrictToRequestBBOX='1' srsname='EPSG:3067' typename='inspire_ef:EF.HydrologisetHavaintopaikat_Virtaama_Q_lopetetut' url='https://paikkatiedot.ymparisto.fi/geoserver/inspire_ef/wfs' url='https://paikkatiedot.ymparisto.fi/geoserver/inspire_ef/wfs?request=GetCapabilities' version='auto',Kanta-Häme
549,1105,"2300250","Vanjoki, Nahkakoski",Q,Virtaama,"23.042",Lopetettu,01.01.1991,30.09.2006,6713612,347797,Hydrologiset havaintopaikat virtaama Q lopetetut, pagingEnabled='true' preferCoordinatesForWfsT11='false' restrictToRequestBBOX='1' srsname='EPSG:3067' typename='inspire_ef:EF.HydrologisetHavaintopaikat_Virtaama_Q_lopetetut' url='https://paikkatiedot.ymparisto.fi/geoserver/inspire_ef/wfs' url='https://paikkatiedot.ymparisto.fi/geoserver/inspire_ef/wfs?request=GetCapabilities' version='auto',Uusimaa
550,1108,"2301000",Landsbro,Q,Virtaama,"23.012",Lopetettu,01.01.1911,31.12.1954,6672314,324236,Hydrologiset havaintopaikat virtaama Q lopetetut, pagingEnabled='true' preferCoordinatesForWfsT11='false' restrictToRequestBBOX='1' srsname='EPSG:3067' typename='inspire_ef:EF.HydrologisetHavaintopaikat_Virtaama_Q_lopetetut' url='https://paikkatiedot.ymparisto.fi/geoserver/inspire_ef/wfs' url='https://paikkatiedot.ymparisto.fi/geoserver/inspire_ef/wfs?request=GetCapabilities' version='auto',Uusimaa
551,1118,"3000200",Mynäjoki,Q,Virtaama,"30.003",Lopetettu,01.01.1988,31.12.1991,6741306,232878,Hydrologiset havaintopaikat virtaama Q lopetetut, pagingEnabled='true' preferCoordinatesForWfsT11='false' restrictToRequestBBOX='1' srsname='EPSG:3067' typename='inspire_ef:EF.HydrologisetHavaintopaikat_Virtaama_Q_lopetetut' url='https://paikkatiedot.ymparisto.fi/geoserver/inspire_ef/wfs' url='https://paikkatiedot.ymparisto.fi/geoserver/inspire_ef/wfs?request=GetCapabilities' version='auto',Varsinais-Suomi
552,1121,"3300370",Lapinjoki - Rauman tehtaat,Q,Virtaama,"33.002",Lopetettu,01.01.1962,31.12.1992,6793238,213308,Hydrologiset havaintopaikat virtaama Q lopetetut, pagingEnabled='true' preferCoordinatesForWfsT11='false' restrictToRequestBBOX='1' srsname='EPSG:3067' typename='inspire_ef:EF.HydrologisetHavaintopaikat_Virtaama_Q_lopetetut' url='https://paikkatiedot.ymparisto.fi/geoserver/inspire_ef/wfs' url='https://paikkatiedot.ymparisto.fi/geoserver/inspire_ef/wfs?request=GetCapabilities' version='auto',Satakunta
553,1126,"3400350",Panelia,Q,Virtaama,"34.013",Lopetettu,01.01.1971,31.12.1985,6798142,230174,Hydrologiset havaintopaikat virtaama Q lopetetut, pagingEnabled='true' preferCoordinatesForWfsT11='false' restrictToRequestBBOX='1' srsname='EPSG:3067' typename='inspire_ef:EF.HydrologisetHavaintopaikat_Virtaama_Q_lopetetut' url='https://paikkatiedot.ymparisto.fi/geoserver/inspire_ef/wfs' url='https://paikkatiedot.ymparisto.fi/geoserver/inspire_ef/wfs?request=GetCapabilities' version='auto',Satakunta
554,1128,"3400470",Eurajoki -Lapinjoki,Q,Virtaama,"83.012",Lopetettu,01.01.1963,31.12.1992,6793238,213308,Hydrologiset havaintopaikat virtaama Q lopetetut, pagingEnabled='true' preferCoordinatesForWfsT11='false' restrictToRequestBBOX='1' srsname='EPSG:3067' typename='inspire_ef:EF.HydrologisetHavaintopaikat_Virtaama_Q_lopetetut' url='https://paikkatiedot.ymparisto.fi/geoserver/inspire_ef/wfs' url='https://paikkatiedot.ymparisto.fi/geoserver/inspire_ef/wfs?request=GetCapabilities' version='auto',Satakunta
555,1129,"3400500",Suutelankoski,Q,Virtaama,"34.011",Lopetettu,01.01.1965,31.12.1984,6797319,216093,Hydrologiset havaintopaikat virtaama Q lopetetut, pagingEnabled='true' preferCoordinatesForWfsT11='false' restrictToRequestBBOX='1' srsname='EPSG:3067' typename='inspire_ef:EF.HydrologisetHavaintopaikat_Virtaama_Q_lopetetut' url='https://paikkatiedot.ymparisto.fi/geoserver/inspire_ef/wfs' url='https://paikkatiedot.ymparisto.fi/geoserver/inspire_ef/wfs?request=GetCapabilities' version='auto',Satakunta
556,1130,"3500100",Juupajoki,Q,Virtaama,"35.751",Lopetettu,01.01.1911,31.12.1920,6844649,365748,Hydrologiset havaintopaikat virtaama Q lopetetut, pagingEnabled='true' preferCoordinatesForWfsT11='false' restrictToRequestBBOX='1' srsname='EPSG:3067' typename='inspire_ef:EF.HydrologisetHavaintopaikat_Virtaama_Q_lopetetut' url='https://paikkatiedot.ymparisto.fi/geoserver/inspire_ef/wfs' url='https://paikkatiedot.ymparisto.fi/geoserver/inspire_ef/wfs?request=GetCapabilities' version='auto',Pirkanmaa
557,1132,"3500400",Pitkävesi - luusua,Q,Virtaama,"35.761",Lopetettu,01.01.1911,31.12.1937,6836724,381475,Hydrologiset havaintopaikat virtaama Q lopetetut, pagingEnabled='true' preferCoordinatesForWfsT11='false' restrictToRequestBBOX='1' srsname='EPSG:3067' typename='inspire_ef:EF.HydrologisetHavaintopaikat_Virtaama_Q_lopetetut' url='https://paikkatiedot.ymparisto.fi/geoserver/inspire_ef/wfs' url='https://paikkatiedot.ymparisto.fi/geoserver/inspire_ef/wfs?request=GetCapabilities' version='auto',Pirkanmaa
558,1135,"3501050",Porraskoski,Q,Virtaama,"35.783",Lopetettu,01.01.1984,31.05.1987,6792343,389459,Hydrologiset havaintopaikat virtaama Q lopetetut, pagingEnabled='true' preferCoordinatesForWfsT11='false' restrictToRequestBBOX='1' srsname='EPSG:3067' typename='inspire_ef:EF.HydrologisetHavaintopaikat_Virtaama_Q_lopetetut' url='https://paikkatiedot.ymparisto.fi/geoserver/inspire_ef/wfs' url='https://paikkatiedot.ymparisto.fi/geoserver/inspire_ef/wfs?request=GetCapabilities' version='auto',Kanta-Häme
559,1142,"3502000","Puujoki, Leppäkoski",Q,Virtaama,"35.821",Lopetettu,01.01.1911,31.12.1937,6749388,375500,Hydrologiset havaintopaikat virtaama Q lopetetut, pagingEnabled='true' preferCoordinatesForWfsT11='false' restrictToRequestBBOX='1' srsname='EPSG:3067' typename='inspire_ef:EF.HydrologisetHavaintopaikat_Virtaama_Q_lopetetut' url='https://paikkatiedot.ymparisto.fi/geoserver/inspire_ef/wfs' url='https://paikkatiedot.ymparisto.fi/geoserver/inspire_ef/wfs?request=GetCapabilities' version='auto',Kanta-Häme
560,1143,"3502300",Haapajärvi - luusua,Q,Virtaama,"35.881",Lopetettu,01.01.1911,31.12.1952,6750771,364278,Hydrologiset havaintopaikat virtaama Q lopetetut, pagingEnabled='true' preferCoordinatesForWfsT11='false' restrictToRequestBBOX='1' srsname='EPSG:3067' typename='inspire_ef:EF.HydrologisetHavaintopaikat_Virtaama_Q_lopetetut' url='https://paikkatiedot.ymparisto.fi/geoserver/inspire_ef/wfs' url='https://paikkatiedot.ymparisto.fi/geoserver/inspire_ef/wfs?request=GetCapabilities' version='auto',Kanta-Häme
561,1144,"3502340",Hyvikkälänjoki,Q,Virtaama,"35.882",Lopetettu,03.11.1978,31.12.1991,6750740,364271,Hydrologiset havaintopaikat virtaama Q lopetetut, pagingEnabled='true' preferCoordinatesForWfsT11='false' restrictToRequestBBOX='1' srsname='EPSG:3067' typename='inspire_ef:EF.HydrologisetHavaintopaikat_Virtaama_Q_lopetetut' url='https://paikkatiedot.ymparisto.fi/geoserver/inspire_ef/wfs' url='https://paikkatiedot.ymparisto.fi/geoserver/inspire_ef/wfs?request=GetCapabilities' version='auto',Kanta-Häme
562,1145,"3503100",Tarpianjoki,Q,Virtaama,"35.281",Lopetettu,01.01.1911,31.12.1932,6789798,326608,Hydrologiset havaintopaikat virtaama Q lopetetut, pagingEnabled='true' preferCoordinatesForWfsT11='false' restrictToRequestBBOX='1' srsname='EPSG:3067' typename='inspire_ef:EF.HydrologisetHavaintopaikat_Virtaama_Q_lopetetut' url='https://paikkatiedot.ymparisto.fi/geoserver/inspire_ef/wfs' url='https://paikkatiedot.ymparisto.fi/geoserver/inspire_ef/wfs?request=GetCapabilities' version='auto',Pirkanmaa
563,1149,"3503900",Niemisvesi - luusua,Q,Virtaama,"35.471",Lopetettu,01.01.1911,31.12.1920,6941326,356872,Hydrologiset havaintopaikat virtaama Q lopetetut, pagingEnabled='true' preferCoordinatesForWfsT11='false' restrictToRequestBBOX='1' srsname='EPSG:3067' typename='inspire_ef:EF.HydrologisetHavaintopaikat_Virtaama_Q_lopetetut' url='https://paikkatiedot.ymparisto.fi/geoserver/inspire_ef/wfs' url='https://paikkatiedot.ymparisto.fi/geoserver/inspire_ef/wfs?request=GetCapabilities' version='auto',Etelä-Pohjanmaa
564,1150,"3504000",Ouluvesi - luusua,Q,Virtaama,"35.431",Lopetettu,01.01.1911,31.12.1935,6936043,347858,Hydrologiset havaintopaikat virtaama Q lopetetut, pagingEnabled='true' preferCoordinatesForWfsT11='false' restrictToRequestBBOX='1' srsname='EPSG:3067' typename='inspire_ef:EF.HydrologisetHavaintopaikat_Virtaama_Q_lopetetut' url='https://paikkatiedot.ymparisto.fi/geoserver/inspire_ef/wfs' url='https://paikkatiedot.ymparisto.fi/geoserver/inspire_ef/wfs?request=GetCapabilities' version='auto',Etelä-Pohjanmaa
565,1152,"3504100",Kahilanjärvi - luusua,Q,Virtaama,"35.423",Lopetettu,17.04.1956,31.12.1981,6919328,336123,Hydrologiset havaintopaikat virtaama Q lopetetut, pagingEnabled='true' preferCoordinatesForWfsT11='false' restrictToRequestBBOX='1' srsname='EPSG:3067' typename='inspire_ef:EF.HydrologisetHavaintopaikat_Virtaama_Q_lopetetut' url='https://paikkatiedot.ymparisto.fi/geoserver/inspire_ef/wfs' url='https://paikkatiedot.ymparisto.fi/geoserver/inspire_ef/wfs?request=GetCapabilities' version='auto',Pirkanmaa
566,1153,"3504400",Toisvesi - Herraskoski,Q,Virtaama,"35.421",Lopetettu,01.01.1904,31.12.1979,6908301,329655,Hydrologiset havaintopaikat virtaama Q lopetetut, pagingEnabled='true' preferCoordinatesForWfsT11='false' restrictToRequestBBOX='1' srsname='EPSG:3067' typename='inspire_ef:EF.HydrologisetHavaintopaikat_Virtaama_Q_lopetetut' url='https://paikkatiedot.ymparisto.fi/geoserver/inspire_ef/wfs' url='https://paikkatiedot.ymparisto.fi/geoserver/inspire_ef/wfs?request=GetCapabilities' version='auto',Pirkanmaa
567,1154,"3504700",Pihlajavesi - luusua,Q,Virtaama,"35.483",Lopetettu,01.01.1911,30.09.1986,6915587,362777,Hydrologiset havaintopaikat virtaama Q lopetetut, pagingEnabled='true' preferCoordinatesForWfsT11='false' restrictToRequestBBOX='1' srsname='EPSG:3067' typename='inspire_ef:EF.HydrologisetHavaintopaikat_Virtaama_Q_lopetetut' url='https://paikkatiedot.ymparisto.fi/geoserver/inspire_ef/wfs' url='https://paikkatiedot.ymparisto.fi/geoserver/inspire_ef/wfs?request=GetCapabilities' version='auto',Keski-Suomi
568,1156,"3505200",Sinerväjärvi - luusua,Q,Virtaama,"35.672",Lopetettu,01.01.1931,31.12.1999,6923630,383372,Hydrologiset havaintopaikat virtaama Q lopetetut, pagingEnabled='true' preferCoordinatesForWfsT11='false' restrictToRequestBBOX='1' srsname='EPSG:3067' typename='inspire_ef:EF.HydrologisetHavaintopaikat_Virtaama_Q_lopetetut' url='https://paikkatiedot.ymparisto.fi/geoserver/inspire_ef/wfs' url='https://paikkatiedot.ymparisto.fi/geoserver/inspire_ef/wfs?request=GetCapabilities' version='auto',Keski-Suomi
569,1161,"3506951","Tampere, Alakoski",Q,Virtaama,"35.211",Lopetettu,01.01.1970,31.08.1984,6822311,327753,Hydrologiset havaintopaikat virtaama Q lopetetut, pagingEnabled='true' preferCoordinatesForWfsT11='false' restrictToRequestBBOX='1' srsname='EPSG:3067' typename='inspire_ef:EF.HydrologisetHavaintopaikat_Virtaama_Q_lopetetut' url='https://paikkatiedot.ymparisto.fi/geoserver/inspire_ef/wfs' url='https://paikkatiedot.ymparisto.fi/geoserver/inspire_ef/wfs?request=GetCapabilities' version='auto',Pirkanmaa
570,1162,"3507300",Nokia,Q,Virtaama,"35.211",Lopetettu,01.01.1939,31.12.1952,6819491,310157,Hydrologiset havaintopaikat virtaama Q lopetetut, pagingEnabled='true' preferCoordinatesForWfsT11='false' restrictToRequestBBOX='1' srsname='EPSG:3067' typename='inspire_ef:EF.HydrologisetHavaintopaikat_Virtaama_Q_lopetetut' url='https://paikkatiedot.ymparisto.fi/geoserver/inspire_ef/wfs' url='https://paikkatiedot.ymparisto.fi/geoserver/inspire_ef/wfs?request=GetCapabilities' version='auto',Pirkanmaa
571,1164,"3507500",Nerkoonjärvi - luusua,Q,Virtaama,"35.538",Lopetettu,01.01.1931,08.09.1939,6900709,299708,Hydrologiset havaintopaikat virtaama Q lopetetut, pagingEnabled='true' preferCoordinatesForWfsT11='false' restrictToRequestBBOX='1' srsname='EPSG:3067' typename='inspire_ef:EF.HydrologisetHavaintopaikat_Virtaama_Q_lopetetut' url='https://paikkatiedot.ymparisto.fi/geoserver/inspire_ef/wfs' url='https://paikkatiedot.ymparisto.fi/geoserver/inspire_ef/wfs?request=GetCapabilities' version='auto',Pirkanmaa
572,1165,"3507600",Linnanjärvi - luusua,Q,Virtaama,"35.533",Lopetettu,01.01.1911,31.12.1957,6890400,294640,Hydrologiset havaintopaikat virtaama Q lopetetut, pagingEnabled='true' preferCoordinatesForWfsT11='false' restrictToRequestBBOX='1' srsname='EPSG:3067' typename='inspire_ef:EF.HydrologisetHavaintopaikat_Virtaama_Q_lopetetut' url='https://paikkatiedot.ymparisto.fi/geoserver/inspire_ef/wfs' url='https://paikkatiedot.ymparisto.fi/geoserver/inspire_ef/wfs?request=GetCapabilities' version='auto',Pirkanmaa
573,1167,"3507700",Parkanonjoki,Q,Virtaama,"35.531",Lopetettu,01.01.1931,31.12.1971,6869734,289500,Hydrologiset havaintopaikat virtaama Q lopetetut, pagingEnabled='true' preferCoordinatesForWfsT11='false' restrictToRequestBBOX='1' srsname='EPSG:3067' typename='inspire_ef:EF.HydrologisetHavaintopaikat_Virtaama_Q_lopetetut' url='https://paikkatiedot.ymparisto.fi/geoserver/inspire_ef/wfs' url='https://paikkatiedot.ymparisto.fi/geoserver/inspire_ef/wfs?request=GetCapabilities' version='auto',Pirkanmaa
574,1169,"3508000",Jämijärvi - luusua,Q,Virtaama,"35.541",Lopetettu,01.01.1931,31.12.1954,6859625,278325,Hydrologiset havaintopaikat virtaama Q lopetetut, pagingEnabled='true' preferCoordinatesForWfsT11='false' restrictToRequestBBOX='1' srsname='EPSG:3067' typename='inspire_ef:EF.HydrologisetHavaintopaikat_Virtaama_Q_lopetetut' url='https://paikkatiedot.ymparisto.fi/geoserver/inspire_ef/wfs' url='https://paikkatiedot.ymparisto.fi/geoserver/inspire_ef/wfs?request=GetCapabilities' version='auto',Satakunta
575,1170,"3508200",Kyröskoski,Q,Virtaama,"35.521",Lopetettu,01.01.1907,31.12.1933,6843083,298314,Hydrologiset havaintopaikat virtaama Q lopetetut, pagingEnabled='true' preferCoordinatesForWfsT11='false' restrictToRequestBBOX='1' srsname='EPSG:3067' typename='inspire_ef:EF.HydrologisetHavaintopaikat_Virtaama_Q_lopetetut' url='https://paikkatiedot.ymparisto.fi/geoserver/inspire_ef/wfs' url='https://paikkatiedot.ymparisto.fi/geoserver/inspire_ef/wfs?request=GetCapabilities' version='auto',Pirkanmaa
576,1172,"3508500",Mätikkö - luusua,Q,Virtaama,"35.161",Lopetettu,01.01.1911,31.12.1954,6824027,291607,Hydrologiset havaintopaikat virtaama Q lopetetut, pagingEnabled='true' preferCoordinatesForWfsT11='false' restrictToRequestBBOX='1' srsname='EPSG:3067' typename='inspire_ef:EF.HydrologisetHavaintopaikat_Virtaama_Q_lopetetut' url='https://paikkatiedot.ymparisto.fi/geoserver/inspire_ef/wfs' url='https://paikkatiedot.ymparisto.fi/geoserver/inspire_ef/wfs?request=GetCapabilities' version='auto',Pirkanmaa
577,1173,"3508700",Vammaskoski,Q,Virtaama,"35.131",Lopetettu,01.01.1911,31.12.1950,6808129,280976,Hydrologiset havaintopaikat virtaama Q lopetetut, pagingEnabled='true' preferCoordinatesForWfsT11='false' restrictToRequestBBOX='1' srsname='EPSG:3067' typename='inspire_ef:EF.HydrologisetHavaintopaikat_Virtaama_Q_lopetetut' url='https://paikkatiedot.ymparisto.fi/geoserver/inspire_ef/wfs' url='https://paikkatiedot.ymparisto.fi/geoserver/inspire_ef/wfs?request=GetCapabilities' version='auto',Pirkanmaa
578,1175,"3508800",Kiikka,Q,Virtaama,"35.123",Lopetettu,01.09.1902,31.12.1957,6805396,274388,Hydrologiset havaintopaikat virtaama Q lopetetut, pagingEnabled='true' preferCoordinatesForWfsT11='false' restrictToRequestBBOX='1' srsname='EPSG:3067' typename='inspire_ef:EF.HydrologisetHavaintopaikat_Virtaama_Q_lopetetut' url='https://paikkatiedot.ymparisto.fi/geoserver/inspire_ef/wfs' url='https://paikkatiedot.ymparisto.fi/geoserver/inspire_ef/wfs?request=GetCapabilities' version='auto',Pirkanmaa
579,1176,"3509050",Äetsä,Q,Virtaama,"35.123",Lopetettu,01.01.1940,31.12.1955,6801475,269351,Hydrologiset havaintopaikat virtaama Q lopetetut, pagingEnabled='true' preferCoordinatesForWfsT11='false' restrictToRequestBBOX='1' srsname='EPSG:3067' typename='inspire_ef:EF.HydrologisetHavaintopaikat_Virtaama_Q_lopetetut' url='https://paikkatiedot.ymparisto.fi/geoserver/inspire_ef/wfs' url='https://paikkatiedot.ymparisto.fi/geoserver/inspire_ef/wfs?request=GetCapabilities' version='auto',Pirkanmaa
580,1177,"3509051",Äetsä,Q,Virtaama,"35.123",Lopetettu,01.01.1949,31.12.1956,6801475,269351,Hydrologiset havaintopaikat virtaama Q lopetetut, pagingEnabled='true' preferCoordinatesForWfsT11='false' restrictToRequestBBOX='1' srsname='EPSG:3067' typename='inspire_ef:EF.HydrologisetHavaintopaikat_Virtaama_Q_lopetetut' url='https://paikkatiedot.ymparisto.fi/geoserver/inspire_ef/wfs' url='https://paikkatiedot.ymparisto.fi/geoserver/inspire_ef/wfs?request=GetCapabilities' version='auto',Pirkanmaa
581,1179,"3509120",Salkolanjärvi - luusua,Q,Virtaama,"35.983",Lopetettu,01.01.1975,31.12.1990,6726734,329713,Hydrologiset havaintopaikat virtaama Q lopetetut, pagingEnabled='true' preferCoordinatesForWfsT11='false' restrictToRequestBBOX='1' srsname='EPSG:3067' typename='inspire_ef:EF.HydrologisetHavaintopaikat_Virtaama_Q_lopetetut' url='https://paikkatiedot.ymparisto.fi/geoserver/inspire_ef/wfs' url='https://paikkatiedot.ymparisto.fi/geoserver/inspire_ef/wfs?request=GetCapabilities' version='auto',Varsinais-Suomi
582,1182,"3509200","Loimijoki, Vesikoski",Q,Virtaama,"35.921",Lopetettu,01.11.1910,31.12.1935,6753603,284194,Hydrologiset havaintopaikat virtaama Q lopetetut, pagingEnabled='true' preferCoordinatesForWfsT11='false' restrictToRequestBBOX='1' srsname='EPSG:3067' typename='inspire_ef:EF.HydrologisetHavaintopaikat_Virtaama_Q_lopetetut' url='https://paikkatiedot.ymparisto.fi/geoserver/inspire_ef/wfs' url='https://paikkatiedot.ymparisto.fi/geoserver/inspire_ef/wfs?request=GetCapabilities' version='auto',Varsinais-Suomi
583,1184,"3509400","Loimijoki, Maurialankoski",Q,Virtaama,"35.912",Lopetettu,01.01.1931,31.12.1984,6785965,268102,Hydrologiset havaintopaikat virtaama Q lopetetut, pagingEnabled='true' preferCoordinatesForWfsT11='false' restrictToRequestBBOX='1' srsname='EPSG:3067' typename='inspire_ef:EF.HydrologisetHavaintopaikat_Virtaama_Q_lopetetut' url='https://paikkatiedot.ymparisto.fi/geoserver/inspire_ef/wfs' url='https://paikkatiedot.ymparisto.fi/geoserver/inspire_ef/wfs?request=GetCapabilities' version='auto',Satakunta
584,1189,"3510600",Harjunpäänjoki,Q,Virtaama,"35.141",Lopetettu,01.01.1970,31.12.1991,6828604,228401,Hydrologiset havaintopaikat virtaama Q lopetetut, pagingEnabled='true' preferCoordinatesForWfsT11='false' restrictToRequestBBOX='1' srsname='EPSG:3067' typename='inspire_ef:EF.HydrologisetHavaintopaikat_Virtaama_Q_lopetetut' url='https://paikkatiedot.ymparisto.fi/geoserver/inspire_ef/wfs' url='https://paikkatiedot.ymparisto.fi/geoserver/inspire_ef/wfs?request=GetCapabilities' version='auto',Satakunta
585,1191,"3600850",Vatajankoski,Q,Virtaama,"36.031",Lopetettu,01.01.1990,04.11.2022,6875136,250212,Hydrologiset havaintopaikat virtaama Q lopetetut, pagingEnabled='true' preferCoordinatesForWfsT11='false' restrictToRequestBBOX='1' srsname='EPSG:3067' typename='inspire_ef:EF.HydrologisetHavaintopaikat_Virtaama_Q_lopetetut' url='https://paikkatiedot.ymparisto.fi/geoserver/inspire_ef/wfs' url='https://paikkatiedot.ymparisto.fi/geoserver/inspire_ef/wfs?request=GetCapabilities' version='auto',Satakunta
586,1193,"3602210","Eteläjoki, Maantiesilta",Q,Virtaama,"36.016",Lopetettu,08.09.1999,30.08.2013,6843239,223338,Hydrologiset havaintopaikat virtaama Q lopetetut, pagingEnabled='true' preferCoordinatesForWfsT11='false' restrictToRequestBBOX='1' srsname='EPSG:3067' typename='inspire_ef:EF.HydrologisetHavaintopaikat_Virtaama_Q_lopetetut' url='https://paikkatiedot.ymparisto.fi/geoserver/inspire_ef/wfs' url='https://paikkatiedot.ymparisto.fi/geoserver/inspire_ef/wfs?request=GetCapabilities' version='auto',Satakunta
587,1198,"3700400",Perus,Q,Virtaama,"37.013",Lopetettu,01.01.1970,31.12.1979,6912531,218679,Hydrologiset havaintopaikat virtaama Q lopetetut, pagingEnabled='true' preferCoordinatesForWfsT11='false' restrictToRequestBBOX='1' srsname='EPSG:3067' typename='inspire_ef:EF.HydrologisetHavaintopaikat_Virtaama_Q_lopetetut' url='https://paikkatiedot.ymparisto.fi/geoserver/inspire_ef/wfs' url='https://paikkatiedot.ymparisto.fi/geoserver/inspire_ef/wfs?request=GetCapabilities' version='auto',Pohjanmaa
588,1199,"3800900",Tiukka,Q,Virtaama,"38.001",Lopetettu,01.01.1972,31.08.1985,6920047,212460,Hydrologiset havaintopaikat virtaama Q lopetetut, pagingEnabled='true' preferCoordinatesForWfsT11='false' restrictToRequestBBOX='1' srsname='EPSG:3067' typename='inspire_ef:EF.HydrologisetHavaintopaikat_Virtaama_Q_lopetetut' url='https://paikkatiedot.ymparisto.fi/geoserver/inspire_ef/wfs' url='https://paikkatiedot.ymparisto.fi/geoserver/inspire_ef/wfs?request=GetCapabilities' version='auto',Pohjanmaa
589,1202,"4000900",Köpingsbro,Q,Virtaama,"40.002",Lopetettu,01.01.1972,31.12.1978,6991011,223519,Hydrologiset havaintopaikat virtaama Q lopetetut, pagingEnabled='true' preferCoordinatesForWfsT11='false' restrictToRequestBBOX='1' srsname='EPSG:3067' typename='inspire_ef:EF.HydrologisetHavaintopaikat_Virtaama_Q_lopetetut' url='https://paikkatiedot.ymparisto.fi/geoserver/inspire_ef/wfs' url='https://paikkatiedot.ymparisto.fi/geoserver/inspire_ef/wfs?request=GetCapabilities' version='auto',Pohjanmaa
590,1205,"4200100",Koskuejärvi - luusua,Q,Virtaama,"42.055",Lopetettu,18.06.1925,31.12.1966,6920995,285075,Hydrologiset havaintopaikat virtaama Q lopetetut, pagingEnabled='true' preferCoordinatesForWfsT11='false' restrictToRequestBBOX='1' srsname='EPSG:3067' typename='inspire_ef:EF.HydrologisetHavaintopaikat_Virtaama_Q_lopetetut' url='https://paikkatiedot.ymparisto.fi/geoserver/inspire_ef/wfs' url='https://paikkatiedot.ymparisto.fi/geoserver/inspire_ef/wfs?request=GetCapabilities' version='auto',Etelä-Pohjanmaa
591,1206,"4200200","Jalasjoki, Luopa",Q,Virtaama,"42.042",Lopetettu,01.01.1926,31.12.1947,6947293,267910,Hydrologiset havaintopaikat virtaama Q lopetetut, pagingEnabled='true' preferCoordinatesForWfsT11='false' restrictToRequestBBOX='1' srsname='EPSG:3067' typename='inspire_ef:EF.HydrologisetHavaintopaikat_Virtaama_Q_lopetetut' url='https://paikkatiedot.ymparisto.fi/geoserver/inspire_ef/wfs' url='https://paikkatiedot.ymparisto.fi/geoserver/inspire_ef/wfs?request=GetCapabilities' version='auto',Etelä-Pohjanmaa
592,1207,"4200210","Jalasjoki, Luopa",Q,Virtaama,"42.042",Lopetettu,01.06.1960,31.10.1964,6946656,271763,Hydrologiset havaintopaikat virtaama Q lopetetut, pagingEnabled='true' preferCoordinatesForWfsT11='false' restrictToRequestBBOX='1' srsname='EPSG:3067' typename='inspire_ef:EF.HydrologisetHavaintopaikat_Virtaama_Q_lopetetut' url='https://paikkatiedot.ymparisto.fi/geoserver/inspire_ef/wfs' url='https://paikkatiedot.ymparisto.fi/geoserver/inspire_ef/wfs?request=GetCapabilities' version='auto',Etelä-Pohjanmaa
593,1208,"4200220","Koskutjoki, Koskue",Q,Virtaama,"42.054",Lopetettu,22.06.1982,31.08.1984,6923504,284104,Hydrologiset havaintopaikat virtaama Q lopetetut, pagingEnabled='true' preferCoordinatesForWfsT11='false' restrictToRequestBBOX='1' srsname='EPSG:3067' typename='inspire_ef:EF.HydrologisetHavaintopaikat_Virtaama_Q_lopetetut' url='https://paikkatiedot.ymparisto.fi/geoserver/inspire_ef/wfs' url='https://paikkatiedot.ymparisto.fi/geoserver/inspire_ef/wfs?request=GetCapabilities' version='auto',Etelä-Pohjanmaa
594,1209,"4200230",Koskutjoki,Q,Virtaama,"42.054",Lopetettu,01.09.1984,16.09.2009,6924043,283721,Hydrologiset havaintopaikat virtaama Q lopetetut, pagingEnabled='true' preferCoordinatesForWfsT11='false' restrictToRequestBBOX='1' srsname='EPSG:3067' typename='inspire_ef:EF.HydrologisetHavaintopaikat_Virtaama_Q_lopetetut' url='https://paikkatiedot.ymparisto.fi/geoserver/inspire_ef/wfs' url='https://paikkatiedot.ymparisto.fi/geoserver/inspire_ef/wfs?request=GetCapabilities' version='auto',Etelä-Pohjanmaa
595,1211,"4200251","Kauhajoki, Jyllinkoski",Q,Virtaama,"42.041",Lopetettu,01.04.1959,31.12.1969,6947662,264404,Hydrologiset havaintopaikat virtaama Q lopetetut, pagingEnabled='true' preferCoordinatesForWfsT11='false' restrictToRequestBBOX='1' srsname='EPSG:3067' typename='inspire_ef:EF.HydrologisetHavaintopaikat_Virtaama_Q_lopetetut' url='https://paikkatiedot.ymparisto.fi/geoserver/inspire_ef/wfs' url='https://paikkatiedot.ymparisto.fi/geoserver/inspire_ef/wfs?request=GetCapabilities' version='auto',Etelä-Pohjanmaa
596,1216,"4400200",Nurmonjoki,Q,Virtaama,"44.091",Lopetettu,01.01.1933,31.05.1975,6974273,291842,Hydrologiset havaintopaikat virtaama Q lopetetut, pagingEnabled='true' preferCoordinatesForWfsT11='false' restrictToRequestBBOX='1' srsname='EPSG:3067' typename='inspire_ef:EF.HydrologisetHavaintopaikat_Virtaama_Q_lopetetut' url='https://paikkatiedot.ymparisto.fi/geoserver/inspire_ef/wfs' url='https://paikkatiedot.ymparisto.fi/geoserver/inspire_ef/wfs?request=GetCapabilities' version='auto',Etelä-Pohjanmaa
597,1219,"4400500",Pappilankari,Q,Virtaama,"44.021",Lopetettu,01.01.1931,30.09.1993,7020550,292241,Hydrologiset havaintopaikat virtaama Q lopetetut, pagingEnabled='true' preferCoordinatesForWfsT11='false' restrictToRequestBBOX='1' srsname='EPSG:3067' typename='inspire_ef:EF.HydrologisetHavaintopaikat_Virtaama_Q_lopetetut' url='https://paikkatiedot.ymparisto.fi/geoserver/inspire_ef/wfs' url='https://paikkatiedot.ymparisto.fi/geoserver/inspire_ef/wfs?request=GetCapabilities' version='auto',Etelä-Pohjanmaa
598,1220,"4400600",Keppo,Q,Virtaama,"44.012",Lopetettu,01.01.1931,31.12.1956,7020550,292241,Hydrologiset havaintopaikat virtaama Q lopetetut, pagingEnabled='true' preferCoordinatesForWfsT11='false' restrictToRequestBBOX='1' srsname='EPSG:3067' typename='inspire_ef:EF.HydrologisetHavaintopaikat_Virtaama_Q_lopetetut' url='https://paikkatiedot.ymparisto.fi/geoserver/inspire_ef/wfs' url='https://paikkatiedot.ymparisto.fi/geoserver/inspire_ef/wfs?request=GetCapabilities' version='auto',Etelä-Pohjanmaa
599,1224,"4700300",Lappajärvi - luusua,Q,Virtaama,"47.031",Lopetettu,01.01.1931,31.12.1964,7019147,331174,Hydrologiset havaintopaikat virtaama Q lopetetut, pagingEnabled='true' preferCoordinatesForWfsT11='false' restrictToRequestBBOX='1' srsname='EPSG:3067' typename='inspire_ef:EF.HydrologisetHavaintopaikat_Virtaama_Q_lopetetut' url='https://paikkatiedot.ymparisto.fi/geoserver/inspire_ef/wfs' url='https://paikkatiedot.ymparisto.fi/geoserver/inspire_ef/wfs?request=GetCapabilities' version='auto',Etelä-Pohjanmaa
600,1226,"4700410",Evijärvi - luusua,Q,Virtaama,"47.021",Lopetettu,01.01.1933,31.12.1954,7039340,318870,Hydrologiset havaintopaikat virtaama Q lopetetut, pagingEnabled='true' preferCoordinatesForWfsT11='false' restrictToRequestBBOX='1' srsname='EPSG:3067' typename='inspire_ef:EF.HydrologisetHavaintopaikat_Virtaama_Q_lopetetut' url='https://paikkatiedot.ymparisto.fi/geoserver/inspire_ef/wfs' url='https://paikkatiedot.ymparisto.fi/geoserver/inspire_ef/wfs?request=GetCapabilities' version='auto',Etelä-Pohjanmaa
601,1228,"4700550",Björkfors,Q,Virtaama,"47.014",Lopetettu,01.01.1967,30.04.1998,7049258,311557,Hydrologiset havaintopaikat virtaama Q lopetetut, pagingEnabled='true' preferCoordinatesForWfsT11='false' restrictToRequestBBOX='1' srsname='EPSG:3067' typename='inspire_ef:EF.HydrologisetHavaintopaikat_Virtaama_Q_lopetetut' url='https://paikkatiedot.ymparisto.fi/geoserver/inspire_ef/wfs' url='https://paikkatiedot.ymparisto.fi/geoserver/inspire_ef/wfs?request=GetCapabilities' version='auto',Pohjanmaa
602,1233,"4900400",Pelon silta,Q,Virtaama,"49.021",Lopetettu,01.01.1968,31.12.1982,7074343,318221,Hydrologiset havaintopaikat virtaama Q lopetetut, pagingEnabled='true' preferCoordinatesForWfsT11='false' restrictToRequestBBOX='1' srsname='EPSG:3067' typename='inspire_ef:EF.HydrologisetHavaintopaikat_Virtaama_Q_lopetetut' url='https://paikkatiedot.ymparisto.fi/geoserver/inspire_ef/wfs' url='https://paikkatiedot.ymparisto.fi/geoserver/inspire_ef/wfs?request=GetCapabilities' version='auto',Pohjanmaa
603,1234,"4900500",Perho,Q,Virtaama,"49.011",Lopetettu,01.01.1951,31.12.1967,7084684,315406,Hydrologiset havaintopaikat virtaama Q lopetetut, pagingEnabled='true' preferCoordinatesForWfsT11='false' restrictToRequestBBOX='1' srsname='EPSG:3067' typename='inspire_ef:EF.HydrologisetHavaintopaikat_Virtaama_Q_lopetetut' url='https://paikkatiedot.ymparisto.fi/geoserver/inspire_ef/wfs' url='https://paikkatiedot.ymparisto.fi/geoserver/inspire_ef/wfs?request=GetCapabilities' version='auto',Keski-Pohjanmaa
604,1236,"5000400",Jatkojoki,Q,Virtaama,"50.001",Lopetettu,01.01.1950,31.12.1963,7090607,318916,Hydrologiset havaintopaikat virtaama Q lopetetut, pagingEnabled='true' preferCoordinatesForWfsT11='false' restrictToRequestBBOX='1' srsname='EPSG:3067' typename='inspire_ef:EF.HydrologisetHavaintopaikat_Virtaama_Q_lopetetut' url='https://paikkatiedot.ymparisto.fi/geoserver/inspire_ef/wfs' url='https://paikkatiedot.ymparisto.fi/geoserver/inspire_ef/wfs?request=GetCapabilities' version='auto',Keski-Pohjanmaa
605,1238,"5100300",Kannus,Q,Virtaama,"51.021",Lopetettu,01.01.1911,31.12.1975,7089887,348881,Hydrologiset havaintopaikat virtaama Q lopetetut, pagingEnabled='true' preferCoordinatesForWfsT11='false' restrictToRequestBBOX='1' srsname='EPSG:3067' typename='inspire_ef:EF.HydrologisetHavaintopaikat_Virtaama_Q_lopetetut' url='https://paikkatiedot.ymparisto.fi/geoserver/inspire_ef/wfs' url='https://paikkatiedot.ymparisto.fi/geoserver/inspire_ef/wfs?request=GetCapabilities' version='auto',Keski-Pohjanmaa
606,1240,"5300100",Reisjärvi - luusua,Q,Virtaama,"53.053",Lopetettu,01.01.1951,31.12.1954,7056803,401927,Hydrologiset havaintopaikat virtaama Q lopetetut, pagingEnabled='true' preferCoordinatesForWfsT11='false' restrictToRequestBBOX='1' srsname='EPSG:3067' typename='inspire_ef:EF.HydrologisetHavaintopaikat_Virtaama_Q_lopetetut' url='https://paikkatiedot.ymparisto.fi/geoserver/inspire_ef/wfs' url='https://paikkatiedot.ymparisto.fi/geoserver/inspire_ef/wfs?request=GetCapabilities' version='auto',Pohjois-Pohjanmaa
607,1244,"5300200",Haapajärvi - luusua,Q,Virtaama,"53.043",Lopetettu,01.01.1931,31.12.1976,7073246,416016,Hydrologiset havaintopaikat virtaama Q lopetetut, pagingEnabled='true' preferCoordinatesForWfsT11='false' restrictToRequestBBOX='1' srsname='EPSG:3067' typename='inspire_ef:EF.HydrologisetHavaintopaikat_Virtaama_Q_lopetetut' url='https://paikkatiedot.ymparisto.fi/geoserver/inspire_ef/wfs' url='https://paikkatiedot.ymparisto.fi/geoserver/inspire_ef/wfs?request=GetCapabilities' version='auto',Pohjois-Pohjanmaa
608,1249,"5300500",Raudaskoski,Q,Virtaama,"53.033",Lopetettu,01.01.1912,31.12.1978,7096388,391547,Hydrologiset havaintopaikat virtaama Q lopetetut, pagingEnabled='true' preferCoordinatesForWfsT11='false' restrictToRequestBBOX='1' srsname='EPSG:3067' typename='inspire_ef:EF.HydrologisetHavaintopaikat_Virtaama_Q_lopetetut' url='https://paikkatiedot.ymparisto.fi/geoserver/inspire_ef/wfs' url='https://paikkatiedot.ymparisto.fi/geoserver/inspire_ef/wfs?request=GetCapabilities' version='auto',Pohjois-Pohjanmaa
609,1251,"5300600",Olmanvirta,Q,Virtaama,"53.022",Lopetettu,01.01.1941,28.02.1981,7108940,378356,Hydrologiset havaintopaikat virtaama Q lopetetut, pagingEnabled='true' preferCoordinatesForWfsT11='false' restrictToRequestBBOX='1' srsname='EPSG:3067' typename='inspire_ef:EF.HydrologisetHavaintopaikat_Virtaama_Q_lopetetut' url='https://paikkatiedot.ymparisto.fi/geoserver/inspire_ef/wfs' url='https://paikkatiedot.ymparisto.fi/geoserver/inspire_ef/wfs?request=GetCapabilities' version='auto',Pohjois-Pohjanmaa
610,1254,"5300800",Hihnalankoski,Q,Virtaama,"53.021",Lopetettu,01.01.1911,30.09.1976,7122955,357205,Hydrologiset havaintopaikat virtaama Q lopetetut, pagingEnabled='true' preferCoordinatesForWfsT11='false' restrictToRequestBBOX='1' srsname='EPSG:3067' typename='inspire_ef:EF.HydrologisetHavaintopaikat_Virtaama_Q_lopetetut' url='https://paikkatiedot.ymparisto.fi/geoserver/inspire_ef/wfs' url='https://paikkatiedot.ymparisto.fi/geoserver/inspire_ef/wfs?request=GetCapabilities' version='auto',Pohjois-Pohjanmaa
611,1257,"5400200",Haapajärvi - luusua,Q,Virtaama,"54.022",Lopetettu,01.01.1931,31.12.1960,7113910,417512,Hydrologiset havaintopaikat virtaama Q lopetetut, pagingEnabled='true' preferCoordinatesForWfsT11='false' restrictToRequestBBOX='1' srsname='EPSG:3067' typename='inspire_ef:EF.HydrologisetHavaintopaikat_Virtaama_Q_lopetetut' url='https://paikkatiedot.ymparisto.fi/geoserver/inspire_ef/wfs' url='https://paikkatiedot.ymparisto.fi/geoserver/inspire_ef/wfs?request=GetCapabilities' version='auto',Pohjois-Pohjanmaa
612,1258,"5400210",Mieluskoski,Q,Virtaama,"54.022",Lopetettu,01.01.1981,31.12.1991,7117301,410665,Hydrologiset havaintopaikat virtaama Q lopetetut, pagingEnabled='true' preferCoordinatesForWfsT11='false' restrictToRequestBBOX='1' srsname='EPSG:3067' typename='inspire_ef:EF.HydrologisetHavaintopaikat_Virtaama_Q_lopetetut' url='https://paikkatiedot.ymparisto.fi/geoserver/inspire_ef/wfs' url='https://paikkatiedot.ymparisto.fi/geoserver/inspire_ef/wfs?request=GetCapabilities' version='auto',Pohjois-Pohjanmaa
613,1260,"5400300",Napurinkallio,Q,Virtaama,"54.012",Lopetettu,01.01.1963,31.12.1971,7134109,380179,Hydrologiset havaintopaikat virtaama Q lopetetut, pagingEnabled='true' preferCoordinatesForWfsT11='false' restrictToRequestBBOX='1' srsname='EPSG:3067' typename='inspire_ef:EF.HydrologisetHavaintopaikat_Virtaama_Q_lopetetut' url='https://paikkatiedot.ymparisto.fi/geoserver/inspire_ef/wfs' url='https://paikkatiedot.ymparisto.fi/geoserver/inspire_ef/wfs?request=GetCapabilities' version='auto',Pohjois-Pohjanmaa
614,1261,"5400400",Pyhänkoski,Q,Virtaama,"54.012",Lopetettu,01.01.1912,31.12.1981,7138813,375298,Hydrologiset havaintopaikat virtaama Q lopetetut, pagingEnabled='true' preferCoordinatesForWfsT11='false' restrictToRequestBBOX='1' srsname='EPSG:3067' typename='inspire_ef:EF.HydrologisetHavaintopaikat_Virtaama_Q_lopetetut' url='https://paikkatiedot.ymparisto.fi/geoserver/inspire_ef/wfs' url='https://paikkatiedot.ymparisto.fi/geoserver/inspire_ef/wfs?request=GetCapabilities' version='auto',Pohjois-Pohjanmaa
615,1266,"5700200",Sipola,Q,Virtaama,"57.022",Lopetettu,01.01.1936,31.12.1970,7144841,441692,Hydrologiset havaintopaikat virtaama Q lopetetut, pagingEnabled='true' preferCoordinatesForWfsT11='false' restrictToRequestBBOX='1' srsname='EPSG:3067' typename='inspire_ef:EF.HydrologisetHavaintopaikat_Virtaama_Q_lopetetut' url='https://paikkatiedot.ymparisto.fi/geoserver/inspire_ef/wfs' url='https://paikkatiedot.ymparisto.fi/geoserver/inspire_ef/wfs?request=GetCapabilities' version='auto',Pohjois-Pohjanmaa
616,1273,"5900200",Kiantajärvi - luusua,Q,Virtaama,"59.511",Lopetettu,01.01.1932,31.12.1949,7196430,590730,Hydrologiset havaintopaikat virtaama Q lopetetut, pagingEnabled='true' preferCoordinatesForWfsT11='false' restrictToRequestBBOX='1' srsname='EPSG:3067' typename='inspire_ef:EF.HydrologisetHavaintopaikat_Virtaama_Q_lopetetut' url='https://paikkatiedot.ymparisto.fi/geoserver/inspire_ef/wfs' url='https://paikkatiedot.ymparisto.fi/geoserver/inspire_ef/wfs?request=GetCapabilities' version='auto',Kainuu
617,1278,"5900400","Vuokkijärvi, Niipas",Q,Virtaama,"59.612",Lopetettu,01.01.1939,15.09.1958,7189309,600650,Hydrologiset havaintopaikat virtaama Q lopetetut, pagingEnabled='true' preferCoordinatesForWfsT11='false' restrictToRequestBBOX='1' srsname='EPSG:3067' typename='inspire_ef:EF.HydrologisetHavaintopaikat_Virtaama_Q_lopetetut' url='https://paikkatiedot.ymparisto.fi/geoserver/inspire_ef/wfs' url='https://paikkatiedot.ymparisto.fi/geoserver/inspire_ef/wfs?request=GetCapabilities' version='auto',Kainuu
618,1279,"5900500",Niemelänjärvi - luusua,Q,Virtaama,"59.721",Lopetettu,01.01.1963,31.12.1975,7167811,580698,Hydrologiset havaintopaikat virtaama Q lopetetut, pagingEnabled='true' preferCoordinatesForWfsT11='false' restrictToRequestBBOX='1' srsname='EPSG:3067' typename='inspire_ef:EF.HydrologisetHavaintopaikat_Virtaama_Q_lopetetut' url='https://paikkatiedot.ymparisto.fi/geoserver/inspire_ef/wfs' url='https://paikkatiedot.ymparisto.fi/geoserver/inspire_ef/wfs?request=GetCapabilities' version='auto',Kainuu
619,1281,"5900600",Hyrynjärvi - luusua,Q,Virtaama,"59.431",Lopetettu,01.01.1911,31.12.1959,7169975,571021,Hydrologiset havaintopaikat virtaama Q lopetetut, pagingEnabled='true' preferCoordinatesForWfsT11='false' restrictToRequestBBOX='1' srsname='EPSG:3067' typename='inspire_ef:EF.HydrologisetHavaintopaikat_Virtaama_Q_lopetetut' url='https://paikkatiedot.ymparisto.fi/geoserver/inspire_ef/wfs' url='https://paikkatiedot.ymparisto.fi/geoserver/inspire_ef/wfs?request=GetCapabilities' version='auto',Kainuu
620,1284,"5900800",Iijärvi - luusua,Q,Virtaama,"59.412",Lopetettu,01.01.1911,31.12.1947,7153980,543457,Hydrologiset havaintopaikat virtaama Q lopetetut, pagingEnabled='true' preferCoordinatesForWfsT11='false' restrictToRequestBBOX='1' srsname='EPSG:3067' typename='inspire_ef:EF.HydrologisetHavaintopaikat_Virtaama_Q_lopetetut' url='https://paikkatiedot.ymparisto.fi/geoserver/inspire_ef/wfs' url='https://paikkatiedot.ymparisto.fi/geoserver/inspire_ef/wfs?request=GetCapabilities' version='auto',Kainuu
621,1285,"5900900",Iijärvi - luusua,Q,Virtaama,"59.412",Lopetettu,01.01.1948,31.12.1962,7153980,543457,Hydrologiset havaintopaikat virtaama Q lopetetut, pagingEnabled='true' preferCoordinatesForWfsT11='false' restrictToRequestBBOX='1' srsname='EPSG:3067' typename='inspire_ef:EF.HydrologisetHavaintopaikat_Virtaama_Q_lopetetut' url='https://paikkatiedot.ymparisto.fi/geoserver/inspire_ef/wfs' url='https://paikkatiedot.ymparisto.fi/geoserver/inspire_ef/wfs?request=GetCapabilities' version='auto',Kainuu
622,1288,"5901100",Kivesjärvi - luusua,Q,Virtaama,"59.351",Lopetettu,01.01.1913,31.08.1954,7142158,524765,Hydrologiset havaintopaikat virtaama Q lopetetut, pagingEnabled='true' preferCoordinatesForWfsT11='false' restrictToRequestBBOX='1' srsname='EPSG:3067' typename='inspire_ef:EF.HydrologisetHavaintopaikat_Virtaama_Q_lopetetut' url='https://paikkatiedot.ymparisto.fi/geoserver/inspire_ef/wfs' url='https://paikkatiedot.ymparisto.fi/geoserver/inspire_ef/wfs?request=GetCapabilities' version='auto',Kainuu
623,1295,"5902000",Lammasjärvi - luusua,Q,Virtaama,"59.912",Lopetettu,01.01.1901,31.12.1938,7113611,621826,Hydrologiset havaintopaikat virtaama Q lopetetut, pagingEnabled='true' preferCoordinatesForWfsT11='false' restrictToRequestBBOX='1' srsname='EPSG:3067' typename='inspire_ef:EF.HydrologisetHavaintopaikat_Virtaama_Q_lopetetut' url='https://paikkatiedot.ymparisto.fi/geoserver/inspire_ef/wfs' url='https://paikkatiedot.ymparisto.fi/geoserver/inspire_ef/wfs?request=GetCapabilities' version='auto',Kainuu
624,1297,"5902110",Kellojärvi - luusua,Q,Virtaama,"59.942",Lopetettu,01.01.1939,31.03.1981,7122379,598097,Hydrologiset havaintopaikat virtaama Q lopetetut, pagingEnabled='true' preferCoordinatesForWfsT11='false' restrictToRequestBBOX='1' srsname='EPSG:3067' typename='inspire_ef:EF.HydrologisetHavaintopaikat_Virtaama_Q_lopetetut' url='https://paikkatiedot.ymparisto.fi/geoserver/inspire_ef/wfs' url='https://paikkatiedot.ymparisto.fi/geoserver/inspire_ef/wfs?request=GetCapabilities' version='auto',Kainuu
625,1298,"5902200",Ontojärvi - luusua,Q,Virtaama,"59.911",Lopetettu,01.01.1912,31.12.1946,7109220,596216,Hydrologiset havaintopaikat virtaama Q lopetetut, pagingEnabled='true' preferCoordinatesForWfsT11='false' restrictToRequestBBOX='1' srsname='EPSG:3067' typename='inspire_ef:EF.HydrologisetHavaintopaikat_Virtaama_Q_lopetetut' url='https://paikkatiedot.ymparisto.fi/geoserver/inspire_ef/wfs' url='https://paikkatiedot.ymparisto.fi/geoserver/inspire_ef/wfs?request=GetCapabilities' version='auto',Kainuu
626,1300,"5902500",Nuasjärvi - luusua,Q,Virtaama,"59.811",Lopetettu,01.01.1896,31.12.1933,7122437,535733,Hydrologiset havaintopaikat virtaama Q lopetetut, pagingEnabled='true' preferCoordinatesForWfsT11='false' restrictToRequestBBOX='1' srsname='EPSG:3067' typename='inspire_ef:EF.HydrologisetHavaintopaikat_Virtaama_Q_lopetetut' url='https://paikkatiedot.ymparisto.fi/geoserver/inspire_ef/wfs' url='https://paikkatiedot.ymparisto.fi/geoserver/inspire_ef/wfs?request=GetCapabilities' version='auto',Kainuu
627,1302,"5902600",Nuasjärvi - luusua,Q,Virtaama,"59.811",Lopetettu,01.01.1910,31.12.1946,7122437,535733,Hydrologiset havaintopaikat virtaama Q lopetetut, pagingEnabled='true' preferCoordinatesForWfsT11='false' restrictToRequestBBOX='1' srsname='EPSG:3067' typename='inspire_ef:EF.HydrologisetHavaintopaikat_Virtaama_Q_lopetetut' url='https://paikkatiedot.ymparisto.fi/geoserver/inspire_ef/wfs' url='https://paikkatiedot.ymparisto.fi/geoserver/inspire_ef/wfs?request=GetCapabilities' version='auto',Kainuu
628,1304,"5902700",Nuasjärvi - luusua,Q,Virtaama,"59.811",Lopetettu,01.01.1891,31.12.1912,7122437,535733,Hydrologiset havaintopaikat virtaama Q lopetetut, pagingEnabled='true' preferCoordinatesForWfsT11='false' restrictToRequestBBOX='1' srsname='EPSG:3067' typename='inspire_ef:EF.HydrologisetHavaintopaikat_Virtaama_Q_lopetetut' url='https://paikkatiedot.ymparisto.fi/geoserver/inspire_ef/wfs' url='https://paikkatiedot.ymparisto.fi/geoserver/inspire_ef/wfs?request=GetCapabilities' version='auto',Kainuu
629,1306,"5903500",Oulujärvi - luusua,Q,Virtaama,"59.311",Lopetettu,01.01.1896,31.12.1949,7158970,491444,Hydrologiset havaintopaikat virtaama Q lopetetut, pagingEnabled='true' preferCoordinatesForWfsT11='false' restrictToRequestBBOX='1' srsname='EPSG:3067' typename='inspire_ef:EF.HydrologisetHavaintopaikat_Virtaama_Q_lopetetut' url='https://paikkatiedot.ymparisto.fi/geoserver/inspire_ef/wfs' url='https://paikkatiedot.ymparisto.fi/geoserver/inspire_ef/wfs?request=GetCapabilities' version='auto',Pohjois-Pohjanmaa
630,1309,"5904000","Sotkajärvi, Pyhäkoski",Q,Virtaama,"59.131",Lopetettu,01.01.1918,31.12.1948,7187816,463825,Hydrologiset havaintopaikat virtaama Q lopetetut, pagingEnabled='true' preferCoordinatesForWfsT11='false' restrictToRequestBBOX='1' srsname='EPSG:3067' typename='inspire_ef:EF.HydrologisetHavaintopaikat_Virtaama_Q_lopetetut' url='https://paikkatiedot.ymparisto.fi/geoserver/inspire_ef/wfs' url='https://paikkatiedot.ymparisto.fi/geoserver/inspire_ef/wfs?request=GetCapabilities' version='auto',Pohjois-Pohjanmaa
631,1311,"5904051",Pälli,Q,Virtaama,"59.131",Lopetettu,01.01.1956,31.12.1972,7191269,461803,Hydrologiset havaintopaikat virtaama Q lopetetut, pagingEnabled='true' preferCoordinatesForWfsT11='false' restrictToRequestBBOX='1' srsname='EPSG:3067' typename='inspire_ef:EF.HydrologisetHavaintopaikat_Virtaama_Q_lopetetut' url='https://paikkatiedot.ymparisto.fi/geoserver/inspire_ef/wfs' url='https://paikkatiedot.ymparisto.fi/geoserver/inspire_ef/wfs?request=GetCapabilities' version='auto',Pohjois-Pohjanmaa
632,1319,"6100110",Puossunjärvi - luusua,Q,Virtaama,"61.333",Lopetettu,04.08.1960,31.12.1994,7296312,609644,Hydrologiset havaintopaikat virtaama Q lopetetut, pagingEnabled='true' preferCoordinatesForWfsT11='false' restrictToRequestBBOX='1' srsname='EPSG:3067' typename='inspire_ef:EF.HydrologisetHavaintopaikat_Virtaama_Q_lopetetut' url='https://paikkatiedot.ymparisto.fi/geoserver/inspire_ef/wfs' url='https://paikkatiedot.ymparisto.fi/geoserver/inspire_ef/wfs?request=GetCapabilities' version='auto',Pohjois-Pohjanmaa
633,1320,"6100120",Iso-Kero - luusua,Q,Virtaama,"61.322",Lopetettu,01.01.1961,30.12.1964,7282186,598919,Hydrologiset havaintopaikat virtaama Q lopetetut, pagingEnabled='true' preferCoordinatesForWfsT11='false' restrictToRequestBBOX='1' srsname='EPSG:3067' typename='inspire_ef:EF.HydrologisetHavaintopaikat_Virtaama_Q_lopetetut' url='https://paikkatiedot.ymparisto.fi/geoserver/inspire_ef/wfs' url='https://paikkatiedot.ymparisto.fi/geoserver/inspire_ef/wfs?request=GetCapabilities' version='auto',Pohjois-Pohjanmaa
634,1321,"6100210","Irnijärvi, pato",Q,Virtaama,"61.321",Lopetettu,01.09.1959,31.07.1965,7271512,588579,Hydrologiset havaintopaikat virtaama Q lopetetut, pagingEnabled='true' preferCoordinatesForWfsT11='false' restrictToRequestBBOX='1' srsname='EPSG:3067' typename='inspire_ef:EF.HydrologisetHavaintopaikat_Virtaama_Q_lopetetut' url='https://paikkatiedot.ymparisto.fi/geoserver/inspire_ef/wfs' url='https://paikkatiedot.ymparisto.fi/geoserver/inspire_ef/wfs?request=GetCapabilities' version='auto',Pohjois-Pohjanmaa
635,1322,"6100230",Jokijärvi - luusua,Q,Virtaama,"61.312",Lopetettu,01.01.1961,31.12.1968,7265696,567550,Hydrologiset havaintopaikat virtaama Q lopetetut, pagingEnabled='true' preferCoordinatesForWfsT11='false' restrictToRequestBBOX='1' srsname='EPSG:3067' typename='inspire_ef:EF.HydrologisetHavaintopaikat_Virtaama_Q_lopetetut' url='https://paikkatiedot.ymparisto.fi/geoserver/inspire_ef/wfs' url='https://paikkatiedot.ymparisto.fi/geoserver/inspire_ef/wfs?request=GetCapabilities' version='auto',Pohjois-Pohjanmaa
636,1324,"6100310",Kuoliojoki,Q,Virtaama,"61.671",Lopetettu,01.01.1965,31.12.1969,7301951,568892,Hydrologiset havaintopaikat virtaama Q lopetetut, pagingEnabled='true' preferCoordinatesForWfsT11='false' restrictToRequestBBOX='1' srsname='EPSG:3067' typename='inspire_ef:EF.HydrologisetHavaintopaikat_Virtaama_Q_lopetetut' url='https://paikkatiedot.ymparisto.fi/geoserver/inspire_ef/wfs' url='https://paikkatiedot.ymparisto.fi/geoserver/inspire_ef/wfs?request=GetCapabilities' version='auto',Pohjois-Pohjanmaa
637,1325,"6100320",Kuoliojoki,Q,Virtaama,"61.671",Lopetettu,01.01.1970,31.12.1990,7301951,568892,Hydrologiset havaintopaikat virtaama Q lopetetut, pagingEnabled='true' preferCoordinatesForWfsT11='false' restrictToRequestBBOX='1' srsname='EPSG:3067' typename='inspire_ef:EF.HydrologisetHavaintopaikat_Virtaama_Q_lopetetut' url='https://paikkatiedot.ymparisto.fi/geoserver/inspire_ef/wfs' url='https://paikkatiedot.ymparisto.fi/geoserver/inspire_ef/wfs?request=GetCapabilities' version='auto',Pohjois-Pohjanmaa
638,1327,"6100400",Koitijärvi - luusua,Q,Virtaama,"61.612",Lopetettu,01.01.1961,31.12.1991,7280784,562441,Hydrologiset havaintopaikat virtaama Q lopetetut, pagingEnabled='true' preferCoordinatesForWfsT11='false' restrictToRequestBBOX='1' srsname='EPSG:3067' typename='inspire_ef:EF.HydrologisetHavaintopaikat_Virtaama_Q_lopetetut' url='https://paikkatiedot.ymparisto.fi/geoserver/inspire_ef/wfs' url='https://paikkatiedot.ymparisto.fi/geoserver/inspire_ef/wfs?request=GetCapabilities' version='auto',Pohjois-Pohjanmaa
639,1329,"6100614",Näljänkäjärvi - luusua,Q,Virtaama,"61.771",Lopetettu,01.01.1978,31.12.1994,7213251,563138,Hydrologiset havaintopaikat virtaama Q lopetetut, pagingEnabled='true' preferCoordinatesForWfsT11='false' restrictToRequestBBOX='1' srsname='EPSG:3067' typename='inspire_ef:EF.HydrologisetHavaintopaikat_Virtaama_Q_lopetetut' url='https://paikkatiedot.ymparisto.fi/geoserver/inspire_ef/wfs' url='https://paikkatiedot.ymparisto.fi/geoserver/inspire_ef/wfs?request=GetCapabilities' version='auto',Kainuu
640,1333,"6100900",Kurenalus,Q,Virtaama,"61.211",Lopetettu,01.01.1956,31.08.1976,7247387,504306,Hydrologiset havaintopaikat virtaama Q lopetetut, pagingEnabled='true' preferCoordinatesForWfsT11='false' restrictToRequestBBOX='1' srsname='EPSG:3067' typename='inspire_ef:EF.HydrologisetHavaintopaikat_Virtaama_Q_lopetetut' url='https://paikkatiedot.ymparisto.fi/geoserver/inspire_ef/wfs' url='https://paikkatiedot.ymparisto.fi/geoserver/inspire_ef/wfs?request=GetCapabilities' version='auto',Pohjois-Pohjanmaa
641,1334,"6100910",Kurenalus,Q,Virtaama,"61.211",Lopetettu,01.01.1977,31.12.1985,7247387,504306,Hydrologiset havaintopaikat virtaama Q lopetetut, pagingEnabled='true' preferCoordinatesForWfsT11='false' restrictToRequestBBOX='1' srsname='EPSG:3067' typename='inspire_ef:EF.HydrologisetHavaintopaikat_Virtaama_Q_lopetetut' url='https://paikkatiedot.ymparisto.fi/geoserver/inspire_ef/wfs' url='https://paikkatiedot.ymparisto.fi/geoserver/inspire_ef/wfs?request=GetCapabilities' version='auto',Pohjois-Pohjanmaa
642,1335,"6101200","Livojoki, Hanhikoski",Q,Virtaama,"61.513",Lopetettu,01.01.1960,31.12.1965,7265798,495443,Hydrologiset havaintopaikat virtaama Q lopetetut, pagingEnabled='true' preferCoordinatesForWfsT11='false' restrictToRequestBBOX='1' srsname='EPSG:3067' typename='inspire_ef:EF.HydrologisetHavaintopaikat_Virtaama_Q_lopetetut' url='https://paikkatiedot.ymparisto.fi/geoserver/inspire_ef/wfs' url='https://paikkatiedot.ymparisto.fi/geoserver/inspire_ef/wfs?request=GetCapabilities' version='auto',Pohjois-Pohjanmaa
643,1337,"6101400",Kipinä,Q,Virtaama,"61.131",Lopetettu,01.01.1956,31.12.1995,7241401,477202,Hydrologiset havaintopaikat virtaama Q lopetetut, pagingEnabled='true' preferCoordinatesForWfsT11='false' restrictToRequestBBOX='1' srsname='EPSG:3067' typename='inspire_ef:EF.HydrologisetHavaintopaikat_Virtaama_Q_lopetetut' url='https://paikkatiedot.ymparisto.fi/geoserver/inspire_ef/wfs' url='https://paikkatiedot.ymparisto.fi/geoserver/inspire_ef/wfs?request=GetCapabilities' version='auto',Pohjois-Pohjanmaa
644,1343,"6101900",Merikoski,Q,Virtaama,"61.111",Lopetettu,01.01.1911,31.12.1971,7246706,426026,Hydrologiset havaintopaikat virtaama Q lopetetut, pagingEnabled='true' preferCoordinatesForWfsT11='false' restrictToRequestBBOX='1' srsname='EPSG:3067' typename='inspire_ef:EF.HydrologisetHavaintopaikat_Virtaama_Q_lopetetut' url='https://paikkatiedot.ymparisto.fi/geoserver/inspire_ef/wfs' url='https://paikkatiedot.ymparisto.fi/geoserver/inspire_ef/wfs?request=GetCapabilities' version='auto',Pohjois-Pohjanmaa
645,1345,"6300200",Kuivaniemi,Q,Virtaama,"63.011",Lopetettu,01.01.1911,18.01.1980,7277145,417089,Hydrologiset havaintopaikat virtaama Q lopetetut, pagingEnabled='true' preferCoordinatesForWfsT11='false' restrictToRequestBBOX='1' srsname='EPSG:3067' typename='inspire_ef:EF.HydrologisetHavaintopaikat_Virtaama_Q_lopetetut' url='https://paikkatiedot.ymparisto.fi/geoserver/inspire_ef/wfs' url='https://paikkatiedot.ymparisto.fi/geoserver/inspire_ef/wfs?request=GetCapabilities' version='auto',Pohjois-Pohjanmaa
646,1348,"6400400",Simo,Q,Virtaama,"64.012",Lopetettu,01.01.1911,31.12.1955,7283945,412161,Hydrologiset havaintopaikat virtaama Q lopetetut, pagingEnabled='true' preferCoordinatesForWfsT11='false' restrictToRequestBBOX='1' srsname='EPSG:3067' typename='inspire_ef:EF.HydrologisetHavaintopaikat_Virtaama_Q_lopetetut' url='https://paikkatiedot.ymparisto.fi/geoserver/inspire_ef/wfs' url='https://paikkatiedot.ymparisto.fi/geoserver/inspire_ef/wfs?request=GetCapabilities' version='auto',Lappi
647,1350,"6500240",Angeljoki,Q,Virtaama,"65.929",Lopetettu,01.01.1977,31.12.1983,7492318,523225,Hydrologiset havaintopaikat virtaama Q lopetetut, pagingEnabled='true' preferCoordinatesForWfsT11='false' restrictToRequestBBOX='1' srsname='EPSG:3067' typename='inspire_ef:EF.HydrologisetHavaintopaikat_Virtaama_Q_lopetetut' url='https://paikkatiedot.ymparisto.fi/geoserver/inspire_ef/wfs' url='https://paikkatiedot.ymparisto.fi/geoserver/inspire_ef/wfs?request=GetCapabilities' version='auto',Lappi
648,1361,"6502000",Kemijärvi - luusua,Q,Virtaama,"65.311",Lopetettu,01.01.1921,31.12.1959,7374681,515421,Hydrologiset havaintopaikat virtaama Q lopetetut, pagingEnabled='true' preferCoordinatesForWfsT11='false' restrictToRequestBBOX='1' srsname='EPSG:3067' typename='inspire_ef:EF.HydrologisetHavaintopaikat_Virtaama_Q_lopetetut' url='https://paikkatiedot.ymparisto.fi/geoserver/inspire_ef/wfs' url='https://paikkatiedot.ymparisto.fi/geoserver/inspire_ef/wfs?request=GetCapabilities' version='auto',Lappi
649,1362,"6502010","Kemijärvi, Kulmunki",Q,Virtaama,"65.311",Lopetettu,01.01.1941,31.12.1957,7374681,515421,Hydrologiset havaintopaikat virtaama Q lopetetut, pagingEnabled='true' preferCoordinatesForWfsT11='false' restrictToRequestBBOX='1' srsname='EPSG:3067' typename='inspire_ef:EF.HydrologisetHavaintopaikat_Virtaama_Q_lopetetut' url='https://paikkatiedot.ymparisto.fi/geoserver/inspire_ef/wfs' url='https://paikkatiedot.ymparisto.fi/geoserver/inspire_ef/wfs?request=GetCapabilities' version='auto',Lappi
650,1363,"6502011",Kemijärvi - luusua,Q,Virtaama,"65.311",Lopetettu,01.05.1946,31.12.1959,7374681,515421,Hydrologiset havaintopaikat virtaama Q lopetetut, pagingEnabled='true' preferCoordinatesForWfsT11='false' restrictToRequestBBOX='1' srsname='EPSG:3067' typename='inspire_ef:EF.HydrologisetHavaintopaikat_Virtaama_Q_lopetetut' url='https://paikkatiedot.ymparisto.fi/geoserver/inspire_ef/wfs' url='https://paikkatiedot.ymparisto.fi/geoserver/inspire_ef/wfs?request=GetCapabilities' version='auto',Lappi
651,1367,"6502200",Koskenkylä,Q,Virtaama,"65.212",Lopetettu,01.01.1921,31.12.1941,7365874,462304,Hydrologiset havaintopaikat virtaama Q lopetetut, pagingEnabled='true' preferCoordinatesForWfsT11='false' restrictToRequestBBOX='1' srsname='EPSG:3067' typename='inspire_ef:EF.HydrologisetHavaintopaikat_Virtaama_Q_lopetetut' url='https://paikkatiedot.ymparisto.fi/geoserver/inspire_ef/wfs' url='https://paikkatiedot.ymparisto.fi/geoserver/inspire_ef/wfs?request=GetCapabilities' version='auto',Lappi
652,1369,"6502350",Kaihua,Q,Virtaama,"65.241",Lopetettu,01.01.1960,31.12.1995,7361571,492240,Hydrologiset havaintopaikat virtaama Q lopetetut, pagingEnabled='true' preferCoordinatesForWfsT11='false' restrictToRequestBBOX='1' srsname='EPSG:3067' typename='inspire_ef:EF.HydrologisetHavaintopaikat_Virtaama_Q_lopetetut' url='https://paikkatiedot.ymparisto.fi/geoserver/inspire_ef/wfs' url='https://paikkatiedot.ymparisto.fi/geoserver/inspire_ef/wfs?request=GetCapabilities' version='auto',Lappi
653,1371,"6502500",Olkkajärvi - luusua,Q,Virtaama,"65.711",Lopetettu,01.01.1950,31.12.1960,7375116,461143,Hydrologiset havaintopaikat virtaama Q lopetetut, pagingEnabled='true' preferCoordinatesForWfsT11='false' restrictToRequestBBOX='1' srsname='EPSG:3067' typename='inspire_ef:EF.HydrologisetHavaintopaikat_Virtaama_Q_lopetetut' url='https://paikkatiedot.ymparisto.fi/geoserver/inspire_ef/wfs' url='https://paikkatiedot.ymparisto.fi/geoserver/inspire_ef/wfs?request=GetCapabilities' version='auto',Lappi
654,1375,"6503300","Ounasjoki, Kaukonen",Q,Virtaama,"65.541",Lopetettu,13.05.1954,31.12.1991,7486547,410728,Hydrologiset havaintopaikat virtaama Q lopetetut, pagingEnabled='true' preferCoordinatesForWfsT11='false' restrictToRequestBBOX='1' srsname='EPSG:3067' typename='inspire_ef:EF.HydrologisetHavaintopaikat_Virtaama_Q_lopetetut' url='https://paikkatiedot.ymparisto.fi/geoserver/inspire_ef/wfs' url='https://paikkatiedot.ymparisto.fi/geoserver/inspire_ef/wfs?request=GetCapabilities' version='auto',Lappi
655,1378,"6503700","Ounasjoki, Marraskoski",Q,Virtaama,"65.521",Lopetettu,01.01.1919,31.12.1970,7409394,430545,Hydrologiset havaintopaikat virtaama Q lopetetut, pagingEnabled='true' preferCoordinatesForWfsT11='false' restrictToRequestBBOX='1' srsname='EPSG:3067' typename='inspire_ef:EF.HydrologisetHavaintopaikat_Virtaama_Q_lopetetut' url='https://paikkatiedot.ymparisto.fi/geoserver/inspire_ef/wfs' url='https://paikkatiedot.ymparisto.fi/geoserver/inspire_ef/wfs?request=GetCapabilities' version='auto',Lappi
656,1380,"6503800",Ounaskoski,Q,Virtaama,"65.211",Lopetettu,01.01.1948,31.12.1960,7375808,443864,Hydrologiset havaintopaikat virtaama Q lopetetut, pagingEnabled='true' preferCoordinatesForWfsT11='false' restrictToRequestBBOX='1' srsname='EPSG:3067' typename='inspire_ef:EF.HydrologisetHavaintopaikat_Virtaama_Q_lopetetut' url='https://paikkatiedot.ymparisto.fi/geoserver/inspire_ef/wfs' url='https://paikkatiedot.ymparisto.fi/geoserver/inspire_ef/wfs?request=GetCapabilities' version='auto',Lappi
657,1381,"6503900",Ounaskoski,Q,Virtaama,"65.211",Lopetettu,01.01.1921,31.12.1947,7375808,443864,Hydrologiset havaintopaikat virtaama Q lopetetut, pagingEnabled='true' preferCoordinatesForWfsT11='false' restrictToRequestBBOX='1' srsname='EPSG:3067' typename='inspire_ef:EF.HydrologisetHavaintopaikat_Virtaama_Q_lopetetut' url='https://paikkatiedot.ymparisto.fi/geoserver/inspire_ef/wfs' url='https://paikkatiedot.ymparisto.fi/geoserver/inspire_ef/wfs?request=GetCapabilities' version='auto',Lappi
658,1384,"6504080",Narkauskoski,Q,Virtaama,"65.121",Lopetettu,01.01.1941,31.12.1957,7340853,421950,Hydrologiset havaintopaikat virtaama Q lopetetut, pagingEnabled='true' preferCoordinatesForWfsT11='false' restrictToRequestBBOX='1' srsname='EPSG:3067' typename='inspire_ef:EF.HydrologisetHavaintopaikat_Virtaama_Q_lopetetut' url='https://paikkatiedot.ymparisto.fi/geoserver/inspire_ef/wfs' url='https://paikkatiedot.ymparisto.fi/geoserver/inspire_ef/wfs?request=GetCapabilities' version='auto',Lappi
659,1385,"6504250",Taivalkoski,Q,Virtaama,"65.112",Lopetettu,01.05.1911,31.12.1971,7314042,395993,Hydrologiset havaintopaikat virtaama Q lopetetut, pagingEnabled='true' preferCoordinatesForWfsT11='false' restrictToRequestBBOX='1' srsname='EPSG:3067' typename='inspire_ef:EF.HydrologisetHavaintopaikat_Virtaama_Q_lopetetut' url='https://paikkatiedot.ymparisto.fi/geoserver/inspire_ef/wfs' url='https://paikkatiedot.ymparisto.fi/geoserver/inspire_ef/wfs?request=GetCapabilities' version='auto',Lappi
660,1395,"6701100",Ylläsjoki,Q,Virtaama,"67.371",Lopetettu,24.09.1960,31.05.1972,7475929,368068,Hydrologiset havaintopaikat virtaama Q lopetetut, pagingEnabled='true' preferCoordinatesForWfsT11='false' restrictToRequestBBOX='1' srsname='EPSG:3067' typename='inspire_ef:EF.HydrologisetHavaintopaikat_Virtaama_Q_lopetetut' url='https://paikkatiedot.ymparisto.fi/geoserver/inspire_ef/wfs' url='https://paikkatiedot.ymparisto.fi/geoserver/inspire_ef/wfs?request=GetCapabilities' version='auto',Lappi
661,1402,"6701910",Portimojärvi - luusua,Q,Virtaama,"67.912",Lopetettu,01.01.1954,31.12.1958,7365735,359736,Hydrologiset havaintopaikat virtaama Q lopetetut, pagingEnabled='true' preferCoordinatesForWfsT11='false' restrictToRequestBBOX='1' srsname='EPSG:3067' typename='inspire_ef:EF.HydrologisetHavaintopaikat_Virtaama_Q_lopetetut' url='https://paikkatiedot.ymparisto.fi/geoserver/inspire_ef/wfs' url='https://paikkatiedot.ymparisto.fi/geoserver/inspire_ef/wfs?request=GetCapabilities' version='auto',Lappi
662,1404,"6702000",Portimojärvi - luusua,Q,Virtaama,"67.912",Lopetettu,01.01.1959,31.12.1986,7365735,359736,Hydrologiset havaintopaikat virtaama Q lopetetut, pagingEnabled='true' preferCoordinatesForWfsT11='false' restrictToRequestBBOX='1' srsname='EPSG:3067' typename='inspire_ef:EF.HydrologisetHavaintopaikat_Virtaama_Q_lopetetut' url='https://paikkatiedot.ymparisto.fi/geoserver/inspire_ef/wfs' url='https://paikkatiedot.ymparisto.fi/geoserver/inspire_ef/wfs?request=GetCapabilities' version='auto',Lappi
663,1405,"6702010","Tengeliönjoki, Törmäniva",Q,Virtaama,"67.921",Lopetettu,01.01.1961,31.12.1965,7370400,369378,Hydrologiset havaintopaikat virtaama Q lopetetut, pagingEnabled='true' preferCoordinatesForWfsT11='false' restrictToRequestBBOX='1' srsname='EPSG:3067' typename='inspire_ef:EF.HydrologisetHavaintopaikat_Virtaama_Q_lopetetut' url='https://paikkatiedot.ymparisto.fi/geoserver/inspire_ef/wfs' url='https://paikkatiedot.ymparisto.fi/geoserver/inspire_ef/wfs?request=GetCapabilities' version='auto',Lappi
664,1408,"6702203",Liakanjoki,Q,Virtaama,"67.111",Lopetettu,01.01.1911,31.12.1993,7324477,366843,Hydrologiset havaintopaikat virtaama Q lopetetut, pagingEnabled='true' preferCoordinatesForWfsT11='false' restrictToRequestBBOX='1' srsname='EPSG:3067' typename='inspire_ef:EF.HydrologisetHavaintopaikat_Virtaama_Q_lopetetut' url='https://paikkatiedot.ymparisto.fi/geoserver/inspire_ef/wfs' url='https://paikkatiedot.ymparisto.fi/geoserver/inspire_ef/wfs?request=GetCapabilities' version='auto',Lappi
665,1416,"7100950",Kirakkaköngäs,Q,Virtaama,"71.61",Lopetettu,01.01.1956,31.07.1991,7630003,516162,Hydrologiset havaintopaikat virtaama Q lopetetut, pagingEnabled='true' preferCoordinatesForWfsT11='false' restrictToRequestBBOX='1' srsname='EPSG:3067' typename='inspire_ef:EF.HydrologisetHavaintopaikat_Virtaama_Q_lopetetut' url='https://paikkatiedot.ymparisto.fi/geoserver/inspire_ef/wfs' url='https://paikkatiedot.ymparisto.fi/geoserver/inspire_ef/wfs?request=GetCapabilities' version='auto',Lappi
666,1418,"7101300","Ivalojoki, Toloskoski",Q,Virtaama,"71.413",Lopetettu,01.01.1971,31.12.1980,7604564,511124,Hydrologiset havaintopaikat virtaama Q lopetetut, pagingEnabled='true' preferCoordinatesForWfsT11='false' restrictToRequestBBOX='1' srsname='EPSG:3067' typename='inspire_ef:EF.HydrologisetHavaintopaikat_Virtaama_Q_lopetetut' url='https://paikkatiedot.ymparisto.fi/geoserver/inspire_ef/wfs' url='https://paikkatiedot.ymparisto.fi/geoserver/inspire_ef/wfs?request=GetCapabilities' version='auto',Lappi
667,1420,"7101600",Inari - luusua,Q,Virtaama,"71.111",Lopetettu,01.01.1921,28.02.1941,7644872,558184,Hydrologiset havaintopaikat virtaama Q lopetetut, pagingEnabled='true' preferCoordinatesForWfsT11='false' restrictToRequestBBOX='1' srsname='EPSG:3067' typename='inspire_ef:EF.HydrologisetHavaintopaikat_Virtaama_Q_lopetetut' url='https://paikkatiedot.ymparisto.fi/geoserver/inspire_ef/wfs' url='https://paikkatiedot.ymparisto.fi/geoserver/inspire_ef/wfs?request=GetCapabilities' version='auto',
668,1422,"7101900",Teproköngäs,Q,Virtaama,"71.111",Lopetettu,17.05.1943,31.12.1950,7644872,558184,Hydrologiset havaintopaikat virtaama Q lopetetut, pagingEnabled='true' preferCoordinatesForWfsT11='false' restrictToRequestBBOX='1' srsname='EPSG:3067' typename='inspire_ef:EF.HydrologisetHavaintopaikat_Virtaama_Q_lopetetut' url='https://paikkatiedot.ymparisto.fi/geoserver/inspire_ef/wfs' url='https://paikkatiedot.ymparisto.fi/geoserver/inspire_ef/wfs?request=GetCapabilities' version='auto',
669,1424,"7200100",Yli-Nuortti,Q,Virtaama,"72.044",Lopetettu,01.01.1988,31.12.1991,7517542,602612,Hydrologiset havaintopaikat virtaama Q lopetetut, pagingEnabled='true' preferCoordinatesForWfsT11='false' restrictToRequestBBOX='1' srsname='EPSG:3067' typename='inspire_ef:EF.HydrologisetHavaintopaikat_Virtaama_Q_lopetetut' url='https://paikkatiedot.ymparisto.fi/geoserver/inspire_ef/wfs' url='https://paikkatiedot.ymparisto.fi/geoserver/inspire_ef/wfs?request=GetCapabilities' version='auto',Lappi
670,1429,"7400200",Muojärvi - luusua,Q,Virtaama,"74.021",Lopetettu,01.01.1962,31.12.1996,7311270,627360,Hydrologiset havaintopaikat virtaama Q lopetetut, pagingEnabled='true' preferCoordinatesForWfsT11='false' restrictToRequestBBOX='1' srsname='EPSG:3067' typename='inspire_ef:EF.HydrologisetHavaintopaikat_Virtaama_Q_lopetetut' url='https://paikkatiedot.ymparisto.fi/geoserver/inspire_ef/wfs' url='https://paikkatiedot.ymparisto.fi/geoserver/inspire_ef/wfs?request=GetCapabilities' version='auto',Pohjois-Pohjanmaa
671,2588,"5900340",Iso-Parvajärvi-luusua,Q,Virtaama,"59.651",Lopetettu,01.01.1977,19.06.2018,7190246,621170,Hydrologiset havaintopaikat virtaama Q lopetetut, pagingEnabled='true' preferCoordinatesForWfsT11='false' restrictToRequestBBOX='1' srsname='EPSG:3067' typename='inspire_ef:EF.HydrologisetHavaintopaikat_Virtaama_Q_lopetetut' url='https://paikkatiedot.ymparisto.fi/geoserver/inspire_ef/wfs' url='https://paikkatiedot.ymparisto.fi/geoserver/inspire_ef/wfs?request=GetCapabilities' version='auto',Kainuu
672,2641,"5900182",Itäjärvi - luusua,Q,Virtaama,"59.546",Lopetettu,31.01.1993,22.08.2005,7205811,581544,Hydrologiset havaintopaikat virtaama Q lopetetut, pagingEnabled='true' preferCoordinatesForWfsT11='false' restrictToRequestBBOX='1' srsname='EPSG:3067' typename='inspire_ef:EF.HydrologisetHavaintopaikat_Virtaama_Q_lopetetut' url='https://paikkatiedot.ymparisto.fi/geoserver/inspire_ef/wfs' url='https://paikkatiedot.ymparisto.fi/geoserver/inspire_ef/wfs?request=GetCapabilities' version='auto',Kainuu
673,2642,"5900183",Pieni-pesiöjärvi - luusua,Q,Virtaama,"59.542",Lopetettu,17.01.1991,22.08.2005,7207676,575926,Hydrologiset havaintopaikat virtaama Q lopetetut, pagingEnabled='true' preferCoordinatesForWfsT11='false' restrictToRequestBBOX='1' srsname='EPSG:3067' typename='inspire_ef:EF.HydrologisetHavaintopaikat_Virtaama_Q_lopetetut' url='https://paikkatiedot.ymparisto.fi/geoserver/inspire_ef/wfs' url='https://paikkatiedot.ymparisto.fi/geoserver/inspire_ef/wfs?request=GetCapabilities' version='auto',Kainuu
674,2643,"5900184",Mustajärvi - luusua,Q,Virtaama,"59.543",Lopetettu,01.01.1991,31.08.2005,7203596,572616,Hydrologiset havaintopaikat virtaama Q lopetetut, pagingEnabled='true' preferCoordinatesForWfsT11='false' restrictToRequestBBOX='1' srsname='EPSG:3067' typename='inspire_ef:EF.HydrologisetHavaintopaikat_Virtaama_Q_lopetetut' url='https://paikkatiedot.ymparisto.fi/geoserver/inspire_ef/wfs' url='https://paikkatiedot.ymparisto.fi/geoserver/inspire_ef/wfs?request=GetCapabilities' version='auto',Kainuu
675,2644,"5900187",Rapuanlampi - luusua,Q,Virtaama,"59.544",Lopetettu,27.01.1990,01.12.2007,7205343,571518,Hydrologiset havaintopaikat virtaama Q lopetetut, pagingEnabled='true' preferCoordinatesForWfsT11='false' restrictToRequestBBOX='1' srsname='EPSG:3067' typename='inspire_ef:EF.HydrologisetHavaintopaikat_Virtaama_Q_lopetetut' url='https://paikkatiedot.ymparisto.fi/geoserver/inspire_ef/wfs' url='https://paikkatiedot.ymparisto.fi/geoserver/inspire_ef/wfs?request=GetCapabilities' version='auto',Kainuu
676,2645,"5900188",Tuomijoki,Q,Virtaama,"59.544",Lopetettu,17.04.1991,21.08.2005,7204311,573347,Hydrologiset havaintopaikat virtaama Q lopetetut, pagingEnabled='true' preferCoordinatesForWfsT11='false' restrictToRequestBBOX='1' srsname='EPSG:3067' typename='inspire_ef:EF.HydrologisetHavaintopaikat_Virtaama_Q_lopetetut' url='https://paikkatiedot.ymparisto.fi/geoserver/inspire_ef/wfs' url='https://paikkatiedot.ymparisto.fi/geoserver/inspire_ef/wfs?request=GetCapabilities' version='auto',Kainuu
677,2646,"5900189",Heinäjoki,Q,Virtaama,"59.545",Lopetettu,11.06.1993,18.11.2002,7204347,575803,Hydrologiset havaintopaikat virtaama Q lopetetut, pagingEnabled='true' preferCoordinatesForWfsT11='false' restrictToRequestBBOX='1' srsname='EPSG:3067' typename='inspire_ef:EF.HydrologisetHavaintopaikat_Virtaama_Q_lopetetut' url='https://paikkatiedot.ymparisto.fi/geoserver/inspire_ef/wfs' url='https://paikkatiedot.ymparisto.fi/geoserver/inspire_ef/wfs?request=GetCapabilities' version='auto',Kainuu
678,2689,"4200431",Liikapuron tekojärvi,Q,Virtaama,"42.078",Lopetettu,02.02.1992,25.02.2010,6921320,297393,Hydrologiset havaintopaikat virtaama Q lopetetut, pagingEnabled='true' preferCoordinatesForWfsT11='false' restrictToRequestBBOX='1' srsname='EPSG:3067' typename='inspire_ef:EF.HydrologisetHavaintopaikat_Virtaama_Q_lopetetut' url='https://paikkatiedot.ymparisto.fi/geoserver/inspire_ef/wfs' url='https://paikkatiedot.ymparisto.fi/geoserver/inspire_ef/wfs?request=GetCapabilities' version='auto',Etelä-Pohjanmaa
679,2694,"4400320",Kauhavanjoki,Q,Virtaama,"44.061",Lopetettu,25.04.1958,31.10.1993,7002185,296319,Hydrologiset havaintopaikat virtaama Q lopetetut, pagingEnabled='true' preferCoordinatesForWfsT11='false' restrictToRequestBBOX='1' srsname='EPSG:3067' typename='inspire_ef:EF.HydrologisetHavaintopaikat_Virtaama_Q_lopetetut' url='https://paikkatiedot.ymparisto.fi/geoserver/inspire_ef/wfs' url='https://paikkatiedot.ymparisto.fi/geoserver/inspire_ef/wfs?request=GetCapabilities' version='auto',Etelä-Pohjanmaa
680,2766,"0101100","Jänisjoki, Saario, ylä",Q,Virtaama,"01.012",Lopetettu,01.09.1982,31.08.2007,6906871,681565,Hydrologiset havaintopaikat virtaama Q lopetetut, pagingEnabled='true' preferCoordinatesForWfsT11='false' restrictToRequestBBOX='1' srsname='EPSG:3067' typename='inspire_ef:EF.HydrologisetHavaintopaikat_Virtaama_Q_lopetetut' url='https://paikkatiedot.ymparisto.fi/geoserver/inspire_ef/wfs' url='https://paikkatiedot.ymparisto.fi/geoserver/inspire_ef/wfs?request=GetCapabilities' version='auto',Pohjois-Karjala
681,2768,"0101000","Jänisjoki, Vihtakoski",Q,Virtaama,"01.013",Lopetettu,01.09.1982,31.08.2007,6921581,679026,Hydrologiset havaintopaikat virtaama Q lopetetut, pagingEnabled='true' preferCoordinatesForWfsT11='false' restrictToRequestBBOX='1' srsname='EPSG:3067' typename='inspire_ef:EF.HydrologisetHavaintopaikat_Virtaama_Q_lopetetut' url='https://paikkatiedot.ymparisto.fi/geoserver/inspire_ef/wfs' url='https://paikkatiedot.ymparisto.fi/geoserver/inspire_ef/wfs?request=GetCapabilities' version='auto',Pohjois-Karjala
682,2808,"0405010",Karjalanjoki,Q,Virtaama,"04.398",Lopetettu,14.05.1992,30.12.1992,6884421,642446,Hydrologiset havaintopaikat virtaama Q lopetetut, pagingEnabled='true' preferCoordinatesForWfsT11='false' restrictToRequestBBOX='1' srsname='EPSG:3067' typename='inspire_ef:EF.HydrologisetHavaintopaikat_Virtaama_Q_lopetetut' url='https://paikkatiedot.ymparisto.fi/geoserver/inspire_ef/wfs' url='https://paikkatiedot.ymparisto.fi/geoserver/inspire_ef/wfs?request=GetCapabilities' version='auto',Pohjois-Karjala
683,2969,"2300230","Pusulanjoki, Hyvelän silta",Q,Virtaama,"23.061",Lopetettu,,,6701014,331448,Hydrologiset havaintopaikat virtaama Q lopetetut, pagingEnabled='true' preferCoordinatesForWfsT11='false' restrictToRequestBBOX='1' srsname='EPSG:3067' typename='inspire_ef:EF.HydrologisetHavaintopaikat_Virtaama_Q_lopetetut' url='https://paikkatiedot.ymparisto.fi/geoserver/inspire_ef/wfs' url='https://paikkatiedot.ymparisto.fi/geoserver/inspire_ef/wfs?request=GetCapabilities' version='auto',Uusimaa
684,2987,"2200100","Enäjärvi, Hulttilanjoki",Q,Virtaama,"22.004",Lopetettu,01.01.2002,15.02.2026,6694620,357767,Hydrologiset havaintopaikat virtaama Q lopetetut, pagingEnabled='true' preferCoordinatesForWfsT11='false' restrictToRequestBBOX='1' srsname='EPSG:3067' typename='inspire_ef:EF.HydrologisetHavaintopaikat_Virtaama_Q_lopetetut' url='https://paikkatiedot.ymparisto.fi/geoserver/inspire_ef/wfs' url='https://paikkatiedot.ymparisto.fi/geoserver/inspire_ef/wfs?request=GetCapabilities' version='auto',Uusimaa
685,3004,"8102900","Mankinjoki, kehä III:n silta",Q,Virtaama,"81.057",Lopetettu,08.05.1995,06.08.2014,6675625,366030,Hydrologiset havaintopaikat virtaama Q lopetetut, pagingEnabled='true' preferCoordinatesForWfsT11='false' restrictToRequestBBOX='1' srsname='EPSG:3067' typename='inspire_ef:EF.HydrologisetHavaintopaikat_Virtaama_Q_lopetetut' url='https://paikkatiedot.ymparisto.fi/geoserver/inspire_ef/wfs' url='https://paikkatiedot.ymparisto.fi/geoserver/inspire_ef/wfs?request=GetCapabilities' version='auto',Uusimaa
686,3155,"1405010",Suolivesi,Q,Virtaama,"14.524",Lopetettu,19.05.2004,26.10.2010,6891670,406301,Hydrologiset havaintopaikat virtaama Q lopetetut, pagingEnabled='true' preferCoordinatesForWfsT11='false' restrictToRequestBBOX='1' srsname='EPSG:3067' typename='inspire_ef:EF.HydrologisetHavaintopaikat_Virtaama_Q_lopetetut' url='https://paikkatiedot.ymparisto.fi/geoserver/inspire_ef/wfs' url='https://paikkatiedot.ymparisto.fi/geoserver/inspire_ef/wfs?request=GetCapabilities' version='auto',Keski-Suomi
687,3157,"1404740",Luonetjärvi,Q,Virtaama,"14.295",Lopetettu,,,6918949,430127,Hydrologiset havaintopaikat virtaama Q lopetetut, pagingEnabled='true' preferCoordinatesForWfsT11='false' restrictToRequestBBOX='1' srsname='EPSG:3067' typename='inspire_ef:EF.HydrologisetHavaintopaikat_Virtaama_Q_lopetetut' url='https://paikkatiedot.ymparisto.fi/geoserver/inspire_ef/wfs' url='https://paikkatiedot.ymparisto.fi/geoserver/inspire_ef/wfs?request=GetCapabilities' version='auto',Keski-Suomi
688,3204,"3510111","Kokemäenjoki, pahakoski, paalu 780",Q,Virtaama,"35.122",Lopetettu,,,6801130,255171,Hydrologiset havaintopaikat virtaama Q lopetetut, pagingEnabled='true' preferCoordinatesForWfsT11='false' restrictToRequestBBOX='1' srsname='EPSG:3067' typename='inspire_ef:EF.HydrologisetHavaintopaikat_Virtaama_Q_lopetetut' url='https://paikkatiedot.ymparisto.fi/geoserver/inspire_ef/wfs' url='https://paikkatiedot.ymparisto.fi/geoserver/inspire_ef/wfs?request=GetCapabilities' version='auto',Satakunta
689,3211,"5400310",Piipsjärvi,Q,Virtaama,"54.071",Lopetettu,19.02.1986,28.12.1999,7130504,399354,Hydrologiset havaintopaikat virtaama Q lopetetut, pagingEnabled='true' preferCoordinatesForWfsT11='false' restrictToRequestBBOX='1' srsname='EPSG:3067' typename='inspire_ef:EF.HydrologisetHavaintopaikat_Virtaama_Q_lopetetut' url='https://paikkatiedot.ymparisto.fi/geoserver/inspire_ef/wfs' url='https://paikkatiedot.ymparisto.fi/geoserver/inspire_ef/wfs?request=GetCapabilities' version='auto',Pohjois-Pohjanmaa
690,3308,"2105400","Tuusulanjoki, Myllykylä",Q,Virtaama,"21.081",Lopetettu,05.04.2005,20.08.2012,6692011,386449,Hydrologiset havaintopaikat virtaama Q lopetetut, pagingEnabled='true' preferCoordinatesForWfsT11='false' restrictToRequestBBOX='1' srsname='EPSG:3067' typename='inspire_ef:EF.HydrologisetHavaintopaikat_Virtaama_Q_lopetetut' url='https://paikkatiedot.ymparisto.fi/geoserver/inspire_ef/wfs' url='https://paikkatiedot.ymparisto.fi/geoserver/inspire_ef/wfs?request=GetCapabilities' version='auto',Uusimaa
691,3421,"1404750",Puuppola,Q,Virtaama,"14.295",Lopetettu,19.05.2008,26.10.2010,6914064,432327,Hydrologiset havaintopaikat virtaama Q lopetetut, pagingEnabled='true' preferCoordinatesForWfsT11='false' restrictToRequestBBOX='1' srsname='EPSG:3067' typename='inspire_ef:EF.HydrologisetHavaintopaikat_Virtaama_Q_lopetetut' url='https://paikkatiedot.ymparisto.fi/geoserver/inspire_ef/wfs' url='https://paikkatiedot.ymparisto.fi/geoserver/inspire_ef/wfs?request=GetCapabilities' version='auto',Keski-Suomi
692,3466,"1406600",Kalkkisten kanava,Q,Virtaama,"14.141",Lopetettu,01.03.1964,31.12.2001,6795968,424554,Hydrologiset havaintopaikat virtaama Q lopetetut, pagingEnabled='true' preferCoordinatesForWfsT11='false' restrictToRequestBBOX='1' srsname='EPSG:3067' typename='inspire_ef:EF.HydrologisetHavaintopaikat_Virtaama_Q_lopetetut' url='https://paikkatiedot.ymparisto.fi/geoserver/inspire_ef/wfs' url='https://paikkatiedot.ymparisto.fi/geoserver/inspire_ef/wfs?request=GetCapabilities' version='auto',Päijät-Häme
693,3472,"5700800",Pöyryn konevirtaama,Q,Virtaama,"57.012",Lopetettu,,,7182431,401260,Hydrologiset havaintopaikat virtaama Q lopetetut, pagingEnabled='true' preferCoordinatesForWfsT11='false' restrictToRequestBBOX='1' srsname='EPSG:3067' typename='inspire_ef:EF.HydrologisetHavaintopaikat_Virtaama_Q_lopetetut' url='https://paikkatiedot.ymparisto.fi/geoserver/inspire_ef/wfs' url='https://paikkatiedot.ymparisto.fi/geoserver/inspire_ef/wfs?request=GetCapabilities' version='auto',Pohjois-Pohjanmaa
694,3473,"5400170","Kalliokoski, konevirtaama",Q,Virtaama,"54.043",Lopetettu,,,7075638,446974,Hydrologiset havaintopaikat virtaama Q lopetetut, pagingEnabled='true' preferCoordinatesForWfsT11='false' restrictToRequestBBOX='1' srsname='EPSG:3067' typename='inspire_ef:EF.HydrologisetHavaintopaikat_Virtaama_Q_lopetetut' url='https://paikkatiedot.ymparisto.fi/geoserver/inspire_ef/wfs' url='https://paikkatiedot.ymparisto.fi/geoserver/inspire_ef/wfs?request=GetCapabilities' version='auto',Pohjois-Pohjanmaa
695,3521,"3508350",Pinsiönjoki,Q,Virtaama,"35.517",Lopetettu,15.01.1987,15.09.1988,6831181,311245,Hydrologiset havaintopaikat virtaama Q lopetetut, pagingEnabled='true' preferCoordinatesForWfsT11='false' restrictToRequestBBOX='1' srsname='EPSG:3067' typename='inspire_ef:EF.HydrologisetHavaintopaikat_Virtaama_Q_lopetetut' url='https://paikkatiedot.ymparisto.fi/geoserver/inspire_ef/wfs' url='https://paikkatiedot.ymparisto.fi/geoserver/inspire_ef/wfs?request=GetCapabilities' version='auto',Pirkanmaa
696,3560,"6800500",Karigasniemi,Q,Virtaama,"68.031",Lopetettu,01.01.1961,05.02.1975,7698917,454636,Hydrologiset havaintopaikat virtaama Q lopetetut, pagingEnabled='true' preferCoordinatesForWfsT11='false' restrictToRequestBBOX='1' srsname='EPSG:3067' typename='inspire_ef:EF.HydrologisetHavaintopaikat_Virtaama_Q_lopetetut' url='https://paikkatiedot.ymparisto.fi/geoserver/inspire_ef/wfs' url='https://paikkatiedot.ymparisto.fi/geoserver/inspire_ef/wfs?request=GetCapabilities' version='auto',
697,3571,"1410390",Pernoonkoski+Hirvikoski,Q,Virtaama,"14.111",Lopetettu,01.01.1900,31.12.1955,6717112,487937,Hydrologiset havaintopaikat virtaama Q lopetetut, pagingEnabled='true' preferCoordinatesForWfsT11='false' restrictToRequestBBOX='1' srsname='EPSG:3067' typename='inspire_ef:EF.HydrologisetHavaintopaikat_Virtaama_Q_lopetetut' url='https://paikkatiedot.ymparisto.fi/geoserver/inspire_ef/wfs' url='https://paikkatiedot.ymparisto.fi/geoserver/inspire_ef/wfs?request=GetCapabilities' version='auto',Kymenlaakso
698,3576,"6000400",Haukipudas,Q,Virtaama,"60.011",Lopetettu,22.10.1911,31.12.1976,7230952,425426,Hydrologiset havaintopaikat virtaama Q lopetetut, pagingEnabled='true' preferCoordinatesForWfsT11='false' restrictToRequestBBOX='1' srsname='EPSG:3067' typename='inspire_ef:EF.HydrologisetHavaintopaikat_Virtaama_Q_lopetetut' url='https://paikkatiedot.ymparisto.fi/geoserver/inspire_ef/wfs' url='https://paikkatiedot.ymparisto.fi/geoserver/inspire_ef/wfs?request=GetCapabilities' version='auto',Pohjois-Pohjanmaa
699,3590,"4200610","Kyrönjoki, Hanhikoski, vanha asema",Q,Virtaama,"42.023",Lopetettu,01.01.1912,31.12.1918,6988362,282832,Hydrologiset havaintopaikat virtaama Q lopetetut, pagingEnabled='true' preferCoordinatesForWfsT11='false' restrictToRequestBBOX='1' srsname='EPSG:3067' typename='inspire_ef:EF.HydrologisetHavaintopaikat_Virtaama_Q_lopetetut' url='https://paikkatiedot.ymparisto.fi/geoserver/inspire_ef/wfs' url='https://paikkatiedot.ymparisto.fi/geoserver/inspire_ef/wfs?request=GetCapabilities' version='auto',Etelä-Pohjanmaa
700,3814,"2701400",Paimion Vähäjoki,Q,Virtaama,"27.014",Lopetettu,24.01.2020,13.10.2025,6710588,262735,Hydrologiset havaintopaikat virtaama Q lopetetut, pagingEnabled='true' preferCoordinatesForWfsT11='false' restrictToRequestBBOX='1' srsname='EPSG:3067' typename='inspire_ef:EF.HydrologisetHavaintopaikat_Virtaama_Q_lopetetut' url='https://paikkatiedot.ymparisto.fi/geoserver/inspire_ef/wfs' url='https://paikkatiedot.ymparisto.fi/geoserver/inspire_ef/wfs?request=GetCapabilities' version='auto',Varsinais-Suomi
701,3861,"4200435","Jouttikoski, Testiasema",Q,Virtaama,"42.072",Lopetettu,07.04.2021,05.05.2021,6954984,288756,Hydrologiset havaintopaikat virtaama Q lopetetut, pagingEnabled='true' preferCoordinatesForWfsT11='false' restrictToRequestBBOX='1' srsname='EPSG:3067' typename='inspire_ef:EF.HydrologisetHavaintopaikat_Virtaama_Q_lopetetut' url='https://paikkatiedot.ymparisto.fi/geoserver/inspire_ef/wfs' url='https://paikkatiedot.ymparisto.fi/geoserver/inspire_ef/wfs?request=GetCapabilities' version='auto',Etelä-Pohjanmaa
